[2024-08-30 15:10:28] local.ERROR: Command "make:api" is not defined.

Did you mean one of these?
    make:cast
    make:channel
    make:command
    make:component
    make:controller
    make:event
    make:exception
    make:factory
    make:job
    make:listener
    make:mail
    make:middleware
    make:migration
    make:model
    make:notification
    make:observer
    make:policy
    make:provider
    make:request
    make:resource
    make:rule
    make:scope
    make:seeder
    make:test {"exception":"[object] (Symfony\\Component\\Console\\Exception\\CommandNotFoundException(code: 0): Command \"make:api\" is not defined.

Did you mean one of these?
    make:cast
    make:channel
    make:command
    make:component
    make:controller
    make:event
    make:exception
    make:factory
    make:job
    make:listener
    make:mail
    make:middleware
    make:migration
    make:model
    make:notification
    make:observer
    make:policy
    make:provider
    make:request
    make:resource
    make:rule
    make:scope
    make:seeder
    make:test at C:\\xampp\\htdocs\\LARAVEL\\API-CRUD-APP\\vendor\\symfony\\console\\Application.php:694)
[stacktrace]
#0 C:\\xampp\\htdocs\\LARAVEL\\API-CRUD-APP\\vendor\\symfony\\console\\Application.php(259): Symfony\\Component\\Console\\Application->find('make:api')
#1 C:\\xampp\\htdocs\\LARAVEL\\API-CRUD-APP\\vendor\\symfony\\console\\Application.php(171): Symfony\\Component\\Console\\Application->doRun(Object(Symfony\\Component\\Console\\Input\\ArgvInput), Object(Symfony\\Component\\Console\\Output\\ConsoleOutput))
#2 C:\\xampp\\htdocs\\LARAVEL\\API-CRUD-APP\\vendor\\laravel\\framework\\src\\Illuminate\\Console\\Application.php(102): Symfony\\Component\\Console\\Application->run(Object(Symfony\\Component\\Console\\Input\\ArgvInput), Object(Symfony\\Component\\Console\\Output\\ConsoleOutput))
#3 C:\\xampp\\htdocs\\LARAVEL\\API-CRUD-APP\\vendor\\laravel\\framework\\src\\Illuminate\\Foundation\\Console\\Kernel.php(155): Illuminate\\Console\\Application->run(Object(Symfony\\Component\\Console\\Input\\ArgvInput), Object(Symfony\\Component\\Console\\Output\\ConsoleOutput))
#4 C:\\xampp\\htdocs\\LARAVEL\\API-CRUD-APP\\artisan(37): Illuminate\\Foundation\\Console\\Kernel->handle(Object(Symfony\\Component\\Console\\Input\\ArgvInput), Object(Symfony\\Component\\Console\\Output\\ConsoleOutput))
#5 {main}
"} 
[2024-08-30 15:11:03] local.ERROR: Command "make:apiResource" is not defined.

Did you mean one of these?
    make:cast
    make:channel
    make:command
    make:component
    make:controller
    make:event
    make:exception
    make:factory
    make:job
    make:listener
    make:mail
    make:middleware
    make:migration
    make:model
    make:notification
    make:observer
    make:policy
    make:provider
    make:request
    make:resource
    make:rule
    make:scope
    make:seeder
    make:test {"exception":"[object] (Symfony\\Component\\Console\\Exception\\CommandNotFoundException(code: 0): Command \"make:apiResource\" is not defined.

Did you mean one of these?
    make:cast
    make:channel
    make:command
    make:component
    make:controller
    make:event
    make:exception
    make:factory
    make:job
    make:listener
    make:mail
    make:middleware
    make:migration
    make:model
    make:notification
    make:observer
    make:policy
    make:provider
    make:request
    make:resource
    make:rule
    make:scope
    make:seeder
    make:test at C:\\xampp\\htdocs\\LARAVEL\\API-CRUD-APP\\vendor\\symfony\\console\\Application.php:694)
[stacktrace]
#0 C:\\xampp\\htdocs\\LARAVEL\\API-CRUD-APP\\vendor\\symfony\\console\\Application.php(259): Symfony\\Component\\Console\\Application->find('make:apiResourc...')
#1 C:\\xampp\\htdocs\\LARAVEL\\API-CRUD-APP\\vendor\\symfony\\console\\Application.php(171): Symfony\\Component\\Console\\Application->doRun(Object(Symfony\\Component\\Console\\Input\\ArgvInput), Object(Symfony\\Component\\Console\\Output\\ConsoleOutput))
#2 C:\\xampp\\htdocs\\LARAVEL\\API-CRUD-APP\\vendor\\laravel\\framework\\src\\Illuminate\\Console\\Application.php(102): Symfony\\Component\\Console\\Application->run(Object(Symfony\\Component\\Console\\Input\\ArgvInput), Object(Symfony\\Component\\Console\\Output\\ConsoleOutput))
#3 C:\\xampp\\htdocs\\LARAVEL\\API-CRUD-APP\\vendor\\laravel\\framework\\src\\Illuminate\\Foundation\\Console\\Kernel.php(155): Illuminate\\Console\\Application->run(Object(Symfony\\Component\\Console\\Input\\ArgvInput), Object(Symfony\\Component\\Console\\Output\\ConsoleOutput))
#4 C:\\xampp\\htdocs\\LARAVEL\\API-CRUD-APP\\artisan(37): Illuminate\\Foundation\\Console\\Kernel->handle(Object(Symfony\\Component\\Console\\Input\\ArgvInput), Object(Symfony\\Component\\Console\\Output\\ConsoleOutput))
#5 {main}
"} 
[2024-08-30 15:11:14] local.ERROR: Command "make:--apiResource" is not defined.

Did you mean one of these?
    make:cast
    make:channel
    make:command
    make:component
    make:controller
    make:event
    make:exception
    make:factory
    make:job
    make:listener
    make:mail
    make:middleware
    make:migration
    make:model
    make:notification
    make:observer
    make:policy
    make:provider
    make:request
    make:resource
    make:rule
    make:scope
    make:seeder
    make:test {"exception":"[object] (Symfony\\Component\\Console\\Exception\\CommandNotFoundException(code: 0): Command \"make:--apiResource\" is not defined.

Did you mean one of these?
    make:cast
    make:channel
    make:command
    make:component
    make:controller
    make:event
    make:exception
    make:factory
    make:job
    make:listener
    make:mail
    make:middleware
    make:migration
    make:model
    make:notification
    make:observer
    make:policy
    make:provider
    make:request
    make:resource
    make:rule
    make:scope
    make:seeder
    make:test at C:\\xampp\\htdocs\\LARAVEL\\API-CRUD-APP\\vendor\\symfony\\console\\Application.php:694)
[stacktrace]
#0 C:\\xampp\\htdocs\\LARAVEL\\API-CRUD-APP\\vendor\\symfony\\console\\Application.php(259): Symfony\\Component\\Console\\Application->find('make:--apiResou...')
#1 C:\\xampp\\htdocs\\LARAVEL\\API-CRUD-APP\\vendor\\symfony\\console\\Application.php(171): Symfony\\Component\\Console\\Application->doRun(Object(Symfony\\Component\\Console\\Input\\ArgvInput), Object(Symfony\\Component\\Console\\Output\\ConsoleOutput))
#2 C:\\xampp\\htdocs\\LARAVEL\\API-CRUD-APP\\vendor\\laravel\\framework\\src\\Illuminate\\Console\\Application.php(102): Symfony\\Component\\Console\\Application->run(Object(Symfony\\Component\\Console\\Input\\ArgvInput), Object(Symfony\\Component\\Console\\Output\\ConsoleOutput))
#3 C:\\xampp\\htdocs\\LARAVEL\\API-CRUD-APP\\vendor\\laravel\\framework\\src\\Illuminate\\Foundation\\Console\\Kernel.php(155): Illuminate\\Console\\Application->run(Object(Symfony\\Component\\Console\\Input\\ArgvInput), Object(Symfony\\Component\\Console\\Output\\ConsoleOutput))
#4 C:\\xampp\\htdocs\\LARAVEL\\API-CRUD-APP\\artisan(37): Illuminate\\Foundation\\Console\\Kernel->handle(Object(Symfony\\Component\\Console\\Input\\ArgvInput), Object(Symfony\\Component\\Console\\Output\\ConsoleOutput))
#5 {main}
"} 
[2024-08-30 15:11:35] local.ERROR: Command "make:" is ambiguous.
Did you mean one of these?
    make:cast         Create a new custom Eloquent cast class
    make:channel      Create a new channel class
    make:component    Create a new view component class
    make:command      Create a new Artisan command
    make:controller   Create a new controller class
    make:event        Create a new event class
    make:exception    Create a new custom exception class
    make:factory      Create a new model factory
    make:job          Create a new job class
    make:listener     Create a new event listener class
    make:mail         Create a new email class
    make:middleware   Create a new middleware class
    make:model        Create a new Eloquent model class
    make:notification Create a new notification class
    make:observer     Create a new observer class
    make:policy       Create a new policy class
    make:provider     Create a new service provider class
    make:request      Create a new form request class
    make:resource     Create a new resource
    make:rule         Create a new validation rule
    make:scope        Create a new scope class
    make:seeder       Create a new seeder class
    make:test         Create a new test class
    make:migration    Create a new migration file. {"exception":"[object] (Symfony\\Component\\Console\\Exception\\CommandNotFoundException(code: 0): Command \"make:\" is ambiguous.
Did you mean one of these?
    make:cast         Create a new custom Eloquent cast class
    make:channel      Create a new channel class
    make:component    Create a new view component class
    make:command      Create a new Artisan command
    make:controller   Create a new controller class
    make:event        Create a new event class
    make:exception    Create a new custom exception class
    make:factory      Create a new model factory
    make:job          Create a new job class
    make:listener     Create a new event listener class
    make:mail         Create a new email class
    make:middleware   Create a new middleware class
    make:model        Create a new Eloquent model class
    make:notification Create a new notification class
    make:observer     Create a new observer class
    make:policy       Create a new policy class
    make:provider     Create a new service provider class
    make:request      Create a new form request class
    make:resource     Create a new resource
    make:rule         Create a new validation rule
    make:scope        Create a new scope class
    make:seeder       Create a new seeder class
    make:test         Create a new test class
    make:migration    Create a new migration file. at C:\\xampp\\htdocs\\LARAVEL\\API-CRUD-APP\\vendor\\symfony\\console\\Application.php:735)
[stacktrace]
#0 C:\\xampp\\htdocs\\LARAVEL\\API-CRUD-APP\\vendor\\symfony\\console\\Application.php(259): Symfony\\Component\\Console\\Application->find('make:')
#1 C:\\xampp\\htdocs\\LARAVEL\\API-CRUD-APP\\vendor\\symfony\\console\\Application.php(171): Symfony\\Component\\Console\\Application->doRun(Object(Symfony\\Component\\Console\\Input\\ArgvInput), Object(Symfony\\Component\\Console\\Output\\ConsoleOutput))
#2 C:\\xampp\\htdocs\\LARAVEL\\API-CRUD-APP\\vendor\\laravel\\framework\\src\\Illuminate\\Console\\Application.php(102): Symfony\\Component\\Console\\Application->run(Object(Symfony\\Component\\Console\\Input\\ArgvInput), Object(Symfony\\Component\\Console\\Output\\ConsoleOutput))
#3 C:\\xampp\\htdocs\\LARAVEL\\API-CRUD-APP\\vendor\\laravel\\framework\\src\\Illuminate\\Foundation\\Console\\Kernel.php(155): Illuminate\\Console\\Application->run(Object(Symfony\\Component\\Console\\Input\\ArgvInput), Object(Symfony\\Component\\Console\\Output\\ConsoleOutput))
#4 C:\\xampp\\htdocs\\LARAVEL\\API-CRUD-APP\\artisan(37): Illuminate\\Foundation\\Console\\Kernel->handle(Object(Symfony\\Component\\Console\\Input\\ArgvInput), Object(Symfony\\Component\\Console\\Output\\ConsoleOutput))
#5 {main}
"} 
[2024-08-30 15:39:04] local.ERROR: Command "make:view" is not defined.

Did you mean one of these?
    make:cast
    make:channel
    make:command
    make:component
    make:controller
    make:event
    make:exception
    make:factory
    make:job
    make:listener
    make:mail
    make:middleware
    make:migration
    make:model
    make:notification
    make:observer
    make:policy
    make:provider
    make:request
    make:resource
    make:rule
    make:scope
    make:seeder
    make:test {"exception":"[object] (Symfony\\Component\\Console\\Exception\\CommandNotFoundException(code: 0): Command \"make:view\" is not defined.

Did you mean one of these?
    make:cast
    make:channel
    make:command
    make:component
    make:controller
    make:event
    make:exception
    make:factory
    make:job
    make:listener
    make:mail
    make:middleware
    make:migration
    make:model
    make:notification
    make:observer
    make:policy
    make:provider
    make:request
    make:resource
    make:rule
    make:scope
    make:seeder
    make:test at C:\\xampp\\htdocs\\LARAVEL\\API-CRUD-APP\\vendor\\symfony\\console\\Application.php:694)
[stacktrace]
#0 C:\\xampp\\htdocs\\LARAVEL\\API-CRUD-APP\\vendor\\symfony\\console\\Application.php(259): Symfony\\Component\\Console\\Application->find('make:view')
#1 C:\\xampp\\htdocs\\LARAVEL\\API-CRUD-APP\\vendor\\symfony\\console\\Application.php(171): Symfony\\Component\\Console\\Application->doRun(Object(Symfony\\Component\\Console\\Input\\ArgvInput), Object(Symfony\\Component\\Console\\Output\\ConsoleOutput))
#2 C:\\xampp\\htdocs\\LARAVEL\\API-CRUD-APP\\vendor\\laravel\\framework\\src\\Illuminate\\Console\\Application.php(102): Symfony\\Component\\Console\\Application->run(Object(Symfony\\Component\\Console\\Input\\ArgvInput), Object(Symfony\\Component\\Console\\Output\\ConsoleOutput))
#3 C:\\xampp\\htdocs\\LARAVEL\\API-CRUD-APP\\vendor\\laravel\\framework\\src\\Illuminate\\Foundation\\Console\\Kernel.php(155): Illuminate\\Console\\Application->run(Object(Symfony\\Component\\Console\\Input\\ArgvInput), Object(Symfony\\Component\\Console\\Output\\ConsoleOutput))
#4 C:\\xampp\\htdocs\\LARAVEL\\API-CRUD-APP\\artisan(37): Illuminate\\Foundation\\Console\\Kernel->handle(Object(Symfony\\Component\\Console\\Input\\ArgvInput), Object(Symfony\\Component\\Console\\Output\\ConsoleOutput))
#5 {main}
"} 
[2024-08-30 15:43:02] local.ERROR: There are no commands defined in the "install" namespace. {"exception":"[object] (Symfony\\Component\\Console\\Exception\\NamespaceNotFoundException(code: 0): There are no commands defined in the \"install\" namespace. at C:\\xampp\\htdocs\\LARAVEL\\API-CRUD-APP\\vendor\\symfony\\console\\Application.php:624)
[stacktrace]
#0 C:\\xampp\\htdocs\\LARAVEL\\API-CRUD-APP\\vendor\\symfony\\console\\Application.php(675): Symfony\\Component\\Console\\Application->findNamespace('install')
#1 C:\\xampp\\htdocs\\LARAVEL\\API-CRUD-APP\\vendor\\symfony\\console\\Application.php(259): Symfony\\Component\\Console\\Application->find('install:api')
#2 C:\\xampp\\htdocs\\LARAVEL\\API-CRUD-APP\\vendor\\symfony\\console\\Application.php(171): Symfony\\Component\\Console\\Application->doRun(Object(Symfony\\Component\\Console\\Input\\ArgvInput), Object(Symfony\\Component\\Console\\Output\\ConsoleOutput))
#3 C:\\xampp\\htdocs\\LARAVEL\\API-CRUD-APP\\vendor\\laravel\\framework\\src\\Illuminate\\Console\\Application.php(102): Symfony\\Component\\Console\\Application->run(Object(Symfony\\Component\\Console\\Input\\ArgvInput), Object(Symfony\\Component\\Console\\Output\\ConsoleOutput))
#4 C:\\xampp\\htdocs\\LARAVEL\\API-CRUD-APP\\vendor\\laravel\\framework\\src\\Illuminate\\Foundation\\Console\\Kernel.php(155): Illuminate\\Console\\Application->run(Object(Symfony\\Component\\Console\\Input\\ArgvInput), Object(Symfony\\Component\\Console\\Output\\ConsoleOutput))
#5 C:\\xampp\\htdocs\\LARAVEL\\API-CRUD-APP\\artisan(37): Illuminate\\Foundation\\Console\\Kernel->handle(Object(Symfony\\Component\\Console\\Input\\ArgvInput), Object(Symfony\\Component\\Console\\Output\\ConsoleOutput))
#6 {main}
"} 
[2024-08-30 16:08:53] local.ERROR: Command "route" is not defined.

Did you mean one of these?
    route:cache
    route:clear
    route:list {"exception":"[object] (Symfony\\Component\\Console\\Exception\\CommandNotFoundException(code: 0): Command \"route\" is not defined.

Did you mean one of these?
    route:cache
    route:clear
    route:list at C:\\xampp\\htdocs\\LARAVEL\\API-CRUD-APP\\vendor\\symfony\\console\\Application.php:694)
[stacktrace]
#0 C:\\xampp\\htdocs\\LARAVEL\\API-CRUD-APP\\vendor\\symfony\\console\\Application.php(259): Symfony\\Component\\Console\\Application->find('route')
#1 C:\\xampp\\htdocs\\LARAVEL\\API-CRUD-APP\\vendor\\symfony\\console\\Application.php(171): Symfony\\Component\\Console\\Application->doRun(Object(Symfony\\Component\\Console\\Input\\ArgvInput), Object(Symfony\\Component\\Console\\Output\\ConsoleOutput))
#2 C:\\xampp\\htdocs\\LARAVEL\\API-CRUD-APP\\vendor\\laravel\\framework\\src\\Illuminate\\Console\\Application.php(102): Symfony\\Component\\Console\\Application->run(Object(Symfony\\Component\\Console\\Input\\ArgvInput), Object(Symfony\\Component\\Console\\Output\\ConsoleOutput))
#3 C:\\xampp\\htdocs\\LARAVEL\\API-CRUD-APP\\vendor\\laravel\\framework\\src\\Illuminate\\Foundation\\Console\\Kernel.php(155): Illuminate\\Console\\Application->run(Object(Symfony\\Component\\Console\\Input\\ArgvInput), Object(Symfony\\Component\\Console\\Output\\ConsoleOutput))
#4 C:\\xampp\\htdocs\\LARAVEL\\API-CRUD-APP\\artisan(37): Illuminate\\Foundation\\Console\\Kernel->handle(Object(Symfony\\Component\\Console\\Input\\ArgvInput), Object(Symfony\\Component\\Console\\Output\\ConsoleOutput))
#5 {main}
"} 
[2024-08-30 16:20:16] local.ERROR: Call to undefined method Illuminate\Database\Eloquent\Builder::all() {"exception":"[object] (BadMethodCallException(code: 0): Call to undefined method Illuminate\\Database\\Eloquent\\Builder::all() at C:\\xampp\\htdocs\\LARAVEL\\API-CRUD-APP\\vendor\\laravel\\framework\\src\\Illuminate\\Support\\Traits\\ForwardsCalls.php:71)
[stacktrace]
#0 C:\\xampp\\htdocs\\LARAVEL\\API-CRUD-APP\\vendor\\laravel\\framework\\src\\Illuminate\\Support\\Traits\\ForwardsCalls.php(36): Illuminate\\Database\\Eloquent\\Builder::throwBadMethodCallException('all')
#1 C:\\xampp\\htdocs\\LARAVEL\\API-CRUD-APP\\vendor\\laravel\\framework\\src\\Illuminate\\Database\\Eloquent\\Builder.php(1872): Illuminate\\Database\\Eloquent\\Builder->forwardCallTo(Object(Illuminate\\Database\\Query\\Builder), 'all', Array)
#2 C:\\xampp\\htdocs\\LARAVEL\\API-CRUD-APP\\app\\Http\\Controllers\\StudentsController.php(18): Illuminate\\Database\\Eloquent\\Builder->__call('all', Array)
#3 C:\\xampp\\htdocs\\LARAVEL\\API-CRUD-APP\\vendor\\laravel\\framework\\src\\Illuminate\\Routing\\Controller.php(54): App\\Http\\Controllers\\StudentsController->index()
#4 C:\\xampp\\htdocs\\LARAVEL\\API-CRUD-APP\\vendor\\laravel\\framework\\src\\Illuminate\\Routing\\ControllerDispatcher.php(43): Illuminate\\Routing\\Controller->callAction('index', Array)
#5 C:\\xampp\\htdocs\\LARAVEL\\API-CRUD-APP\\vendor\\laravel\\framework\\src\\Illuminate\\Routing\\Route.php(260): Illuminate\\Routing\\ControllerDispatcher->dispatch(Object(Illuminate\\Routing\\Route), Object(App\\Http\\Controllers\\StudentsController), 'index')
#6 C:\\xampp\\htdocs\\LARAVEL\\API-CRUD-APP\\vendor\\laravel\\framework\\src\\Illuminate\\Routing\\Route.php(205): Illuminate\\Routing\\Route->runController()
#7 C:\\xampp\\htdocs\\LARAVEL\\API-CRUD-APP\\vendor\\laravel\\framework\\src\\Illuminate\\Routing\\Router.php(798): Illuminate\\Routing\\Route->run()
#8 C:\\xampp\\htdocs\\LARAVEL\\API-CRUD-APP\\vendor\\laravel\\framework\\src\\Illuminate\\Pipeline\\Pipeline.php(141): Illuminate\\Routing\\Router->Illuminate\\Routing\\{closure}(Object(Illuminate\\Http\\Request))
#9 C:\\xampp\\htdocs\\LARAVEL\\API-CRUD-APP\\vendor\\laravel\\framework\\src\\Illuminate\\Routing\\Middleware\\SubstituteBindings.php(50): Illuminate\\Pipeline\\Pipeline->Illuminate\\Pipeline\\{closure}(Object(Illuminate\\Http\\Request))
#10 C:\\xampp\\htdocs\\LARAVEL\\API-CRUD-APP\\vendor\\laravel\\framework\\src\\Illuminate\\Pipeline\\Pipeline.php(180): Illuminate\\Routing\\Middleware\\SubstituteBindings->handle(Object(Illuminate\\Http\\Request), Object(Closure))
#11 C:\\xampp\\htdocs\\LARAVEL\\API-CRUD-APP\\vendor\\laravel\\framework\\src\\Illuminate\\Routing\\Middleware\\ThrottleRequests.php(126): Illuminate\\Pipeline\\Pipeline->Illuminate\\Pipeline\\{closure}(Object(Illuminate\\Http\\Request))
#12 C:\\xampp\\htdocs\\LARAVEL\\API-CRUD-APP\\vendor\\laravel\\framework\\src\\Illuminate\\Routing\\Middleware\\ThrottleRequests.php(102): Illuminate\\Routing\\Middleware\\ThrottleRequests->handleRequest(Object(Illuminate\\Http\\Request), Object(Closure), Array)
#13 C:\\xampp\\htdocs\\LARAVEL\\API-CRUD-APP\\vendor\\laravel\\framework\\src\\Illuminate\\Routing\\Middleware\\ThrottleRequests.php(54): Illuminate\\Routing\\Middleware\\ThrottleRequests->handleRequestUsingNamedLimiter(Object(Illuminate\\Http\\Request), Object(Closure), 'api', Object(Closure))
#14 C:\\xampp\\htdocs\\LARAVEL\\API-CRUD-APP\\vendor\\laravel\\framework\\src\\Illuminate\\Pipeline\\Pipeline.php(180): Illuminate\\Routing\\Middleware\\ThrottleRequests->handle(Object(Illuminate\\Http\\Request), Object(Closure), 'api')
#15 C:\\xampp\\htdocs\\LARAVEL\\API-CRUD-APP\\vendor\\laravel\\framework\\src\\Illuminate\\Pipeline\\Pipeline.php(116): Illuminate\\Pipeline\\Pipeline->Illuminate\\Pipeline\\{closure}(Object(Illuminate\\Http\\Request))
#16 C:\\xampp\\htdocs\\LARAVEL\\API-CRUD-APP\\vendor\\laravel\\framework\\src\\Illuminate\\Routing\\Router.php(799): Illuminate\\Pipeline\\Pipeline->then(Object(Closure))
#17 C:\\xampp\\htdocs\\LARAVEL\\API-CRUD-APP\\vendor\\laravel\\framework\\src\\Illuminate\\Routing\\Router.php(776): Illuminate\\Routing\\Router->runRouteWithinStack(Object(Illuminate\\Routing\\Route), Object(Illuminate\\Http\\Request))
#18 C:\\xampp\\htdocs\\LARAVEL\\API-CRUD-APP\\vendor\\laravel\\framework\\src\\Illuminate\\Routing\\Router.php(740): Illuminate\\Routing\\Router->runRoute(Object(Illuminate\\Http\\Request), Object(Illuminate\\Routing\\Route))
#19 C:\\xampp\\htdocs\\LARAVEL\\API-CRUD-APP\\vendor\\laravel\\framework\\src\\Illuminate\\Routing\\Router.php(729): Illuminate\\Routing\\Router->dispatchToRoute(Object(Illuminate\\Http\\Request))
#20 C:\\xampp\\htdocs\\LARAVEL\\API-CRUD-APP\\vendor\\laravel\\framework\\src\\Illuminate\\Foundation\\Http\\Kernel.php(190): Illuminate\\Routing\\Router->dispatch(Object(Illuminate\\Http\\Request))
#21 C:\\xampp\\htdocs\\LARAVEL\\API-CRUD-APP\\vendor\\laravel\\framework\\src\\Illuminate\\Pipeline\\Pipeline.php(141): Illuminate\\Foundation\\Http\\Kernel->Illuminate\\Foundation\\Http\\{closure}(Object(Illuminate\\Http\\Request))
#22 C:\\xampp\\htdocs\\LARAVEL\\API-CRUD-APP\\vendor\\laravel\\framework\\src\\Illuminate\\Foundation\\Http\\Middleware\\TransformsRequest.php(21): Illuminate\\Pipeline\\Pipeline->Illuminate\\Pipeline\\{closure}(Object(Illuminate\\Http\\Request))
#23 C:\\xampp\\htdocs\\LARAVEL\\API-CRUD-APP\\vendor\\laravel\\framework\\src\\Illuminate\\Foundation\\Http\\Middleware\\ConvertEmptyStringsToNull.php(31): Illuminate\\Foundation\\Http\\Middleware\\TransformsRequest->handle(Object(Illuminate\\Http\\Request), Object(Closure))
#24 C:\\xampp\\htdocs\\LARAVEL\\API-CRUD-APP\\vendor\\laravel\\framework\\src\\Illuminate\\Pipeline\\Pipeline.php(180): Illuminate\\Foundation\\Http\\Middleware\\ConvertEmptyStringsToNull->handle(Object(Illuminate\\Http\\Request), Object(Closure))
#25 C:\\xampp\\htdocs\\LARAVEL\\API-CRUD-APP\\vendor\\laravel\\framework\\src\\Illuminate\\Foundation\\Http\\Middleware\\TransformsRequest.php(21): Illuminate\\Pipeline\\Pipeline->Illuminate\\Pipeline\\{closure}(Object(Illuminate\\Http\\Request))
#26 C:\\xampp\\htdocs\\LARAVEL\\API-CRUD-APP\\vendor\\laravel\\framework\\src\\Illuminate\\Foundation\\Http\\Middleware\\TrimStrings.php(40): Illuminate\\Foundation\\Http\\Middleware\\TransformsRequest->handle(Object(Illuminate\\Http\\Request), Object(Closure))
#27 C:\\xampp\\htdocs\\LARAVEL\\API-CRUD-APP\\vendor\\laravel\\framework\\src\\Illuminate\\Pipeline\\Pipeline.php(180): Illuminate\\Foundation\\Http\\Middleware\\TrimStrings->handle(Object(Illuminate\\Http\\Request), Object(Closure))
#28 C:\\xampp\\htdocs\\LARAVEL\\API-CRUD-APP\\vendor\\laravel\\framework\\src\\Illuminate\\Foundation\\Http\\Middleware\\ValidatePostSize.php(27): Illuminate\\Pipeline\\Pipeline->Illuminate\\Pipeline\\{closure}(Object(Illuminate\\Http\\Request))
#29 C:\\xampp\\htdocs\\LARAVEL\\API-CRUD-APP\\vendor\\laravel\\framework\\src\\Illuminate\\Pipeline\\Pipeline.php(180): Illuminate\\Foundation\\Http\\Middleware\\ValidatePostSize->handle(Object(Illuminate\\Http\\Request), Object(Closure))
#30 C:\\xampp\\htdocs\\LARAVEL\\API-CRUD-APP\\vendor\\laravel\\framework\\src\\Illuminate\\Foundation\\Http\\Middleware\\PreventRequestsDuringMaintenance.php(86): Illuminate\\Pipeline\\Pipeline->Illuminate\\Pipeline\\{closure}(Object(Illuminate\\Http\\Request))
#31 C:\\xampp\\htdocs\\LARAVEL\\API-CRUD-APP\\vendor\\laravel\\framework\\src\\Illuminate\\Pipeline\\Pipeline.php(180): Illuminate\\Foundation\\Http\\Middleware\\PreventRequestsDuringMaintenance->handle(Object(Illuminate\\Http\\Request), Object(Closure))
#32 C:\\xampp\\htdocs\\LARAVEL\\API-CRUD-APP\\vendor\\laravel\\framework\\src\\Illuminate\\Http\\Middleware\\HandleCors.php(62): Illuminate\\Pipeline\\Pipeline->Illuminate\\Pipeline\\{closure}(Object(Illuminate\\Http\\Request))
#33 C:\\xampp\\htdocs\\LARAVEL\\API-CRUD-APP\\vendor\\laravel\\framework\\src\\Illuminate\\Pipeline\\Pipeline.php(180): Illuminate\\Http\\Middleware\\HandleCors->handle(Object(Illuminate\\Http\\Request), Object(Closure))
#34 C:\\xampp\\htdocs\\LARAVEL\\API-CRUD-APP\\vendor\\laravel\\framework\\src\\Illuminate\\Http\\Middleware\\TrustProxies.php(39): Illuminate\\Pipeline\\Pipeline->Illuminate\\Pipeline\\{closure}(Object(Illuminate\\Http\\Request))
#35 C:\\xampp\\htdocs\\LARAVEL\\API-CRUD-APP\\vendor\\laravel\\framework\\src\\Illuminate\\Pipeline\\Pipeline.php(180): Illuminate\\Http\\Middleware\\TrustProxies->handle(Object(Illuminate\\Http\\Request), Object(Closure))
#36 C:\\xampp\\htdocs\\LARAVEL\\API-CRUD-APP\\vendor\\laravel\\framework\\src\\Illuminate\\Pipeline\\Pipeline.php(116): Illuminate\\Pipeline\\Pipeline->Illuminate\\Pipeline\\{closure}(Object(Illuminate\\Http\\Request))
#37 C:\\xampp\\htdocs\\LARAVEL\\API-CRUD-APP\\vendor\\laravel\\framework\\src\\Illuminate\\Foundation\\Http\\Kernel.php(165): Illuminate\\Pipeline\\Pipeline->then(Object(Closure))
#38 C:\\xampp\\htdocs\\LARAVEL\\API-CRUD-APP\\vendor\\laravel\\framework\\src\\Illuminate\\Foundation\\Http\\Kernel.php(134): Illuminate\\Foundation\\Http\\Kernel->sendRequestThroughRouter(Object(Illuminate\\Http\\Request))
#39 C:\\xampp\\htdocs\\LARAVEL\\API-CRUD-APP\\public\\index.php(52): Illuminate\\Foundation\\Http\\Kernel->handle(Object(Illuminate\\Http\\Request))
#40 C:\\xampp\\htdocs\\LARAVEL\\API-CRUD-APP\\vendor\\laravel\\framework\\src\\Illuminate\\Foundation\\resources\\server.php(16): require_once('C:\\\\xampp\\\\htdocs...')
#41 {main}
"} 
[2024-08-30 16:25:56] local.ERROR: Call to undefined method Illuminate\Database\Eloquent\Builder::all() {"exception":"[object] (BadMethodCallException(code: 0): Call to undefined method Illuminate\\Database\\Eloquent\\Builder::all() at C:\\xampp\\htdocs\\LARAVEL\\API-CRUD-APP\\vendor\\laravel\\framework\\src\\Illuminate\\Support\\Traits\\ForwardsCalls.php:71)
[stacktrace]
#0 C:\\xampp\\htdocs\\LARAVEL\\API-CRUD-APP\\vendor\\laravel\\framework\\src\\Illuminate\\Support\\Traits\\ForwardsCalls.php(36): Illuminate\\Database\\Eloquent\\Builder::throwBadMethodCallException('all')
#1 C:\\xampp\\htdocs\\LARAVEL\\API-CRUD-APP\\vendor\\laravel\\framework\\src\\Illuminate\\Database\\Eloquent\\Builder.php(1872): Illuminate\\Database\\Eloquent\\Builder->forwardCallTo(Object(Illuminate\\Database\\Query\\Builder), 'all', Array)
#2 C:\\xampp\\htdocs\\LARAVEL\\API-CRUD-APP\\app\\Http\\Controllers\\StudentsController.php(31): Illuminate\\Database\\Eloquent\\Builder->__call('all', Array)
#3 C:\\xampp\\htdocs\\LARAVEL\\API-CRUD-APP\\vendor\\laravel\\framework\\src\\Illuminate\\Routing\\Controller.php(54): App\\Http\\Controllers\\StudentsController->show('1')
#4 C:\\xampp\\htdocs\\LARAVEL\\API-CRUD-APP\\vendor\\laravel\\framework\\src\\Illuminate\\Routing\\ControllerDispatcher.php(43): Illuminate\\Routing\\Controller->callAction('show', Array)
#5 C:\\xampp\\htdocs\\LARAVEL\\API-CRUD-APP\\vendor\\laravel\\framework\\src\\Illuminate\\Routing\\Route.php(260): Illuminate\\Routing\\ControllerDispatcher->dispatch(Object(Illuminate\\Routing\\Route), Object(App\\Http\\Controllers\\StudentsController), 'show')
#6 C:\\xampp\\htdocs\\LARAVEL\\API-CRUD-APP\\vendor\\laravel\\framework\\src\\Illuminate\\Routing\\Route.php(205): Illuminate\\Routing\\Route->runController()
#7 C:\\xampp\\htdocs\\LARAVEL\\API-CRUD-APP\\vendor\\laravel\\framework\\src\\Illuminate\\Routing\\Router.php(798): Illuminate\\Routing\\Route->run()
#8 C:\\xampp\\htdocs\\LARAVEL\\API-CRUD-APP\\vendor\\laravel\\framework\\src\\Illuminate\\Pipeline\\Pipeline.php(141): Illuminate\\Routing\\Router->Illuminate\\Routing\\{closure}(Object(Illuminate\\Http\\Request))
#9 C:\\xampp\\htdocs\\LARAVEL\\API-CRUD-APP\\vendor\\laravel\\framework\\src\\Illuminate\\Routing\\Middleware\\SubstituteBindings.php(50): Illuminate\\Pipeline\\Pipeline->Illuminate\\Pipeline\\{closure}(Object(Illuminate\\Http\\Request))
#10 C:\\xampp\\htdocs\\LARAVEL\\API-CRUD-APP\\vendor\\laravel\\framework\\src\\Illuminate\\Pipeline\\Pipeline.php(180): Illuminate\\Routing\\Middleware\\SubstituteBindings->handle(Object(Illuminate\\Http\\Request), Object(Closure))
#11 C:\\xampp\\htdocs\\LARAVEL\\API-CRUD-APP\\vendor\\laravel\\framework\\src\\Illuminate\\Routing\\Middleware\\ThrottleRequests.php(126): Illuminate\\Pipeline\\Pipeline->Illuminate\\Pipeline\\{closure}(Object(Illuminate\\Http\\Request))
#12 C:\\xampp\\htdocs\\LARAVEL\\API-CRUD-APP\\vendor\\laravel\\framework\\src\\Illuminate\\Routing\\Middleware\\ThrottleRequests.php(102): Illuminate\\Routing\\Middleware\\ThrottleRequests->handleRequest(Object(Illuminate\\Http\\Request), Object(Closure), Array)
#13 C:\\xampp\\htdocs\\LARAVEL\\API-CRUD-APP\\vendor\\laravel\\framework\\src\\Illuminate\\Routing\\Middleware\\ThrottleRequests.php(54): Illuminate\\Routing\\Middleware\\ThrottleRequests->handleRequestUsingNamedLimiter(Object(Illuminate\\Http\\Request), Object(Closure), 'api', Object(Closure))
#14 C:\\xampp\\htdocs\\LARAVEL\\API-CRUD-APP\\vendor\\laravel\\framework\\src\\Illuminate\\Pipeline\\Pipeline.php(180): Illuminate\\Routing\\Middleware\\ThrottleRequests->handle(Object(Illuminate\\Http\\Request), Object(Closure), 'api')
#15 C:\\xampp\\htdocs\\LARAVEL\\API-CRUD-APP\\vendor\\laravel\\framework\\src\\Illuminate\\Pipeline\\Pipeline.php(116): Illuminate\\Pipeline\\Pipeline->Illuminate\\Pipeline\\{closure}(Object(Illuminate\\Http\\Request))
#16 C:\\xampp\\htdocs\\LARAVEL\\API-CRUD-APP\\vendor\\laravel\\framework\\src\\Illuminate\\Routing\\Router.php(799): Illuminate\\Pipeline\\Pipeline->then(Object(Closure))
#17 C:\\xampp\\htdocs\\LARAVEL\\API-CRUD-APP\\vendor\\laravel\\framework\\src\\Illuminate\\Routing\\Router.php(776): Illuminate\\Routing\\Router->runRouteWithinStack(Object(Illuminate\\Routing\\Route), Object(Illuminate\\Http\\Request))
#18 C:\\xampp\\htdocs\\LARAVEL\\API-CRUD-APP\\vendor\\laravel\\framework\\src\\Illuminate\\Routing\\Router.php(740): Illuminate\\Routing\\Router->runRoute(Object(Illuminate\\Http\\Request), Object(Illuminate\\Routing\\Route))
#19 C:\\xampp\\htdocs\\LARAVEL\\API-CRUD-APP\\vendor\\laravel\\framework\\src\\Illuminate\\Routing\\Router.php(729): Illuminate\\Routing\\Router->dispatchToRoute(Object(Illuminate\\Http\\Request))
#20 C:\\xampp\\htdocs\\LARAVEL\\API-CRUD-APP\\vendor\\laravel\\framework\\src\\Illuminate\\Foundation\\Http\\Kernel.php(190): Illuminate\\Routing\\Router->dispatch(Object(Illuminate\\Http\\Request))
#21 C:\\xampp\\htdocs\\LARAVEL\\API-CRUD-APP\\vendor\\laravel\\framework\\src\\Illuminate\\Pipeline\\Pipeline.php(141): Illuminate\\Foundation\\Http\\Kernel->Illuminate\\Foundation\\Http\\{closure}(Object(Illuminate\\Http\\Request))
#22 C:\\xampp\\htdocs\\LARAVEL\\API-CRUD-APP\\vendor\\laravel\\framework\\src\\Illuminate\\Foundation\\Http\\Middleware\\TransformsRequest.php(21): Illuminate\\Pipeline\\Pipeline->Illuminate\\Pipeline\\{closure}(Object(Illuminate\\Http\\Request))
#23 C:\\xampp\\htdocs\\LARAVEL\\API-CRUD-APP\\vendor\\laravel\\framework\\src\\Illuminate\\Foundation\\Http\\Middleware\\ConvertEmptyStringsToNull.php(31): Illuminate\\Foundation\\Http\\Middleware\\TransformsRequest->handle(Object(Illuminate\\Http\\Request), Object(Closure))
#24 C:\\xampp\\htdocs\\LARAVEL\\API-CRUD-APP\\vendor\\laravel\\framework\\src\\Illuminate\\Pipeline\\Pipeline.php(180): Illuminate\\Foundation\\Http\\Middleware\\ConvertEmptyStringsToNull->handle(Object(Illuminate\\Http\\Request), Object(Closure))
#25 C:\\xampp\\htdocs\\LARAVEL\\API-CRUD-APP\\vendor\\laravel\\framework\\src\\Illuminate\\Foundation\\Http\\Middleware\\TransformsRequest.php(21): Illuminate\\Pipeline\\Pipeline->Illuminate\\Pipeline\\{closure}(Object(Illuminate\\Http\\Request))
#26 C:\\xampp\\htdocs\\LARAVEL\\API-CRUD-APP\\vendor\\laravel\\framework\\src\\Illuminate\\Foundation\\Http\\Middleware\\TrimStrings.php(40): Illuminate\\Foundation\\Http\\Middleware\\TransformsRequest->handle(Object(Illuminate\\Http\\Request), Object(Closure))
#27 C:\\xampp\\htdocs\\LARAVEL\\API-CRUD-APP\\vendor\\laravel\\framework\\src\\Illuminate\\Pipeline\\Pipeline.php(180): Illuminate\\Foundation\\Http\\Middleware\\TrimStrings->handle(Object(Illuminate\\Http\\Request), Object(Closure))
#28 C:\\xampp\\htdocs\\LARAVEL\\API-CRUD-APP\\vendor\\laravel\\framework\\src\\Illuminate\\Foundation\\Http\\Middleware\\ValidatePostSize.php(27): Illuminate\\Pipeline\\Pipeline->Illuminate\\Pipeline\\{closure}(Object(Illuminate\\Http\\Request))
#29 C:\\xampp\\htdocs\\LARAVEL\\API-CRUD-APP\\vendor\\laravel\\framework\\src\\Illuminate\\Pipeline\\Pipeline.php(180): Illuminate\\Foundation\\Http\\Middleware\\ValidatePostSize->handle(Object(Illuminate\\Http\\Request), Object(Closure))
#30 C:\\xampp\\htdocs\\LARAVEL\\API-CRUD-APP\\vendor\\laravel\\framework\\src\\Illuminate\\Foundation\\Http\\Middleware\\PreventRequestsDuringMaintenance.php(86): Illuminate\\Pipeline\\Pipeline->Illuminate\\Pipeline\\{closure}(Object(Illuminate\\Http\\Request))
#31 C:\\xampp\\htdocs\\LARAVEL\\API-CRUD-APP\\vendor\\laravel\\framework\\src\\Illuminate\\Pipeline\\Pipeline.php(180): Illuminate\\Foundation\\Http\\Middleware\\PreventRequestsDuringMaintenance->handle(Object(Illuminate\\Http\\Request), Object(Closure))
#32 C:\\xampp\\htdocs\\LARAVEL\\API-CRUD-APP\\vendor\\laravel\\framework\\src\\Illuminate\\Http\\Middleware\\HandleCors.php(62): Illuminate\\Pipeline\\Pipeline->Illuminate\\Pipeline\\{closure}(Object(Illuminate\\Http\\Request))
#33 C:\\xampp\\htdocs\\LARAVEL\\API-CRUD-APP\\vendor\\laravel\\framework\\src\\Illuminate\\Pipeline\\Pipeline.php(180): Illuminate\\Http\\Middleware\\HandleCors->handle(Object(Illuminate\\Http\\Request), Object(Closure))
#34 C:\\xampp\\htdocs\\LARAVEL\\API-CRUD-APP\\vendor\\laravel\\framework\\src\\Illuminate\\Http\\Middleware\\TrustProxies.php(39): Illuminate\\Pipeline\\Pipeline->Illuminate\\Pipeline\\{closure}(Object(Illuminate\\Http\\Request))
#35 C:\\xampp\\htdocs\\LARAVEL\\API-CRUD-APP\\vendor\\laravel\\framework\\src\\Illuminate\\Pipeline\\Pipeline.php(180): Illuminate\\Http\\Middleware\\TrustProxies->handle(Object(Illuminate\\Http\\Request), Object(Closure))
#36 C:\\xampp\\htdocs\\LARAVEL\\API-CRUD-APP\\vendor\\laravel\\framework\\src\\Illuminate\\Pipeline\\Pipeline.php(116): Illuminate\\Pipeline\\Pipeline->Illuminate\\Pipeline\\{closure}(Object(Illuminate\\Http\\Request))
#37 C:\\xampp\\htdocs\\LARAVEL\\API-CRUD-APP\\vendor\\laravel\\framework\\src\\Illuminate\\Foundation\\Http\\Kernel.php(165): Illuminate\\Pipeline\\Pipeline->then(Object(Closure))
#38 C:\\xampp\\htdocs\\LARAVEL\\API-CRUD-APP\\vendor\\laravel\\framework\\src\\Illuminate\\Foundation\\Http\\Kernel.php(134): Illuminate\\Foundation\\Http\\Kernel->sendRequestThroughRouter(Object(Illuminate\\Http\\Request))
#39 C:\\xampp\\htdocs\\LARAVEL\\API-CRUD-APP\\public\\index.php(52): Illuminate\\Foundation\\Http\\Kernel->handle(Object(Illuminate\\Http\\Request))
#40 C:\\xampp\\htdocs\\LARAVEL\\API-CRUD-APP\\vendor\\laravel\\framework\\src\\Illuminate\\Foundation\\resources\\server.php(16): require_once('C:\\\\xampp\\\\htdocs...')
#41 {main}
"} 
[2024-08-30 16:26:27] local.ERROR: Call to undefined method Illuminate\Database\Eloquent\Builder::all() {"exception":"[object] (BadMethodCallException(code: 0): Call to undefined method Illuminate\\Database\\Eloquent\\Builder::all() at C:\\xampp\\htdocs\\LARAVEL\\API-CRUD-APP\\vendor\\laravel\\framework\\src\\Illuminate\\Support\\Traits\\ForwardsCalls.php:71)
[stacktrace]
#0 C:\\xampp\\htdocs\\LARAVEL\\API-CRUD-APP\\vendor\\laravel\\framework\\src\\Illuminate\\Support\\Traits\\ForwardsCalls.php(36): Illuminate\\Database\\Eloquent\\Builder::throwBadMethodCallException('all')
#1 C:\\xampp\\htdocs\\LARAVEL\\API-CRUD-APP\\vendor\\laravel\\framework\\src\\Illuminate\\Database\\Eloquent\\Builder.php(1872): Illuminate\\Database\\Eloquent\\Builder->forwardCallTo(Object(Illuminate\\Database\\Query\\Builder), 'all', Array)
#2 C:\\xampp\\htdocs\\LARAVEL\\API-CRUD-APP\\app\\Http\\Controllers\\StudentsController.php(31): Illuminate\\Database\\Eloquent\\Builder->__call('all', Array)
#3 C:\\xampp\\htdocs\\LARAVEL\\API-CRUD-APP\\vendor\\laravel\\framework\\src\\Illuminate\\Routing\\Controller.php(54): App\\Http\\Controllers\\StudentsController->show('1')
#4 C:\\xampp\\htdocs\\LARAVEL\\API-CRUD-APP\\vendor\\laravel\\framework\\src\\Illuminate\\Routing\\ControllerDispatcher.php(43): Illuminate\\Routing\\Controller->callAction('show', Array)
#5 C:\\xampp\\htdocs\\LARAVEL\\API-CRUD-APP\\vendor\\laravel\\framework\\src\\Illuminate\\Routing\\Route.php(260): Illuminate\\Routing\\ControllerDispatcher->dispatch(Object(Illuminate\\Routing\\Route), Object(App\\Http\\Controllers\\StudentsController), 'show')
#6 C:\\xampp\\htdocs\\LARAVEL\\API-CRUD-APP\\vendor\\laravel\\framework\\src\\Illuminate\\Routing\\Route.php(205): Illuminate\\Routing\\Route->runController()
#7 C:\\xampp\\htdocs\\LARAVEL\\API-CRUD-APP\\vendor\\laravel\\framework\\src\\Illuminate\\Routing\\Router.php(798): Illuminate\\Routing\\Route->run()
#8 C:\\xampp\\htdocs\\LARAVEL\\API-CRUD-APP\\vendor\\laravel\\framework\\src\\Illuminate\\Pipeline\\Pipeline.php(141): Illuminate\\Routing\\Router->Illuminate\\Routing\\{closure}(Object(Illuminate\\Http\\Request))
#9 C:\\xampp\\htdocs\\LARAVEL\\API-CRUD-APP\\vendor\\laravel\\framework\\src\\Illuminate\\Routing\\Middleware\\SubstituteBindings.php(50): Illuminate\\Pipeline\\Pipeline->Illuminate\\Pipeline\\{closure}(Object(Illuminate\\Http\\Request))
#10 C:\\xampp\\htdocs\\LARAVEL\\API-CRUD-APP\\vendor\\laravel\\framework\\src\\Illuminate\\Pipeline\\Pipeline.php(180): Illuminate\\Routing\\Middleware\\SubstituteBindings->handle(Object(Illuminate\\Http\\Request), Object(Closure))
#11 C:\\xampp\\htdocs\\LARAVEL\\API-CRUD-APP\\vendor\\laravel\\framework\\src\\Illuminate\\Routing\\Middleware\\ThrottleRequests.php(126): Illuminate\\Pipeline\\Pipeline->Illuminate\\Pipeline\\{closure}(Object(Illuminate\\Http\\Request))
#12 C:\\xampp\\htdocs\\LARAVEL\\API-CRUD-APP\\vendor\\laravel\\framework\\src\\Illuminate\\Routing\\Middleware\\ThrottleRequests.php(102): Illuminate\\Routing\\Middleware\\ThrottleRequests->handleRequest(Object(Illuminate\\Http\\Request), Object(Closure), Array)
#13 C:\\xampp\\htdocs\\LARAVEL\\API-CRUD-APP\\vendor\\laravel\\framework\\src\\Illuminate\\Routing\\Middleware\\ThrottleRequests.php(54): Illuminate\\Routing\\Middleware\\ThrottleRequests->handleRequestUsingNamedLimiter(Object(Illuminate\\Http\\Request), Object(Closure), 'api', Object(Closure))
#14 C:\\xampp\\htdocs\\LARAVEL\\API-CRUD-APP\\vendor\\laravel\\framework\\src\\Illuminate\\Pipeline\\Pipeline.php(180): Illuminate\\Routing\\Middleware\\ThrottleRequests->handle(Object(Illuminate\\Http\\Request), Object(Closure), 'api')
#15 C:\\xampp\\htdocs\\LARAVEL\\API-CRUD-APP\\vendor\\laravel\\framework\\src\\Illuminate\\Pipeline\\Pipeline.php(116): Illuminate\\Pipeline\\Pipeline->Illuminate\\Pipeline\\{closure}(Object(Illuminate\\Http\\Request))
#16 C:\\xampp\\htdocs\\LARAVEL\\API-CRUD-APP\\vendor\\laravel\\framework\\src\\Illuminate\\Routing\\Router.php(799): Illuminate\\Pipeline\\Pipeline->then(Object(Closure))
#17 C:\\xampp\\htdocs\\LARAVEL\\API-CRUD-APP\\vendor\\laravel\\framework\\src\\Illuminate\\Routing\\Router.php(776): Illuminate\\Routing\\Router->runRouteWithinStack(Object(Illuminate\\Routing\\Route), Object(Illuminate\\Http\\Request))
#18 C:\\xampp\\htdocs\\LARAVEL\\API-CRUD-APP\\vendor\\laravel\\framework\\src\\Illuminate\\Routing\\Router.php(740): Illuminate\\Routing\\Router->runRoute(Object(Illuminate\\Http\\Request), Object(Illuminate\\Routing\\Route))
#19 C:\\xampp\\htdocs\\LARAVEL\\API-CRUD-APP\\vendor\\laravel\\framework\\src\\Illuminate\\Routing\\Router.php(729): Illuminate\\Routing\\Router->dispatchToRoute(Object(Illuminate\\Http\\Request))
#20 C:\\xampp\\htdocs\\LARAVEL\\API-CRUD-APP\\vendor\\laravel\\framework\\src\\Illuminate\\Foundation\\Http\\Kernel.php(190): Illuminate\\Routing\\Router->dispatch(Object(Illuminate\\Http\\Request))
#21 C:\\xampp\\htdocs\\LARAVEL\\API-CRUD-APP\\vendor\\laravel\\framework\\src\\Illuminate\\Pipeline\\Pipeline.php(141): Illuminate\\Foundation\\Http\\Kernel->Illuminate\\Foundation\\Http\\{closure}(Object(Illuminate\\Http\\Request))
#22 C:\\xampp\\htdocs\\LARAVEL\\API-CRUD-APP\\vendor\\laravel\\framework\\src\\Illuminate\\Foundation\\Http\\Middleware\\TransformsRequest.php(21): Illuminate\\Pipeline\\Pipeline->Illuminate\\Pipeline\\{closure}(Object(Illuminate\\Http\\Request))
#23 C:\\xampp\\htdocs\\LARAVEL\\API-CRUD-APP\\vendor\\laravel\\framework\\src\\Illuminate\\Foundation\\Http\\Middleware\\ConvertEmptyStringsToNull.php(31): Illuminate\\Foundation\\Http\\Middleware\\TransformsRequest->handle(Object(Illuminate\\Http\\Request), Object(Closure))
#24 C:\\xampp\\htdocs\\LARAVEL\\API-CRUD-APP\\vendor\\laravel\\framework\\src\\Illuminate\\Pipeline\\Pipeline.php(180): Illuminate\\Foundation\\Http\\Middleware\\ConvertEmptyStringsToNull->handle(Object(Illuminate\\Http\\Request), Object(Closure))
#25 C:\\xampp\\htdocs\\LARAVEL\\API-CRUD-APP\\vendor\\laravel\\framework\\src\\Illuminate\\Foundation\\Http\\Middleware\\TransformsRequest.php(21): Illuminate\\Pipeline\\Pipeline->Illuminate\\Pipeline\\{closure}(Object(Illuminate\\Http\\Request))
#26 C:\\xampp\\htdocs\\LARAVEL\\API-CRUD-APP\\vendor\\laravel\\framework\\src\\Illuminate\\Foundation\\Http\\Middleware\\TrimStrings.php(40): Illuminate\\Foundation\\Http\\Middleware\\TransformsRequest->handle(Object(Illuminate\\Http\\Request), Object(Closure))
#27 C:\\xampp\\htdocs\\LARAVEL\\API-CRUD-APP\\vendor\\laravel\\framework\\src\\Illuminate\\Pipeline\\Pipeline.php(180): Illuminate\\Foundation\\Http\\Middleware\\TrimStrings->handle(Object(Illuminate\\Http\\Request), Object(Closure))
#28 C:\\xampp\\htdocs\\LARAVEL\\API-CRUD-APP\\vendor\\laravel\\framework\\src\\Illuminate\\Foundation\\Http\\Middleware\\ValidatePostSize.php(27): Illuminate\\Pipeline\\Pipeline->Illuminate\\Pipeline\\{closure}(Object(Illuminate\\Http\\Request))
#29 C:\\xampp\\htdocs\\LARAVEL\\API-CRUD-APP\\vendor\\laravel\\framework\\src\\Illuminate\\Pipeline\\Pipeline.php(180): Illuminate\\Foundation\\Http\\Middleware\\ValidatePostSize->handle(Object(Illuminate\\Http\\Request), Object(Closure))
#30 C:\\xampp\\htdocs\\LARAVEL\\API-CRUD-APP\\vendor\\laravel\\framework\\src\\Illuminate\\Foundation\\Http\\Middleware\\PreventRequestsDuringMaintenance.php(86): Illuminate\\Pipeline\\Pipeline->Illuminate\\Pipeline\\{closure}(Object(Illuminate\\Http\\Request))
#31 C:\\xampp\\htdocs\\LARAVEL\\API-CRUD-APP\\vendor\\laravel\\framework\\src\\Illuminate\\Pipeline\\Pipeline.php(180): Illuminate\\Foundation\\Http\\Middleware\\PreventRequestsDuringMaintenance->handle(Object(Illuminate\\Http\\Request), Object(Closure))
#32 C:\\xampp\\htdocs\\LARAVEL\\API-CRUD-APP\\vendor\\laravel\\framework\\src\\Illuminate\\Http\\Middleware\\HandleCors.php(62): Illuminate\\Pipeline\\Pipeline->Illuminate\\Pipeline\\{closure}(Object(Illuminate\\Http\\Request))
#33 C:\\xampp\\htdocs\\LARAVEL\\API-CRUD-APP\\vendor\\laravel\\framework\\src\\Illuminate\\Pipeline\\Pipeline.php(180): Illuminate\\Http\\Middleware\\HandleCors->handle(Object(Illuminate\\Http\\Request), Object(Closure))
#34 C:\\xampp\\htdocs\\LARAVEL\\API-CRUD-APP\\vendor\\laravel\\framework\\src\\Illuminate\\Http\\Middleware\\TrustProxies.php(39): Illuminate\\Pipeline\\Pipeline->Illuminate\\Pipeline\\{closure}(Object(Illuminate\\Http\\Request))
#35 C:\\xampp\\htdocs\\LARAVEL\\API-CRUD-APP\\vendor\\laravel\\framework\\src\\Illuminate\\Pipeline\\Pipeline.php(180): Illuminate\\Http\\Middleware\\TrustProxies->handle(Object(Illuminate\\Http\\Request), Object(Closure))
#36 C:\\xampp\\htdocs\\LARAVEL\\API-CRUD-APP\\vendor\\laravel\\framework\\src\\Illuminate\\Pipeline\\Pipeline.php(116): Illuminate\\Pipeline\\Pipeline->Illuminate\\Pipeline\\{closure}(Object(Illuminate\\Http\\Request))
#37 C:\\xampp\\htdocs\\LARAVEL\\API-CRUD-APP\\vendor\\laravel\\framework\\src\\Illuminate\\Foundation\\Http\\Kernel.php(165): Illuminate\\Pipeline\\Pipeline->then(Object(Closure))
#38 C:\\xampp\\htdocs\\LARAVEL\\API-CRUD-APP\\vendor\\laravel\\framework\\src\\Illuminate\\Foundation\\Http\\Kernel.php(134): Illuminate\\Foundation\\Http\\Kernel->sendRequestThroughRouter(Object(Illuminate\\Http\\Request))
#39 C:\\xampp\\htdocs\\LARAVEL\\API-CRUD-APP\\public\\index.php(52): Illuminate\\Foundation\\Http\\Kernel->handle(Object(Illuminate\\Http\\Request))
#40 C:\\xampp\\htdocs\\LARAVEL\\API-CRUD-APP\\vendor\\laravel\\framework\\src\\Illuminate\\Foundation\\resources\\server.php(16): require_once('C:\\\\xampp\\\\htdocs...')
#41 {main}
"} 
[2024-08-30 16:32:30] local.ERROR: Call to undefined method Illuminate\Database\Eloquent\Builder::all() {"exception":"[object] (BadMethodCallException(code: 0): Call to undefined method Illuminate\\Database\\Eloquent\\Builder::all() at C:\\xampp\\htdocs\\LARAVEL\\API-CRUD-APP\\vendor\\laravel\\framework\\src\\Illuminate\\Support\\Traits\\ForwardsCalls.php:71)
[stacktrace]
#0 C:\\xampp\\htdocs\\LARAVEL\\API-CRUD-APP\\vendor\\laravel\\framework\\src\\Illuminate\\Support\\Traits\\ForwardsCalls.php(36): Illuminate\\Database\\Eloquent\\Builder::throwBadMethodCallException('all')
#1 C:\\xampp\\htdocs\\LARAVEL\\API-CRUD-APP\\vendor\\laravel\\framework\\src\\Illuminate\\Database\\Eloquent\\Builder.php(1872): Illuminate\\Database\\Eloquent\\Builder->forwardCallTo(Object(Illuminate\\Database\\Query\\Builder), 'all', Array)
#2 C:\\xampp\\htdocs\\LARAVEL\\API-CRUD-APP\\app\\Http\\Controllers\\StudentsController.php(18): Illuminate\\Database\\Eloquent\\Builder->__call('all', Array)
#3 C:\\xampp\\htdocs\\LARAVEL\\API-CRUD-APP\\vendor\\laravel\\framework\\src\\Illuminate\\Routing\\Controller.php(54): App\\Http\\Controllers\\StudentsController->index()
#4 C:\\xampp\\htdocs\\LARAVEL\\API-CRUD-APP\\vendor\\laravel\\framework\\src\\Illuminate\\Routing\\ControllerDispatcher.php(43): Illuminate\\Routing\\Controller->callAction('index', Array)
#5 C:\\xampp\\htdocs\\LARAVEL\\API-CRUD-APP\\vendor\\laravel\\framework\\src\\Illuminate\\Routing\\Route.php(260): Illuminate\\Routing\\ControllerDispatcher->dispatch(Object(Illuminate\\Routing\\Route), Object(App\\Http\\Controllers\\StudentsController), 'index')
#6 C:\\xampp\\htdocs\\LARAVEL\\API-CRUD-APP\\vendor\\laravel\\framework\\src\\Illuminate\\Routing\\Route.php(205): Illuminate\\Routing\\Route->runController()
#7 C:\\xampp\\htdocs\\LARAVEL\\API-CRUD-APP\\vendor\\laravel\\framework\\src\\Illuminate\\Routing\\Router.php(798): Illuminate\\Routing\\Route->run()
#8 C:\\xampp\\htdocs\\LARAVEL\\API-CRUD-APP\\vendor\\laravel\\framework\\src\\Illuminate\\Pipeline\\Pipeline.php(141): Illuminate\\Routing\\Router->Illuminate\\Routing\\{closure}(Object(Illuminate\\Http\\Request))
#9 C:\\xampp\\htdocs\\LARAVEL\\API-CRUD-APP\\vendor\\laravel\\framework\\src\\Illuminate\\Routing\\Middleware\\SubstituteBindings.php(50): Illuminate\\Pipeline\\Pipeline->Illuminate\\Pipeline\\{closure}(Object(Illuminate\\Http\\Request))
#10 C:\\xampp\\htdocs\\LARAVEL\\API-CRUD-APP\\vendor\\laravel\\framework\\src\\Illuminate\\Pipeline\\Pipeline.php(180): Illuminate\\Routing\\Middleware\\SubstituteBindings->handle(Object(Illuminate\\Http\\Request), Object(Closure))
#11 C:\\xampp\\htdocs\\LARAVEL\\API-CRUD-APP\\vendor\\laravel\\framework\\src\\Illuminate\\Routing\\Middleware\\ThrottleRequests.php(126): Illuminate\\Pipeline\\Pipeline->Illuminate\\Pipeline\\{closure}(Object(Illuminate\\Http\\Request))
#12 C:\\xampp\\htdocs\\LARAVEL\\API-CRUD-APP\\vendor\\laravel\\framework\\src\\Illuminate\\Routing\\Middleware\\ThrottleRequests.php(102): Illuminate\\Routing\\Middleware\\ThrottleRequests->handleRequest(Object(Illuminate\\Http\\Request), Object(Closure), Array)
#13 C:\\xampp\\htdocs\\LARAVEL\\API-CRUD-APP\\vendor\\laravel\\framework\\src\\Illuminate\\Routing\\Middleware\\ThrottleRequests.php(54): Illuminate\\Routing\\Middleware\\ThrottleRequests->handleRequestUsingNamedLimiter(Object(Illuminate\\Http\\Request), Object(Closure), 'api', Object(Closure))
#14 C:\\xampp\\htdocs\\LARAVEL\\API-CRUD-APP\\vendor\\laravel\\framework\\src\\Illuminate\\Pipeline\\Pipeline.php(180): Illuminate\\Routing\\Middleware\\ThrottleRequests->handle(Object(Illuminate\\Http\\Request), Object(Closure), 'api')
#15 C:\\xampp\\htdocs\\LARAVEL\\API-CRUD-APP\\vendor\\laravel\\framework\\src\\Illuminate\\Pipeline\\Pipeline.php(116): Illuminate\\Pipeline\\Pipeline->Illuminate\\Pipeline\\{closure}(Object(Illuminate\\Http\\Request))
#16 C:\\xampp\\htdocs\\LARAVEL\\API-CRUD-APP\\vendor\\laravel\\framework\\src\\Illuminate\\Routing\\Router.php(799): Illuminate\\Pipeline\\Pipeline->then(Object(Closure))
#17 C:\\xampp\\htdocs\\LARAVEL\\API-CRUD-APP\\vendor\\laravel\\framework\\src\\Illuminate\\Routing\\Router.php(776): Illuminate\\Routing\\Router->runRouteWithinStack(Object(Illuminate\\Routing\\Route), Object(Illuminate\\Http\\Request))
#18 C:\\xampp\\htdocs\\LARAVEL\\API-CRUD-APP\\vendor\\laravel\\framework\\src\\Illuminate\\Routing\\Router.php(740): Illuminate\\Routing\\Router->runRoute(Object(Illuminate\\Http\\Request), Object(Illuminate\\Routing\\Route))
#19 C:\\xampp\\htdocs\\LARAVEL\\API-CRUD-APP\\vendor\\laravel\\framework\\src\\Illuminate\\Routing\\Router.php(729): Illuminate\\Routing\\Router->dispatchToRoute(Object(Illuminate\\Http\\Request))
#20 C:\\xampp\\htdocs\\LARAVEL\\API-CRUD-APP\\vendor\\laravel\\framework\\src\\Illuminate\\Foundation\\Http\\Kernel.php(190): Illuminate\\Routing\\Router->dispatch(Object(Illuminate\\Http\\Request))
#21 C:\\xampp\\htdocs\\LARAVEL\\API-CRUD-APP\\vendor\\laravel\\framework\\src\\Illuminate\\Pipeline\\Pipeline.php(141): Illuminate\\Foundation\\Http\\Kernel->Illuminate\\Foundation\\Http\\{closure}(Object(Illuminate\\Http\\Request))
#22 C:\\xampp\\htdocs\\LARAVEL\\API-CRUD-APP\\vendor\\laravel\\framework\\src\\Illuminate\\Foundation\\Http\\Middleware\\TransformsRequest.php(21): Illuminate\\Pipeline\\Pipeline->Illuminate\\Pipeline\\{closure}(Object(Illuminate\\Http\\Request))
#23 C:\\xampp\\htdocs\\LARAVEL\\API-CRUD-APP\\vendor\\laravel\\framework\\src\\Illuminate\\Foundation\\Http\\Middleware\\ConvertEmptyStringsToNull.php(31): Illuminate\\Foundation\\Http\\Middleware\\TransformsRequest->handle(Object(Illuminate\\Http\\Request), Object(Closure))
#24 C:\\xampp\\htdocs\\LARAVEL\\API-CRUD-APP\\vendor\\laravel\\framework\\src\\Illuminate\\Pipeline\\Pipeline.php(180): Illuminate\\Foundation\\Http\\Middleware\\ConvertEmptyStringsToNull->handle(Object(Illuminate\\Http\\Request), Object(Closure))
#25 C:\\xampp\\htdocs\\LARAVEL\\API-CRUD-APP\\vendor\\laravel\\framework\\src\\Illuminate\\Foundation\\Http\\Middleware\\TransformsRequest.php(21): Illuminate\\Pipeline\\Pipeline->Illuminate\\Pipeline\\{closure}(Object(Illuminate\\Http\\Request))
#26 C:\\xampp\\htdocs\\LARAVEL\\API-CRUD-APP\\vendor\\laravel\\framework\\src\\Illuminate\\Foundation\\Http\\Middleware\\TrimStrings.php(40): Illuminate\\Foundation\\Http\\Middleware\\TransformsRequest->handle(Object(Illuminate\\Http\\Request), Object(Closure))
#27 C:\\xampp\\htdocs\\LARAVEL\\API-CRUD-APP\\vendor\\laravel\\framework\\src\\Illuminate\\Pipeline\\Pipeline.php(180): Illuminate\\Foundation\\Http\\Middleware\\TrimStrings->handle(Object(Illuminate\\Http\\Request), Object(Closure))
#28 C:\\xampp\\htdocs\\LARAVEL\\API-CRUD-APP\\vendor\\laravel\\framework\\src\\Illuminate\\Foundation\\Http\\Middleware\\ValidatePostSize.php(27): Illuminate\\Pipeline\\Pipeline->Illuminate\\Pipeline\\{closure}(Object(Illuminate\\Http\\Request))
#29 C:\\xampp\\htdocs\\LARAVEL\\API-CRUD-APP\\vendor\\laravel\\framework\\src\\Illuminate\\Pipeline\\Pipeline.php(180): Illuminate\\Foundation\\Http\\Middleware\\ValidatePostSize->handle(Object(Illuminate\\Http\\Request), Object(Closure))
#30 C:\\xampp\\htdocs\\LARAVEL\\API-CRUD-APP\\vendor\\laravel\\framework\\src\\Illuminate\\Foundation\\Http\\Middleware\\PreventRequestsDuringMaintenance.php(86): Illuminate\\Pipeline\\Pipeline->Illuminate\\Pipeline\\{closure}(Object(Illuminate\\Http\\Request))
#31 C:\\xampp\\htdocs\\LARAVEL\\API-CRUD-APP\\vendor\\laravel\\framework\\src\\Illuminate\\Pipeline\\Pipeline.php(180): Illuminate\\Foundation\\Http\\Middleware\\PreventRequestsDuringMaintenance->handle(Object(Illuminate\\Http\\Request), Object(Closure))
#32 C:\\xampp\\htdocs\\LARAVEL\\API-CRUD-APP\\vendor\\laravel\\framework\\src\\Illuminate\\Http\\Middleware\\HandleCors.php(62): Illuminate\\Pipeline\\Pipeline->Illuminate\\Pipeline\\{closure}(Object(Illuminate\\Http\\Request))
#33 C:\\xampp\\htdocs\\LARAVEL\\API-CRUD-APP\\vendor\\laravel\\framework\\src\\Illuminate\\Pipeline\\Pipeline.php(180): Illuminate\\Http\\Middleware\\HandleCors->handle(Object(Illuminate\\Http\\Request), Object(Closure))
#34 C:\\xampp\\htdocs\\LARAVEL\\API-CRUD-APP\\vendor\\laravel\\framework\\src\\Illuminate\\Http\\Middleware\\TrustProxies.php(39): Illuminate\\Pipeline\\Pipeline->Illuminate\\Pipeline\\{closure}(Object(Illuminate\\Http\\Request))
#35 C:\\xampp\\htdocs\\LARAVEL\\API-CRUD-APP\\vendor\\laravel\\framework\\src\\Illuminate\\Pipeline\\Pipeline.php(180): Illuminate\\Http\\Middleware\\TrustProxies->handle(Object(Illuminate\\Http\\Request), Object(Closure))
#36 C:\\xampp\\htdocs\\LARAVEL\\API-CRUD-APP\\vendor\\laravel\\framework\\src\\Illuminate\\Pipeline\\Pipeline.php(116): Illuminate\\Pipeline\\Pipeline->Illuminate\\Pipeline\\{closure}(Object(Illuminate\\Http\\Request))
#37 C:\\xampp\\htdocs\\LARAVEL\\API-CRUD-APP\\vendor\\laravel\\framework\\src\\Illuminate\\Foundation\\Http\\Kernel.php(165): Illuminate\\Pipeline\\Pipeline->then(Object(Closure))
#38 C:\\xampp\\htdocs\\LARAVEL\\API-CRUD-APP\\vendor\\laravel\\framework\\src\\Illuminate\\Foundation\\Http\\Kernel.php(134): Illuminate\\Foundation\\Http\\Kernel->sendRequestThroughRouter(Object(Illuminate\\Http\\Request))
#39 C:\\xampp\\htdocs\\LARAVEL\\API-CRUD-APP\\public\\index.php(52): Illuminate\\Foundation\\Http\\Kernel->handle(Object(Illuminate\\Http\\Request))
#40 C:\\xampp\\htdocs\\LARAVEL\\API-CRUD-APP\\vendor\\laravel\\framework\\src\\Illuminate\\Foundation\\resources\\server.php(16): require_once('C:\\\\xampp\\\\htdocs...')
#41 {main}
"} 
[2024-10-03 16:10:25] local.ERROR: SQLSTATE[HY000] [2002] No connection could be made because the target machine actively refused it (SQL: select * from `students`) {"exception":"[object] (Illuminate\\Database\\QueryException(code: 2002): SQLSTATE[HY000] [2002] No connection could be made because the target machine actively refused it (SQL: select * from `students`) at C:\\xampp\\htdocs\\LARAVEL\\API-CRUD-APP\\vendor\\laravel\\framework\\src\\Illuminate\\Database\\Connection.php:760)
[stacktrace]
#0 C:\\xampp\\htdocs\\LARAVEL\\API-CRUD-APP\\vendor\\laravel\\framework\\src\\Illuminate\\Database\\Connection.php(720): Illuminate\\Database\\Connection->runQueryCallback('select * from `...', Array, Object(Closure))
#1 C:\\xampp\\htdocs\\LARAVEL\\API-CRUD-APP\\vendor\\laravel\\framework\\src\\Illuminate\\Database\\Connection.php(422): Illuminate\\Database\\Connection->run('select * from `...', Array, Object(Closure))
#2 C:\\xampp\\htdocs\\LARAVEL\\API-CRUD-APP\\vendor\\laravel\\framework\\src\\Illuminate\\Database\\Query\\Builder.php(2706): Illuminate\\Database\\Connection->select('select * from `...', Array, true)
#3 C:\\xampp\\htdocs\\LARAVEL\\API-CRUD-APP\\vendor\\laravel\\framework\\src\\Illuminate\\Database\\Query\\Builder.php(2694): Illuminate\\Database\\Query\\Builder->runSelect()
#4 C:\\xampp\\htdocs\\LARAVEL\\API-CRUD-APP\\vendor\\laravel\\framework\\src\\Illuminate\\Database\\Query\\Builder.php(3230): Illuminate\\Database\\Query\\Builder->Illuminate\\Database\\Query\\{closure}()
#5 C:\\xampp\\htdocs\\LARAVEL\\API-CRUD-APP\\vendor\\laravel\\framework\\src\\Illuminate\\Database\\Query\\Builder.php(2695): Illuminate\\Database\\Query\\Builder->onceWithColumns(Array, Object(Closure))
#6 C:\\xampp\\htdocs\\LARAVEL\\API-CRUD-APP\\vendor\\laravel\\framework\\src\\Illuminate\\Database\\Eloquent\\Builder.php(710): Illuminate\\Database\\Query\\Builder->get(Array)
#7 C:\\xampp\\htdocs\\LARAVEL\\API-CRUD-APP\\vendor\\laravel\\framework\\src\\Illuminate\\Database\\Eloquent\\Builder.php(694): Illuminate\\Database\\Eloquent\\Builder->getModels(Array)
#8 C:\\xampp\\htdocs\\LARAVEL\\API-CRUD-APP\\vendor\\laravel\\framework\\src\\Illuminate\\Database\\Eloquent\\Model.php(674): Illuminate\\Database\\Eloquent\\Builder->get(Array)
#9 C:\\xampp\\htdocs\\LARAVEL\\API-CRUD-APP\\app\\Http\\Controllers\\StudentsController.php(18): Illuminate\\Database\\Eloquent\\Model::all()
#10 C:\\xampp\\htdocs\\LARAVEL\\API-CRUD-APP\\vendor\\laravel\\framework\\src\\Illuminate\\Routing\\Controller.php(54): App\\Http\\Controllers\\StudentsController->index()
#11 C:\\xampp\\htdocs\\LARAVEL\\API-CRUD-APP\\vendor\\laravel\\framework\\src\\Illuminate\\Routing\\ControllerDispatcher.php(43): Illuminate\\Routing\\Controller->callAction('index', Array)
#12 C:\\xampp\\htdocs\\LARAVEL\\API-CRUD-APP\\vendor\\laravel\\framework\\src\\Illuminate\\Routing\\Route.php(260): Illuminate\\Routing\\ControllerDispatcher->dispatch(Object(Illuminate\\Routing\\Route), Object(App\\Http\\Controllers\\StudentsController), 'index')
#13 C:\\xampp\\htdocs\\LARAVEL\\API-CRUD-APP\\vendor\\laravel\\framework\\src\\Illuminate\\Routing\\Route.php(205): Illuminate\\Routing\\Route->runController()
#14 C:\\xampp\\htdocs\\LARAVEL\\API-CRUD-APP\\vendor\\laravel\\framework\\src\\Illuminate\\Routing\\Router.php(798): Illuminate\\Routing\\Route->run()
#15 C:\\xampp\\htdocs\\LARAVEL\\API-CRUD-APP\\vendor\\laravel\\framework\\src\\Illuminate\\Pipeline\\Pipeline.php(141): Illuminate\\Routing\\Router->Illuminate\\Routing\\{closure}(Object(Illuminate\\Http\\Request))
#16 C:\\xampp\\htdocs\\LARAVEL\\API-CRUD-APP\\vendor\\laravel\\framework\\src\\Illuminate\\Routing\\Middleware\\SubstituteBindings.php(50): Illuminate\\Pipeline\\Pipeline->Illuminate\\Pipeline\\{closure}(Object(Illuminate\\Http\\Request))
#17 C:\\xampp\\htdocs\\LARAVEL\\API-CRUD-APP\\vendor\\laravel\\framework\\src\\Illuminate\\Pipeline\\Pipeline.php(180): Illuminate\\Routing\\Middleware\\SubstituteBindings->handle(Object(Illuminate\\Http\\Request), Object(Closure))
#18 C:\\xampp\\htdocs\\LARAVEL\\API-CRUD-APP\\vendor\\laravel\\framework\\src\\Illuminate\\Routing\\Middleware\\ThrottleRequests.php(126): Illuminate\\Pipeline\\Pipeline->Illuminate\\Pipeline\\{closure}(Object(Illuminate\\Http\\Request))
#19 C:\\xampp\\htdocs\\LARAVEL\\API-CRUD-APP\\vendor\\laravel\\framework\\src\\Illuminate\\Routing\\Middleware\\ThrottleRequests.php(102): Illuminate\\Routing\\Middleware\\ThrottleRequests->handleRequest(Object(Illuminate\\Http\\Request), Object(Closure), Array)
#20 C:\\xampp\\htdocs\\LARAVEL\\API-CRUD-APP\\vendor\\laravel\\framework\\src\\Illuminate\\Routing\\Middleware\\ThrottleRequests.php(54): Illuminate\\Routing\\Middleware\\ThrottleRequests->handleRequestUsingNamedLimiter(Object(Illuminate\\Http\\Request), Object(Closure), 'api', Object(Closure))
#21 C:\\xampp\\htdocs\\LARAVEL\\API-CRUD-APP\\vendor\\laravel\\framework\\src\\Illuminate\\Pipeline\\Pipeline.php(180): Illuminate\\Routing\\Middleware\\ThrottleRequests->handle(Object(Illuminate\\Http\\Request), Object(Closure), 'api')
#22 C:\\xampp\\htdocs\\LARAVEL\\API-CRUD-APP\\vendor\\laravel\\framework\\src\\Illuminate\\Pipeline\\Pipeline.php(116): Illuminate\\Pipeline\\Pipeline->Illuminate\\Pipeline\\{closure}(Object(Illuminate\\Http\\Request))
#23 C:\\xampp\\htdocs\\LARAVEL\\API-CRUD-APP\\vendor\\laravel\\framework\\src\\Illuminate\\Routing\\Router.php(799): Illuminate\\Pipeline\\Pipeline->then(Object(Closure))
#24 C:\\xampp\\htdocs\\LARAVEL\\API-CRUD-APP\\vendor\\laravel\\framework\\src\\Illuminate\\Routing\\Router.php(776): Illuminate\\Routing\\Router->runRouteWithinStack(Object(Illuminate\\Routing\\Route), Object(Illuminate\\Http\\Request))
#25 C:\\xampp\\htdocs\\LARAVEL\\API-CRUD-APP\\vendor\\laravel\\framework\\src\\Illuminate\\Routing\\Router.php(740): Illuminate\\Routing\\Router->runRoute(Object(Illuminate\\Http\\Request), Object(Illuminate\\Routing\\Route))
#26 C:\\xampp\\htdocs\\LARAVEL\\API-CRUD-APP\\vendor\\laravel\\framework\\src\\Illuminate\\Routing\\Router.php(729): Illuminate\\Routing\\Router->dispatchToRoute(Object(Illuminate\\Http\\Request))
#27 C:\\xampp\\htdocs\\LARAVEL\\API-CRUD-APP\\vendor\\laravel\\framework\\src\\Illuminate\\Foundation\\Http\\Kernel.php(190): Illuminate\\Routing\\Router->dispatch(Object(Illuminate\\Http\\Request))
#28 C:\\xampp\\htdocs\\LARAVEL\\API-CRUD-APP\\vendor\\laravel\\framework\\src\\Illuminate\\Pipeline\\Pipeline.php(141): Illuminate\\Foundation\\Http\\Kernel->Illuminate\\Foundation\\Http\\{closure}(Object(Illuminate\\Http\\Request))
#29 C:\\xampp\\htdocs\\LARAVEL\\API-CRUD-APP\\vendor\\laravel\\framework\\src\\Illuminate\\Foundation\\Http\\Middleware\\TransformsRequest.php(21): Illuminate\\Pipeline\\Pipeline->Illuminate\\Pipeline\\{closure}(Object(Illuminate\\Http\\Request))
#30 C:\\xampp\\htdocs\\LARAVEL\\API-CRUD-APP\\vendor\\laravel\\framework\\src\\Illuminate\\Foundation\\Http\\Middleware\\ConvertEmptyStringsToNull.php(31): Illuminate\\Foundation\\Http\\Middleware\\TransformsRequest->handle(Object(Illuminate\\Http\\Request), Object(Closure))
#31 C:\\xampp\\htdocs\\LARAVEL\\API-CRUD-APP\\vendor\\laravel\\framework\\src\\Illuminate\\Pipeline\\Pipeline.php(180): Illuminate\\Foundation\\Http\\Middleware\\ConvertEmptyStringsToNull->handle(Object(Illuminate\\Http\\Request), Object(Closure))
#32 C:\\xampp\\htdocs\\LARAVEL\\API-CRUD-APP\\vendor\\laravel\\framework\\src\\Illuminate\\Foundation\\Http\\Middleware\\TransformsRequest.php(21): Illuminate\\Pipeline\\Pipeline->Illuminate\\Pipeline\\{closure}(Object(Illuminate\\Http\\Request))
#33 C:\\xampp\\htdocs\\LARAVEL\\API-CRUD-APP\\vendor\\laravel\\framework\\src\\Illuminate\\Foundation\\Http\\Middleware\\TrimStrings.php(40): Illuminate\\Foundation\\Http\\Middleware\\TransformsRequest->handle(Object(Illuminate\\Http\\Request), Object(Closure))
#34 C:\\xampp\\htdocs\\LARAVEL\\API-CRUD-APP\\vendor\\laravel\\framework\\src\\Illuminate\\Pipeline\\Pipeline.php(180): Illuminate\\Foundation\\Http\\Middleware\\TrimStrings->handle(Object(Illuminate\\Http\\Request), Object(Closure))
#35 C:\\xampp\\htdocs\\LARAVEL\\API-CRUD-APP\\vendor\\laravel\\framework\\src\\Illuminate\\Foundation\\Http\\Middleware\\ValidatePostSize.php(27): Illuminate\\Pipeline\\Pipeline->Illuminate\\Pipeline\\{closure}(Object(Illuminate\\Http\\Request))
#36 C:\\xampp\\htdocs\\LARAVEL\\API-CRUD-APP\\vendor\\laravel\\framework\\src\\Illuminate\\Pipeline\\Pipeline.php(180): Illuminate\\Foundation\\Http\\Middleware\\ValidatePostSize->handle(Object(Illuminate\\Http\\Request), Object(Closure))
#37 C:\\xampp\\htdocs\\LARAVEL\\API-CRUD-APP\\vendor\\laravel\\framework\\src\\Illuminate\\Foundation\\Http\\Middleware\\PreventRequestsDuringMaintenance.php(86): Illuminate\\Pipeline\\Pipeline->Illuminate\\Pipeline\\{closure}(Object(Illuminate\\Http\\Request))
#38 C:\\xampp\\htdocs\\LARAVEL\\API-CRUD-APP\\vendor\\laravel\\framework\\src\\Illuminate\\Pipeline\\Pipeline.php(180): Illuminate\\Foundation\\Http\\Middleware\\PreventRequestsDuringMaintenance->handle(Object(Illuminate\\Http\\Request), Object(Closure))
#39 C:\\xampp\\htdocs\\LARAVEL\\API-CRUD-APP\\vendor\\laravel\\framework\\src\\Illuminate\\Http\\Middleware\\HandleCors.php(62): Illuminate\\Pipeline\\Pipeline->Illuminate\\Pipeline\\{closure}(Object(Illuminate\\Http\\Request))
#40 C:\\xampp\\htdocs\\LARAVEL\\API-CRUD-APP\\vendor\\laravel\\framework\\src\\Illuminate\\Pipeline\\Pipeline.php(180): Illuminate\\Http\\Middleware\\HandleCors->handle(Object(Illuminate\\Http\\Request), Object(Closure))
#41 C:\\xampp\\htdocs\\LARAVEL\\API-CRUD-APP\\vendor\\laravel\\framework\\src\\Illuminate\\Http\\Middleware\\TrustProxies.php(39): Illuminate\\Pipeline\\Pipeline->Illuminate\\Pipeline\\{closure}(Object(Illuminate\\Http\\Request))
#42 C:\\xampp\\htdocs\\LARAVEL\\API-CRUD-APP\\vendor\\laravel\\framework\\src\\Illuminate\\Pipeline\\Pipeline.php(180): Illuminate\\Http\\Middleware\\TrustProxies->handle(Object(Illuminate\\Http\\Request), Object(Closure))
#43 C:\\xampp\\htdocs\\LARAVEL\\API-CRUD-APP\\vendor\\laravel\\framework\\src\\Illuminate\\Pipeline\\Pipeline.php(116): Illuminate\\Pipeline\\Pipeline->Illuminate\\Pipeline\\{closure}(Object(Illuminate\\Http\\Request))
#44 C:\\xampp\\htdocs\\LARAVEL\\API-CRUD-APP\\vendor\\laravel\\framework\\src\\Illuminate\\Foundation\\Http\\Kernel.php(165): Illuminate\\Pipeline\\Pipeline->then(Object(Closure))
#45 C:\\xampp\\htdocs\\LARAVEL\\API-CRUD-APP\\vendor\\laravel\\framework\\src\\Illuminate\\Foundation\\Http\\Kernel.php(134): Illuminate\\Foundation\\Http\\Kernel->sendRequestThroughRouter(Object(Illuminate\\Http\\Request))
#46 C:\\xampp\\htdocs\\LARAVEL\\API-CRUD-APP\\public\\index.php(52): Illuminate\\Foundation\\Http\\Kernel->handle(Object(Illuminate\\Http\\Request))
#47 C:\\xampp\\htdocs\\LARAVEL\\API-CRUD-APP\\vendor\\laravel\\framework\\src\\Illuminate\\Foundation\\resources\\server.php(16): require_once('C:\\\\xampp\\\\htdocs...')
#48 {main}

[previous exception] [object] (PDOException(code: 2002): SQLSTATE[HY000] [2002] No connection could be made because the target machine actively refused it at C:\\xampp\\htdocs\\LARAVEL\\API-CRUD-APP\\vendor\\laravel\\framework\\src\\Illuminate\\Database\\Connectors\\Connector.php:70)
[stacktrace]
#0 C:\\xampp\\htdocs\\LARAVEL\\API-CRUD-APP\\vendor\\laravel\\framework\\src\\Illuminate\\Database\\Connectors\\Connector.php(70): PDO->__construct('mysql:host=127....', 'root', '', Array)
#1 C:\\xampp\\htdocs\\LARAVEL\\API-CRUD-APP\\vendor\\laravel\\framework\\src\\Illuminate\\Database\\Connectors\\Connector.php(46): Illuminate\\Database\\Connectors\\Connector->createPdoConnection('mysql:host=127....', 'root', '', Array)
#2 C:\\xampp\\htdocs\\LARAVEL\\API-CRUD-APP\\vendor\\laravel\\framework\\src\\Illuminate\\Database\\Connectors\\MySqlConnector.php(24): Illuminate\\Database\\Connectors\\Connector->createConnection('mysql:host=127....', Array, Array)
#3 C:\\xampp\\htdocs\\LARAVEL\\API-CRUD-APP\\vendor\\laravel\\framework\\src\\Illuminate\\Database\\Connectors\\ConnectionFactory.php(184): Illuminate\\Database\\Connectors\\MySqlConnector->connect(Array)
#4 [internal function]: Illuminate\\Database\\Connectors\\ConnectionFactory->Illuminate\\Database\\Connectors\\{closure}()
#5 C:\\xampp\\htdocs\\LARAVEL\\API-CRUD-APP\\vendor\\laravel\\framework\\src\\Illuminate\\Database\\Connection.php(1181): call_user_func(Object(Closure))
#6 C:\\xampp\\htdocs\\LARAVEL\\API-CRUD-APP\\vendor\\laravel\\framework\\src\\Illuminate\\Database\\Connection.php(1217): Illuminate\\Database\\Connection->getPdo()
#7 C:\\xampp\\htdocs\\LARAVEL\\API-CRUD-APP\\vendor\\laravel\\framework\\src\\Illuminate\\Database\\Connection.php(486): Illuminate\\Database\\Connection->getReadPdo()
#8 C:\\xampp\\htdocs\\LARAVEL\\API-CRUD-APP\\vendor\\laravel\\framework\\src\\Illuminate\\Database\\Connection.php(414): Illuminate\\Database\\Connection->getPdoForSelect(true)
#9 C:\\xampp\\htdocs\\LARAVEL\\API-CRUD-APP\\vendor\\laravel\\framework\\src\\Illuminate\\Database\\Connection.php(753): Illuminate\\Database\\Connection->Illuminate\\Database\\{closure}('select * from `...', Array)
#10 C:\\xampp\\htdocs\\LARAVEL\\API-CRUD-APP\\vendor\\laravel\\framework\\src\\Illuminate\\Database\\Connection.php(720): Illuminate\\Database\\Connection->runQueryCallback('select * from `...', Array, Object(Closure))
#11 C:\\xampp\\htdocs\\LARAVEL\\API-CRUD-APP\\vendor\\laravel\\framework\\src\\Illuminate\\Database\\Connection.php(422): Illuminate\\Database\\Connection->run('select * from `...', Array, Object(Closure))
#12 C:\\xampp\\htdocs\\LARAVEL\\API-CRUD-APP\\vendor\\laravel\\framework\\src\\Illuminate\\Database\\Query\\Builder.php(2706): Illuminate\\Database\\Connection->select('select * from `...', Array, true)
#13 C:\\xampp\\htdocs\\LARAVEL\\API-CRUD-APP\\vendor\\laravel\\framework\\src\\Illuminate\\Database\\Query\\Builder.php(2694): Illuminate\\Database\\Query\\Builder->runSelect()
#14 C:\\xampp\\htdocs\\LARAVEL\\API-CRUD-APP\\vendor\\laravel\\framework\\src\\Illuminate\\Database\\Query\\Builder.php(3230): Illuminate\\Database\\Query\\Builder->Illuminate\\Database\\Query\\{closure}()
#15 C:\\xampp\\htdocs\\LARAVEL\\API-CRUD-APP\\vendor\\laravel\\framework\\src\\Illuminate\\Database\\Query\\Builder.php(2695): Illuminate\\Database\\Query\\Builder->onceWithColumns(Array, Object(Closure))
#16 C:\\xampp\\htdocs\\LARAVEL\\API-CRUD-APP\\vendor\\laravel\\framework\\src\\Illuminate\\Database\\Eloquent\\Builder.php(710): Illuminate\\Database\\Query\\Builder->get(Array)
#17 C:\\xampp\\htdocs\\LARAVEL\\API-CRUD-APP\\vendor\\laravel\\framework\\src\\Illuminate\\Database\\Eloquent\\Builder.php(694): Illuminate\\Database\\Eloquent\\Builder->getModels(Array)
#18 C:\\xampp\\htdocs\\LARAVEL\\API-CRUD-APP\\vendor\\laravel\\framework\\src\\Illuminate\\Database\\Eloquent\\Model.php(674): Illuminate\\Database\\Eloquent\\Builder->get(Array)
#19 C:\\xampp\\htdocs\\LARAVEL\\API-CRUD-APP\\app\\Http\\Controllers\\StudentsController.php(18): Illuminate\\Database\\Eloquent\\Model::all()
#20 C:\\xampp\\htdocs\\LARAVEL\\API-CRUD-APP\\vendor\\laravel\\framework\\src\\Illuminate\\Routing\\Controller.php(54): App\\Http\\Controllers\\StudentsController->index()
#21 C:\\xampp\\htdocs\\LARAVEL\\API-CRUD-APP\\vendor\\laravel\\framework\\src\\Illuminate\\Routing\\ControllerDispatcher.php(43): Illuminate\\Routing\\Controller->callAction('index', Array)
#22 C:\\xampp\\htdocs\\LARAVEL\\API-CRUD-APP\\vendor\\laravel\\framework\\src\\Illuminate\\Routing\\Route.php(260): Illuminate\\Routing\\ControllerDispatcher->dispatch(Object(Illuminate\\Routing\\Route), Object(App\\Http\\Controllers\\StudentsController), 'index')
#23 C:\\xampp\\htdocs\\LARAVEL\\API-CRUD-APP\\vendor\\laravel\\framework\\src\\Illuminate\\Routing\\Route.php(205): Illuminate\\Routing\\Route->runController()
#24 C:\\xampp\\htdocs\\LARAVEL\\API-CRUD-APP\\vendor\\laravel\\framework\\src\\Illuminate\\Routing\\Router.php(798): Illuminate\\Routing\\Route->run()
#25 C:\\xampp\\htdocs\\LARAVEL\\API-CRUD-APP\\vendor\\laravel\\framework\\src\\Illuminate\\Pipeline\\Pipeline.php(141): Illuminate\\Routing\\Router->Illuminate\\Routing\\{closure}(Object(Illuminate\\Http\\Request))
#26 C:\\xampp\\htdocs\\LARAVEL\\API-CRUD-APP\\vendor\\laravel\\framework\\src\\Illuminate\\Routing\\Middleware\\SubstituteBindings.php(50): Illuminate\\Pipeline\\Pipeline->Illuminate\\Pipeline\\{closure}(Object(Illuminate\\Http\\Request))
#27 C:\\xampp\\htdocs\\LARAVEL\\API-CRUD-APP\\vendor\\laravel\\framework\\src\\Illuminate\\Pipeline\\Pipeline.php(180): Illuminate\\Routing\\Middleware\\SubstituteBindings->handle(Object(Illuminate\\Http\\Request), Object(Closure))
#28 C:\\xampp\\htdocs\\LARAVEL\\API-CRUD-APP\\vendor\\laravel\\framework\\src\\Illuminate\\Routing\\Middleware\\ThrottleRequests.php(126): Illuminate\\Pipeline\\Pipeline->Illuminate\\Pipeline\\{closure}(Object(Illuminate\\Http\\Request))
#29 C:\\xampp\\htdocs\\LARAVEL\\API-CRUD-APP\\vendor\\laravel\\framework\\src\\Illuminate\\Routing\\Middleware\\ThrottleRequests.php(102): Illuminate\\Routing\\Middleware\\ThrottleRequests->handleRequest(Object(Illuminate\\Http\\Request), Object(Closure), Array)
#30 C:\\xampp\\htdocs\\LARAVEL\\API-CRUD-APP\\vendor\\laravel\\framework\\src\\Illuminate\\Routing\\Middleware\\ThrottleRequests.php(54): Illuminate\\Routing\\Middleware\\ThrottleRequests->handleRequestUsingNamedLimiter(Object(Illuminate\\Http\\Request), Object(Closure), 'api', Object(Closure))
#31 C:\\xampp\\htdocs\\LARAVEL\\API-CRUD-APP\\vendor\\laravel\\framework\\src\\Illuminate\\Pipeline\\Pipeline.php(180): Illuminate\\Routing\\Middleware\\ThrottleRequests->handle(Object(Illuminate\\Http\\Request), Object(Closure), 'api')
#32 C:\\xampp\\htdocs\\LARAVEL\\API-CRUD-APP\\vendor\\laravel\\framework\\src\\Illuminate\\Pipeline\\Pipeline.php(116): Illuminate\\Pipeline\\Pipeline->Illuminate\\Pipeline\\{closure}(Object(Illuminate\\Http\\Request))
#33 C:\\xampp\\htdocs\\LARAVEL\\API-CRUD-APP\\vendor\\laravel\\framework\\src\\Illuminate\\Routing\\Router.php(799): Illuminate\\Pipeline\\Pipeline->then(Object(Closure))
#34 C:\\xampp\\htdocs\\LARAVEL\\API-CRUD-APP\\vendor\\laravel\\framework\\src\\Illuminate\\Routing\\Router.php(776): Illuminate\\Routing\\Router->runRouteWithinStack(Object(Illuminate\\Routing\\Route), Object(Illuminate\\Http\\Request))
#35 C:\\xampp\\htdocs\\LARAVEL\\API-CRUD-APP\\vendor\\laravel\\framework\\src\\Illuminate\\Routing\\Router.php(740): Illuminate\\Routing\\Router->runRoute(Object(Illuminate\\Http\\Request), Object(Illuminate\\Routing\\Route))
#36 C:\\xampp\\htdocs\\LARAVEL\\API-CRUD-APP\\vendor\\laravel\\framework\\src\\Illuminate\\Routing\\Router.php(729): Illuminate\\Routing\\Router->dispatchToRoute(Object(Illuminate\\Http\\Request))
#37 C:\\xampp\\htdocs\\LARAVEL\\API-CRUD-APP\\vendor\\laravel\\framework\\src\\Illuminate\\Foundation\\Http\\Kernel.php(190): Illuminate\\Routing\\Router->dispatch(Object(Illuminate\\Http\\Request))
#38 C:\\xampp\\htdocs\\LARAVEL\\API-CRUD-APP\\vendor\\laravel\\framework\\src\\Illuminate\\Pipeline\\Pipeline.php(141): Illuminate\\Foundation\\Http\\Kernel->Illuminate\\Foundation\\Http\\{closure}(Object(Illuminate\\Http\\Request))
#39 C:\\xampp\\htdocs\\LARAVEL\\API-CRUD-APP\\vendor\\laravel\\framework\\src\\Illuminate\\Foundation\\Http\\Middleware\\TransformsRequest.php(21): Illuminate\\Pipeline\\Pipeline->Illuminate\\Pipeline\\{closure}(Object(Illuminate\\Http\\Request))
#40 C:\\xampp\\htdocs\\LARAVEL\\API-CRUD-APP\\vendor\\laravel\\framework\\src\\Illuminate\\Foundation\\Http\\Middleware\\ConvertEmptyStringsToNull.php(31): Illuminate\\Foundation\\Http\\Middleware\\TransformsRequest->handle(Object(Illuminate\\Http\\Request), Object(Closure))
#41 C:\\xampp\\htdocs\\LARAVEL\\API-CRUD-APP\\vendor\\laravel\\framework\\src\\Illuminate\\Pipeline\\Pipeline.php(180): Illuminate\\Foundation\\Http\\Middleware\\ConvertEmptyStringsToNull->handle(Object(Illuminate\\Http\\Request), Object(Closure))
#42 C:\\xampp\\htdocs\\LARAVEL\\API-CRUD-APP\\vendor\\laravel\\framework\\src\\Illuminate\\Foundation\\Http\\Middleware\\TransformsRequest.php(21): Illuminate\\Pipeline\\Pipeline->Illuminate\\Pipeline\\{closure}(Object(Illuminate\\Http\\Request))
#43 C:\\xampp\\htdocs\\LARAVEL\\API-CRUD-APP\\vendor\\laravel\\framework\\src\\Illuminate\\Foundation\\Http\\Middleware\\TrimStrings.php(40): Illuminate\\Foundation\\Http\\Middleware\\TransformsRequest->handle(Object(Illuminate\\Http\\Request), Object(Closure))
#44 C:\\xampp\\htdocs\\LARAVEL\\API-CRUD-APP\\vendor\\laravel\\framework\\src\\Illuminate\\Pipeline\\Pipeline.php(180): Illuminate\\Foundation\\Http\\Middleware\\TrimStrings->handle(Object(Illuminate\\Http\\Request), Object(Closure))
#45 C:\\xampp\\htdocs\\LARAVEL\\API-CRUD-APP\\vendor\\laravel\\framework\\src\\Illuminate\\Foundation\\Http\\Middleware\\ValidatePostSize.php(27): Illuminate\\Pipeline\\Pipeline->Illuminate\\Pipeline\\{closure}(Object(Illuminate\\Http\\Request))
#46 C:\\xampp\\htdocs\\LARAVEL\\API-CRUD-APP\\vendor\\laravel\\framework\\src\\Illuminate\\Pipeline\\Pipeline.php(180): Illuminate\\Foundation\\Http\\Middleware\\ValidatePostSize->handle(Object(Illuminate\\Http\\Request), Object(Closure))
#47 C:\\xampp\\htdocs\\LARAVEL\\API-CRUD-APP\\vendor\\laravel\\framework\\src\\Illuminate\\Foundation\\Http\\Middleware\\PreventRequestsDuringMaintenance.php(86): Illuminate\\Pipeline\\Pipeline->Illuminate\\Pipeline\\{closure}(Object(Illuminate\\Http\\Request))
#48 C:\\xampp\\htdocs\\LARAVEL\\API-CRUD-APP\\vendor\\laravel\\framework\\src\\Illuminate\\Pipeline\\Pipeline.php(180): Illuminate\\Foundation\\Http\\Middleware\\PreventRequestsDuringMaintenance->handle(Object(Illuminate\\Http\\Request), Object(Closure))
#49 C:\\xampp\\htdocs\\LARAVEL\\API-CRUD-APP\\vendor\\laravel\\framework\\src\\Illuminate\\Http\\Middleware\\HandleCors.php(62): Illuminate\\Pipeline\\Pipeline->Illuminate\\Pipeline\\{closure}(Object(Illuminate\\Http\\Request))
#50 C:\\xampp\\htdocs\\LARAVEL\\API-CRUD-APP\\vendor\\laravel\\framework\\src\\Illuminate\\Pipeline\\Pipeline.php(180): Illuminate\\Http\\Middleware\\HandleCors->handle(Object(Illuminate\\Http\\Request), Object(Closure))
#51 C:\\xampp\\htdocs\\LARAVEL\\API-CRUD-APP\\vendor\\laravel\\framework\\src\\Illuminate\\Http\\Middleware\\TrustProxies.php(39): Illuminate\\Pipeline\\Pipeline->Illuminate\\Pipeline\\{closure}(Object(Illuminate\\Http\\Request))
#52 C:\\xampp\\htdocs\\LARAVEL\\API-CRUD-APP\\vendor\\laravel\\framework\\src\\Illuminate\\Pipeline\\Pipeline.php(180): Illuminate\\Http\\Middleware\\TrustProxies->handle(Object(Illuminate\\Http\\Request), Object(Closure))
#53 C:\\xampp\\htdocs\\LARAVEL\\API-CRUD-APP\\vendor\\laravel\\framework\\src\\Illuminate\\Pipeline\\Pipeline.php(116): Illuminate\\Pipeline\\Pipeline->Illuminate\\Pipeline\\{closure}(Object(Illuminate\\Http\\Request))
#54 C:\\xampp\\htdocs\\LARAVEL\\API-CRUD-APP\\vendor\\laravel\\framework\\src\\Illuminate\\Foundation\\Http\\Kernel.php(165): Illuminate\\Pipeline\\Pipeline->then(Object(Closure))
#55 C:\\xampp\\htdocs\\LARAVEL\\API-CRUD-APP\\vendor\\laravel\\framework\\src\\Illuminate\\Foundation\\Http\\Kernel.php(134): Illuminate\\Foundation\\Http\\Kernel->sendRequestThroughRouter(Object(Illuminate\\Http\\Request))
#56 C:\\xampp\\htdocs\\LARAVEL\\API-CRUD-APP\\public\\index.php(52): Illuminate\\Foundation\\Http\\Kernel->handle(Object(Illuminate\\Http\\Request))
#57 C:\\xampp\\htdocs\\LARAVEL\\API-CRUD-APP\\vendor\\laravel\\framework\\src\\Illuminate\\Foundation\\resources\\server.php(16): require_once('C:\\\\xampp\\\\htdocs...')
#58 {main}
"} 
[2024-10-04 04:12:01] local.ERROR: SQLSTATE[HY000]: General error: 1364 Field 'address' doesn't have a default value (SQL: insert into `students` (`name`, `updated_at`, `created_at`) values (Nikunj, 2024-10-04 04:11:59, 2024-10-04 04:11:59)) {"exception":"[object] (Illuminate\\Database\\QueryException(code: HY000): SQLSTATE[HY000]: General error: 1364 Field 'address' doesn't have a default value (SQL: insert into `students` (`name`, `updated_at`, `created_at`) values (Nikunj, 2024-10-04 04:11:59, 2024-10-04 04:11:59)) at C:\\xampp\\htdocs\\LARAVEL\\API-CRUD-APP\\vendor\\laravel\\framework\\src\\Illuminate\\Database\\Connection.php:760)
[stacktrace]
#0 C:\\xampp\\htdocs\\LARAVEL\\API-CRUD-APP\\vendor\\laravel\\framework\\src\\Illuminate\\Database\\Connection.php(720): Illuminate\\Database\\Connection->runQueryCallback('insert into `st...', Array, Object(Closure))
#1 C:\\xampp\\htdocs\\LARAVEL\\API-CRUD-APP\\vendor\\laravel\\framework\\src\\Illuminate\\Database\\Connection.php(546): Illuminate\\Database\\Connection->run('insert into `st...', Array, Object(Closure))
#2 C:\\xampp\\htdocs\\LARAVEL\\API-CRUD-APP\\vendor\\laravel\\framework\\src\\Illuminate\\Database\\Connection.php(498): Illuminate\\Database\\Connection->statement('insert into `st...', Array)
#3 C:\\xampp\\htdocs\\LARAVEL\\API-CRUD-APP\\vendor\\laravel\\framework\\src\\Illuminate\\Database\\Query\\Processors\\Processor.php(32): Illuminate\\Database\\Connection->insert('insert into `st...', Array)
#4 C:\\xampp\\htdocs\\LARAVEL\\API-CRUD-APP\\vendor\\laravel\\framework\\src\\Illuminate\\Database\\Query\\Builder.php(3322): Illuminate\\Database\\Query\\Processors\\Processor->processInsertGetId(Object(Illuminate\\Database\\Query\\Builder), 'insert into `st...', Array, 'id')
#5 C:\\xampp\\htdocs\\LARAVEL\\API-CRUD-APP\\vendor\\laravel\\framework\\src\\Illuminate\\Database\\Eloquent\\Builder.php(1869): Illuminate\\Database\\Query\\Builder->insertGetId(Array, 'id')
#6 C:\\xampp\\htdocs\\LARAVEL\\API-CRUD-APP\\vendor\\laravel\\framework\\src\\Illuminate\\Database\\Eloquent\\Model.php(1330): Illuminate\\Database\\Eloquent\\Builder->__call('insertGetId', Array)
#7 C:\\xampp\\htdocs\\LARAVEL\\API-CRUD-APP\\vendor\\laravel\\framework\\src\\Illuminate\\Database\\Eloquent\\Model.php(1295): Illuminate\\Database\\Eloquent\\Model->insertAndSetId(Object(Illuminate\\Database\\Eloquent\\Builder), Array)
#8 C:\\xampp\\htdocs\\LARAVEL\\API-CRUD-APP\\vendor\\laravel\\framework\\src\\Illuminate\\Database\\Eloquent\\Model.php(1138): Illuminate\\Database\\Eloquent\\Model->performInsert(Object(Illuminate\\Database\\Eloquent\\Builder))
#9 C:\\xampp\\htdocs\\LARAVEL\\API-CRUD-APP\\vendor\\laravel\\framework\\src\\Illuminate\\Database\\Eloquent\\Builder.php(986): Illuminate\\Database\\Eloquent\\Model->save()
#10 C:\\xampp\\htdocs\\LARAVEL\\API-CRUD-APP\\vendor\\laravel\\framework\\src\\Illuminate\\Support\\helpers.php(306): Illuminate\\Database\\Eloquent\\Builder->Illuminate\\Database\\Eloquent\\{closure}(Object(App\\Models\\Student))
#11 C:\\xampp\\htdocs\\LARAVEL\\API-CRUD-APP\\vendor\\laravel\\framework\\src\\Illuminate\\Database\\Eloquent\\Builder.php(987): tap(Object(App\\Models\\Student), Object(Closure))
#12 C:\\xampp\\htdocs\\LARAVEL\\API-CRUD-APP\\vendor\\laravel\\framework\\src\\Illuminate\\Support\\Traits\\ForwardsCalls.php(23): Illuminate\\Database\\Eloquent\\Builder->create(Array)
#13 C:\\xampp\\htdocs\\LARAVEL\\API-CRUD-APP\\vendor\\laravel\\framework\\src\\Illuminate\\Database\\Eloquent\\Model.php(2330): Illuminate\\Database\\Eloquent\\Model->forwardCallTo(Object(Illuminate\\Database\\Eloquent\\Builder), 'create', Array)
#14 C:\\xampp\\htdocs\\LARAVEL\\API-CRUD-APP\\app\\Http\\Controllers\\StudentsController.php(24): Illuminate\\Database\\Eloquent\\Model->__call('create', Array)
#15 C:\\xampp\\htdocs\\LARAVEL\\API-CRUD-APP\\vendor\\laravel\\framework\\src\\Illuminate\\Routing\\Controller.php(54): App\\Http\\Controllers\\StudentsController->store(Object(Illuminate\\Http\\Request))
#16 C:\\xampp\\htdocs\\LARAVEL\\API-CRUD-APP\\vendor\\laravel\\framework\\src\\Illuminate\\Routing\\ControllerDispatcher.php(43): Illuminate\\Routing\\Controller->callAction('store', Array)
#17 C:\\xampp\\htdocs\\LARAVEL\\API-CRUD-APP\\vendor\\laravel\\framework\\src\\Illuminate\\Routing\\Route.php(260): Illuminate\\Routing\\ControllerDispatcher->dispatch(Object(Illuminate\\Routing\\Route), Object(App\\Http\\Controllers\\StudentsController), 'store')
#18 C:\\xampp\\htdocs\\LARAVEL\\API-CRUD-APP\\vendor\\laravel\\framework\\src\\Illuminate\\Routing\\Route.php(205): Illuminate\\Routing\\Route->runController()
#19 C:\\xampp\\htdocs\\LARAVEL\\API-CRUD-APP\\vendor\\laravel\\framework\\src\\Illuminate\\Routing\\Router.php(798): Illuminate\\Routing\\Route->run()
#20 C:\\xampp\\htdocs\\LARAVEL\\API-CRUD-APP\\vendor\\laravel\\framework\\src\\Illuminate\\Pipeline\\Pipeline.php(141): Illuminate\\Routing\\Router->Illuminate\\Routing\\{closure}(Object(Illuminate\\Http\\Request))
#21 C:\\xampp\\htdocs\\LARAVEL\\API-CRUD-APP\\vendor\\laravel\\framework\\src\\Illuminate\\Routing\\Middleware\\SubstituteBindings.php(50): Illuminate\\Pipeline\\Pipeline->Illuminate\\Pipeline\\{closure}(Object(Illuminate\\Http\\Request))
#22 C:\\xampp\\htdocs\\LARAVEL\\API-CRUD-APP\\vendor\\laravel\\framework\\src\\Illuminate\\Pipeline\\Pipeline.php(180): Illuminate\\Routing\\Middleware\\SubstituteBindings->handle(Object(Illuminate\\Http\\Request), Object(Closure))
#23 C:\\xampp\\htdocs\\LARAVEL\\API-CRUD-APP\\vendor\\laravel\\framework\\src\\Illuminate\\Routing\\Middleware\\ThrottleRequests.php(126): Illuminate\\Pipeline\\Pipeline->Illuminate\\Pipeline\\{closure}(Object(Illuminate\\Http\\Request))
#24 C:\\xampp\\htdocs\\LARAVEL\\API-CRUD-APP\\vendor\\laravel\\framework\\src\\Illuminate\\Routing\\Middleware\\ThrottleRequests.php(102): Illuminate\\Routing\\Middleware\\ThrottleRequests->handleRequest(Object(Illuminate\\Http\\Request), Object(Closure), Array)
#25 C:\\xampp\\htdocs\\LARAVEL\\API-CRUD-APP\\vendor\\laravel\\framework\\src\\Illuminate\\Routing\\Middleware\\ThrottleRequests.php(54): Illuminate\\Routing\\Middleware\\ThrottleRequests->handleRequestUsingNamedLimiter(Object(Illuminate\\Http\\Request), Object(Closure), 'api', Object(Closure))
#26 C:\\xampp\\htdocs\\LARAVEL\\API-CRUD-APP\\vendor\\laravel\\framework\\src\\Illuminate\\Pipeline\\Pipeline.php(180): Illuminate\\Routing\\Middleware\\ThrottleRequests->handle(Object(Illuminate\\Http\\Request), Object(Closure), 'api')
#27 C:\\xampp\\htdocs\\LARAVEL\\API-CRUD-APP\\vendor\\laravel\\framework\\src\\Illuminate\\Pipeline\\Pipeline.php(116): Illuminate\\Pipeline\\Pipeline->Illuminate\\Pipeline\\{closure}(Object(Illuminate\\Http\\Request))
#28 C:\\xampp\\htdocs\\LARAVEL\\API-CRUD-APP\\vendor\\laravel\\framework\\src\\Illuminate\\Routing\\Router.php(799): Illuminate\\Pipeline\\Pipeline->then(Object(Closure))
#29 C:\\xampp\\htdocs\\LARAVEL\\API-CRUD-APP\\vendor\\laravel\\framework\\src\\Illuminate\\Routing\\Router.php(776): Illuminate\\Routing\\Router->runRouteWithinStack(Object(Illuminate\\Routing\\Route), Object(Illuminate\\Http\\Request))
#30 C:\\xampp\\htdocs\\LARAVEL\\API-CRUD-APP\\vendor\\laravel\\framework\\src\\Illuminate\\Routing\\Router.php(740): Illuminate\\Routing\\Router->runRoute(Object(Illuminate\\Http\\Request), Object(Illuminate\\Routing\\Route))
#31 C:\\xampp\\htdocs\\LARAVEL\\API-CRUD-APP\\vendor\\laravel\\framework\\src\\Illuminate\\Routing\\Router.php(729): Illuminate\\Routing\\Router->dispatchToRoute(Object(Illuminate\\Http\\Request))
#32 C:\\xampp\\htdocs\\LARAVEL\\API-CRUD-APP\\vendor\\laravel\\framework\\src\\Illuminate\\Foundation\\Http\\Kernel.php(190): Illuminate\\Routing\\Router->dispatch(Object(Illuminate\\Http\\Request))
#33 C:\\xampp\\htdocs\\LARAVEL\\API-CRUD-APP\\vendor\\laravel\\framework\\src\\Illuminate\\Pipeline\\Pipeline.php(141): Illuminate\\Foundation\\Http\\Kernel->Illuminate\\Foundation\\Http\\{closure}(Object(Illuminate\\Http\\Request))
#34 C:\\xampp\\htdocs\\LARAVEL\\API-CRUD-APP\\vendor\\laravel\\framework\\src\\Illuminate\\Foundation\\Http\\Middleware\\TransformsRequest.php(21): Illuminate\\Pipeline\\Pipeline->Illuminate\\Pipeline\\{closure}(Object(Illuminate\\Http\\Request))
#35 C:\\xampp\\htdocs\\LARAVEL\\API-CRUD-APP\\vendor\\laravel\\framework\\src\\Illuminate\\Foundation\\Http\\Middleware\\ConvertEmptyStringsToNull.php(31): Illuminate\\Foundation\\Http\\Middleware\\TransformsRequest->handle(Object(Illuminate\\Http\\Request), Object(Closure))
#36 C:\\xampp\\htdocs\\LARAVEL\\API-CRUD-APP\\vendor\\laravel\\framework\\src\\Illuminate\\Pipeline\\Pipeline.php(180): Illuminate\\Foundation\\Http\\Middleware\\ConvertEmptyStringsToNull->handle(Object(Illuminate\\Http\\Request), Object(Closure))
#37 C:\\xampp\\htdocs\\LARAVEL\\API-CRUD-APP\\vendor\\laravel\\framework\\src\\Illuminate\\Foundation\\Http\\Middleware\\TransformsRequest.php(21): Illuminate\\Pipeline\\Pipeline->Illuminate\\Pipeline\\{closure}(Object(Illuminate\\Http\\Request))
#38 C:\\xampp\\htdocs\\LARAVEL\\API-CRUD-APP\\vendor\\laravel\\framework\\src\\Illuminate\\Foundation\\Http\\Middleware\\TrimStrings.php(40): Illuminate\\Foundation\\Http\\Middleware\\TransformsRequest->handle(Object(Illuminate\\Http\\Request), Object(Closure))
#39 C:\\xampp\\htdocs\\LARAVEL\\API-CRUD-APP\\vendor\\laravel\\framework\\src\\Illuminate\\Pipeline\\Pipeline.php(180): Illuminate\\Foundation\\Http\\Middleware\\TrimStrings->handle(Object(Illuminate\\Http\\Request), Object(Closure))
#40 C:\\xampp\\htdocs\\LARAVEL\\API-CRUD-APP\\vendor\\laravel\\framework\\src\\Illuminate\\Foundation\\Http\\Middleware\\ValidatePostSize.php(27): Illuminate\\Pipeline\\Pipeline->Illuminate\\Pipeline\\{closure}(Object(Illuminate\\Http\\Request))
#41 C:\\xampp\\htdocs\\LARAVEL\\API-CRUD-APP\\vendor\\laravel\\framework\\src\\Illuminate\\Pipeline\\Pipeline.php(180): Illuminate\\Foundation\\Http\\Middleware\\ValidatePostSize->handle(Object(Illuminate\\Http\\Request), Object(Closure))
#42 C:\\xampp\\htdocs\\LARAVEL\\API-CRUD-APP\\vendor\\laravel\\framework\\src\\Illuminate\\Foundation\\Http\\Middleware\\PreventRequestsDuringMaintenance.php(86): Illuminate\\Pipeline\\Pipeline->Illuminate\\Pipeline\\{closure}(Object(Illuminate\\Http\\Request))
#43 C:\\xampp\\htdocs\\LARAVEL\\API-CRUD-APP\\vendor\\laravel\\framework\\src\\Illuminate\\Pipeline\\Pipeline.php(180): Illuminate\\Foundation\\Http\\Middleware\\PreventRequestsDuringMaintenance->handle(Object(Illuminate\\Http\\Request), Object(Closure))
#44 C:\\xampp\\htdocs\\LARAVEL\\API-CRUD-APP\\vendor\\laravel\\framework\\src\\Illuminate\\Http\\Middleware\\HandleCors.php(62): Illuminate\\Pipeline\\Pipeline->Illuminate\\Pipeline\\{closure}(Object(Illuminate\\Http\\Request))
#45 C:\\xampp\\htdocs\\LARAVEL\\API-CRUD-APP\\vendor\\laravel\\framework\\src\\Illuminate\\Pipeline\\Pipeline.php(180): Illuminate\\Http\\Middleware\\HandleCors->handle(Object(Illuminate\\Http\\Request), Object(Closure))
#46 C:\\xampp\\htdocs\\LARAVEL\\API-CRUD-APP\\vendor\\laravel\\framework\\src\\Illuminate\\Http\\Middleware\\TrustProxies.php(39): Illuminate\\Pipeline\\Pipeline->Illuminate\\Pipeline\\{closure}(Object(Illuminate\\Http\\Request))
#47 C:\\xampp\\htdocs\\LARAVEL\\API-CRUD-APP\\vendor\\laravel\\framework\\src\\Illuminate\\Pipeline\\Pipeline.php(180): Illuminate\\Http\\Middleware\\TrustProxies->handle(Object(Illuminate\\Http\\Request), Object(Closure))
#48 C:\\xampp\\htdocs\\LARAVEL\\API-CRUD-APP\\vendor\\laravel\\framework\\src\\Illuminate\\Pipeline\\Pipeline.php(116): Illuminate\\Pipeline\\Pipeline->Illuminate\\Pipeline\\{closure}(Object(Illuminate\\Http\\Request))
#49 C:\\xampp\\htdocs\\LARAVEL\\API-CRUD-APP\\vendor\\laravel\\framework\\src\\Illuminate\\Foundation\\Http\\Kernel.php(165): Illuminate\\Pipeline\\Pipeline->then(Object(Closure))
#50 C:\\xampp\\htdocs\\LARAVEL\\API-CRUD-APP\\vendor\\laravel\\framework\\src\\Illuminate\\Foundation\\Http\\Kernel.php(134): Illuminate\\Foundation\\Http\\Kernel->sendRequestThroughRouter(Object(Illuminate\\Http\\Request))
#51 C:\\xampp\\htdocs\\LARAVEL\\API-CRUD-APP\\public\\index.php(52): Illuminate\\Foundation\\Http\\Kernel->handle(Object(Illuminate\\Http\\Request))
#52 C:\\xampp\\htdocs\\LARAVEL\\API-CRUD-APP\\vendor\\laravel\\framework\\src\\Illuminate\\Foundation\\resources\\server.php(16): require_once('C:\\\\xampp\\\\htdocs...')
#53 {main}

[previous exception] [object] (PDOException(code: HY000): SQLSTATE[HY000]: General error: 1364 Field 'address' doesn't have a default value at C:\\xampp\\htdocs\\LARAVEL\\API-CRUD-APP\\vendor\\laravel\\framework\\src\\Illuminate\\Database\\Connection.php:545)
[stacktrace]
#0 C:\\xampp\\htdocs\\LARAVEL\\API-CRUD-APP\\vendor\\laravel\\framework\\src\\Illuminate\\Database\\Connection.php(545): PDOStatement->execute()
#1 C:\\xampp\\htdocs\\LARAVEL\\API-CRUD-APP\\vendor\\laravel\\framework\\src\\Illuminate\\Database\\Connection.php(753): Illuminate\\Database\\Connection->Illuminate\\Database\\{closure}('insert into `st...', Array)
#2 C:\\xampp\\htdocs\\LARAVEL\\API-CRUD-APP\\vendor\\laravel\\framework\\src\\Illuminate\\Database\\Connection.php(720): Illuminate\\Database\\Connection->runQueryCallback('insert into `st...', Array, Object(Closure))
#3 C:\\xampp\\htdocs\\LARAVEL\\API-CRUD-APP\\vendor\\laravel\\framework\\src\\Illuminate\\Database\\Connection.php(546): Illuminate\\Database\\Connection->run('insert into `st...', Array, Object(Closure))
#4 C:\\xampp\\htdocs\\LARAVEL\\API-CRUD-APP\\vendor\\laravel\\framework\\src\\Illuminate\\Database\\Connection.php(498): Illuminate\\Database\\Connection->statement('insert into `st...', Array)
#5 C:\\xampp\\htdocs\\LARAVEL\\API-CRUD-APP\\vendor\\laravel\\framework\\src\\Illuminate\\Database\\Query\\Processors\\Processor.php(32): Illuminate\\Database\\Connection->insert('insert into `st...', Array)
#6 C:\\xampp\\htdocs\\LARAVEL\\API-CRUD-APP\\vendor\\laravel\\framework\\src\\Illuminate\\Database\\Query\\Builder.php(3322): Illuminate\\Database\\Query\\Processors\\Processor->processInsertGetId(Object(Illuminate\\Database\\Query\\Builder), 'insert into `st...', Array, 'id')
#7 C:\\xampp\\htdocs\\LARAVEL\\API-CRUD-APP\\vendor\\laravel\\framework\\src\\Illuminate\\Database\\Eloquent\\Builder.php(1869): Illuminate\\Database\\Query\\Builder->insertGetId(Array, 'id')
#8 C:\\xampp\\htdocs\\LARAVEL\\API-CRUD-APP\\vendor\\laravel\\framework\\src\\Illuminate\\Database\\Eloquent\\Model.php(1330): Illuminate\\Database\\Eloquent\\Builder->__call('insertGetId', Array)
#9 C:\\xampp\\htdocs\\LARAVEL\\API-CRUD-APP\\vendor\\laravel\\framework\\src\\Illuminate\\Database\\Eloquent\\Model.php(1295): Illuminate\\Database\\Eloquent\\Model->insertAndSetId(Object(Illuminate\\Database\\Eloquent\\Builder), Array)
#10 C:\\xampp\\htdocs\\LARAVEL\\API-CRUD-APP\\vendor\\laravel\\framework\\src\\Illuminate\\Database\\Eloquent\\Model.php(1138): Illuminate\\Database\\Eloquent\\Model->performInsert(Object(Illuminate\\Database\\Eloquent\\Builder))
#11 C:\\xampp\\htdocs\\LARAVEL\\API-CRUD-APP\\vendor\\laravel\\framework\\src\\Illuminate\\Database\\Eloquent\\Builder.php(986): Illuminate\\Database\\Eloquent\\Model->save()
#12 C:\\xampp\\htdocs\\LARAVEL\\API-CRUD-APP\\vendor\\laravel\\framework\\src\\Illuminate\\Support\\helpers.php(306): Illuminate\\Database\\Eloquent\\Builder->Illuminate\\Database\\Eloquent\\{closure}(Object(App\\Models\\Student))
#13 C:\\xampp\\htdocs\\LARAVEL\\API-CRUD-APP\\vendor\\laravel\\framework\\src\\Illuminate\\Database\\Eloquent\\Builder.php(987): tap(Object(App\\Models\\Student), Object(Closure))
#14 C:\\xampp\\htdocs\\LARAVEL\\API-CRUD-APP\\vendor\\laravel\\framework\\src\\Illuminate\\Support\\Traits\\ForwardsCalls.php(23): Illuminate\\Database\\Eloquent\\Builder->create(Array)
#15 C:\\xampp\\htdocs\\LARAVEL\\API-CRUD-APP\\vendor\\laravel\\framework\\src\\Illuminate\\Database\\Eloquent\\Model.php(2330): Illuminate\\Database\\Eloquent\\Model->forwardCallTo(Object(Illuminate\\Database\\Eloquent\\Builder), 'create', Array)
#16 C:\\xampp\\htdocs\\LARAVEL\\API-CRUD-APP\\app\\Http\\Controllers\\StudentsController.php(24): Illuminate\\Database\\Eloquent\\Model->__call('create', Array)
#17 C:\\xampp\\htdocs\\LARAVEL\\API-CRUD-APP\\vendor\\laravel\\framework\\src\\Illuminate\\Routing\\Controller.php(54): App\\Http\\Controllers\\StudentsController->store(Object(Illuminate\\Http\\Request))
#18 C:\\xampp\\htdocs\\LARAVEL\\API-CRUD-APP\\vendor\\laravel\\framework\\src\\Illuminate\\Routing\\ControllerDispatcher.php(43): Illuminate\\Routing\\Controller->callAction('store', Array)
#19 C:\\xampp\\htdocs\\LARAVEL\\API-CRUD-APP\\vendor\\laravel\\framework\\src\\Illuminate\\Routing\\Route.php(260): Illuminate\\Routing\\ControllerDispatcher->dispatch(Object(Illuminate\\Routing\\Route), Object(App\\Http\\Controllers\\StudentsController), 'store')
#20 C:\\xampp\\htdocs\\LARAVEL\\API-CRUD-APP\\vendor\\laravel\\framework\\src\\Illuminate\\Routing\\Route.php(205): Illuminate\\Routing\\Route->runController()
#21 C:\\xampp\\htdocs\\LARAVEL\\API-CRUD-APP\\vendor\\laravel\\framework\\src\\Illuminate\\Routing\\Router.php(798): Illuminate\\Routing\\Route->run()
#22 C:\\xampp\\htdocs\\LARAVEL\\API-CRUD-APP\\vendor\\laravel\\framework\\src\\Illuminate\\Pipeline\\Pipeline.php(141): Illuminate\\Routing\\Router->Illuminate\\Routing\\{closure}(Object(Illuminate\\Http\\Request))
#23 C:\\xampp\\htdocs\\LARAVEL\\API-CRUD-APP\\vendor\\laravel\\framework\\src\\Illuminate\\Routing\\Middleware\\SubstituteBindings.php(50): Illuminate\\Pipeline\\Pipeline->Illuminate\\Pipeline\\{closure}(Object(Illuminate\\Http\\Request))
#24 C:\\xampp\\htdocs\\LARAVEL\\API-CRUD-APP\\vendor\\laravel\\framework\\src\\Illuminate\\Pipeline\\Pipeline.php(180): Illuminate\\Routing\\Middleware\\SubstituteBindings->handle(Object(Illuminate\\Http\\Request), Object(Closure))
#25 C:\\xampp\\htdocs\\LARAVEL\\API-CRUD-APP\\vendor\\laravel\\framework\\src\\Illuminate\\Routing\\Middleware\\ThrottleRequests.php(126): Illuminate\\Pipeline\\Pipeline->Illuminate\\Pipeline\\{closure}(Object(Illuminate\\Http\\Request))
#26 C:\\xampp\\htdocs\\LARAVEL\\API-CRUD-APP\\vendor\\laravel\\framework\\src\\Illuminate\\Routing\\Middleware\\ThrottleRequests.php(102): Illuminate\\Routing\\Middleware\\ThrottleRequests->handleRequest(Object(Illuminate\\Http\\Request), Object(Closure), Array)
#27 C:\\xampp\\htdocs\\LARAVEL\\API-CRUD-APP\\vendor\\laravel\\framework\\src\\Illuminate\\Routing\\Middleware\\ThrottleRequests.php(54): Illuminate\\Routing\\Middleware\\ThrottleRequests->handleRequestUsingNamedLimiter(Object(Illuminate\\Http\\Request), Object(Closure), 'api', Object(Closure))
#28 C:\\xampp\\htdocs\\LARAVEL\\API-CRUD-APP\\vendor\\laravel\\framework\\src\\Illuminate\\Pipeline\\Pipeline.php(180): Illuminate\\Routing\\Middleware\\ThrottleRequests->handle(Object(Illuminate\\Http\\Request), Object(Closure), 'api')
#29 C:\\xampp\\htdocs\\LARAVEL\\API-CRUD-APP\\vendor\\laravel\\framework\\src\\Illuminate\\Pipeline\\Pipeline.php(116): Illuminate\\Pipeline\\Pipeline->Illuminate\\Pipeline\\{closure}(Object(Illuminate\\Http\\Request))
#30 C:\\xampp\\htdocs\\LARAVEL\\API-CRUD-APP\\vendor\\laravel\\framework\\src\\Illuminate\\Routing\\Router.php(799): Illuminate\\Pipeline\\Pipeline->then(Object(Closure))
#31 C:\\xampp\\htdocs\\LARAVEL\\API-CRUD-APP\\vendor\\laravel\\framework\\src\\Illuminate\\Routing\\Router.php(776): Illuminate\\Routing\\Router->runRouteWithinStack(Object(Illuminate\\Routing\\Route), Object(Illuminate\\Http\\Request))
#32 C:\\xampp\\htdocs\\LARAVEL\\API-CRUD-APP\\vendor\\laravel\\framework\\src\\Illuminate\\Routing\\Router.php(740): Illuminate\\Routing\\Router->runRoute(Object(Illuminate\\Http\\Request), Object(Illuminate\\Routing\\Route))
#33 C:\\xampp\\htdocs\\LARAVEL\\API-CRUD-APP\\vendor\\laravel\\framework\\src\\Illuminate\\Routing\\Router.php(729): Illuminate\\Routing\\Router->dispatchToRoute(Object(Illuminate\\Http\\Request))
#34 C:\\xampp\\htdocs\\LARAVEL\\API-CRUD-APP\\vendor\\laravel\\framework\\src\\Illuminate\\Foundation\\Http\\Kernel.php(190): Illuminate\\Routing\\Router->dispatch(Object(Illuminate\\Http\\Request))
#35 C:\\xampp\\htdocs\\LARAVEL\\API-CRUD-APP\\vendor\\laravel\\framework\\src\\Illuminate\\Pipeline\\Pipeline.php(141): Illuminate\\Foundation\\Http\\Kernel->Illuminate\\Foundation\\Http\\{closure}(Object(Illuminate\\Http\\Request))
#36 C:\\xampp\\htdocs\\LARAVEL\\API-CRUD-APP\\vendor\\laravel\\framework\\src\\Illuminate\\Foundation\\Http\\Middleware\\TransformsRequest.php(21): Illuminate\\Pipeline\\Pipeline->Illuminate\\Pipeline\\{closure}(Object(Illuminate\\Http\\Request))
#37 C:\\xampp\\htdocs\\LARAVEL\\API-CRUD-APP\\vendor\\laravel\\framework\\src\\Illuminate\\Foundation\\Http\\Middleware\\ConvertEmptyStringsToNull.php(31): Illuminate\\Foundation\\Http\\Middleware\\TransformsRequest->handle(Object(Illuminate\\Http\\Request), Object(Closure))
#38 C:\\xampp\\htdocs\\LARAVEL\\API-CRUD-APP\\vendor\\laravel\\framework\\src\\Illuminate\\Pipeline\\Pipeline.php(180): Illuminate\\Foundation\\Http\\Middleware\\ConvertEmptyStringsToNull->handle(Object(Illuminate\\Http\\Request), Object(Closure))
#39 C:\\xampp\\htdocs\\LARAVEL\\API-CRUD-APP\\vendor\\laravel\\framework\\src\\Illuminate\\Foundation\\Http\\Middleware\\TransformsRequest.php(21): Illuminate\\Pipeline\\Pipeline->Illuminate\\Pipeline\\{closure}(Object(Illuminate\\Http\\Request))
#40 C:\\xampp\\htdocs\\LARAVEL\\API-CRUD-APP\\vendor\\laravel\\framework\\src\\Illuminate\\Foundation\\Http\\Middleware\\TrimStrings.php(40): Illuminate\\Foundation\\Http\\Middleware\\TransformsRequest->handle(Object(Illuminate\\Http\\Request), Object(Closure))
#41 C:\\xampp\\htdocs\\LARAVEL\\API-CRUD-APP\\vendor\\laravel\\framework\\src\\Illuminate\\Pipeline\\Pipeline.php(180): Illuminate\\Foundation\\Http\\Middleware\\TrimStrings->handle(Object(Illuminate\\Http\\Request), Object(Closure))
#42 C:\\xampp\\htdocs\\LARAVEL\\API-CRUD-APP\\vendor\\laravel\\framework\\src\\Illuminate\\Foundation\\Http\\Middleware\\ValidatePostSize.php(27): Illuminate\\Pipeline\\Pipeline->Illuminate\\Pipeline\\{closure}(Object(Illuminate\\Http\\Request))
#43 C:\\xampp\\htdocs\\LARAVEL\\API-CRUD-APP\\vendor\\laravel\\framework\\src\\Illuminate\\Pipeline\\Pipeline.php(180): Illuminate\\Foundation\\Http\\Middleware\\ValidatePostSize->handle(Object(Illuminate\\Http\\Request), Object(Closure))
#44 C:\\xampp\\htdocs\\LARAVEL\\API-CRUD-APP\\vendor\\laravel\\framework\\src\\Illuminate\\Foundation\\Http\\Middleware\\PreventRequestsDuringMaintenance.php(86): Illuminate\\Pipeline\\Pipeline->Illuminate\\Pipeline\\{closure}(Object(Illuminate\\Http\\Request))
#45 C:\\xampp\\htdocs\\LARAVEL\\API-CRUD-APP\\vendor\\laravel\\framework\\src\\Illuminate\\Pipeline\\Pipeline.php(180): Illuminate\\Foundation\\Http\\Middleware\\PreventRequestsDuringMaintenance->handle(Object(Illuminate\\Http\\Request), Object(Closure))
#46 C:\\xampp\\htdocs\\LARAVEL\\API-CRUD-APP\\vendor\\laravel\\framework\\src\\Illuminate\\Http\\Middleware\\HandleCors.php(62): Illuminate\\Pipeline\\Pipeline->Illuminate\\Pipeline\\{closure}(Object(Illuminate\\Http\\Request))
#47 C:\\xampp\\htdocs\\LARAVEL\\API-CRUD-APP\\vendor\\laravel\\framework\\src\\Illuminate\\Pipeline\\Pipeline.php(180): Illuminate\\Http\\Middleware\\HandleCors->handle(Object(Illuminate\\Http\\Request), Object(Closure))
#48 C:\\xampp\\htdocs\\LARAVEL\\API-CRUD-APP\\vendor\\laravel\\framework\\src\\Illuminate\\Http\\Middleware\\TrustProxies.php(39): Illuminate\\Pipeline\\Pipeline->Illuminate\\Pipeline\\{closure}(Object(Illuminate\\Http\\Request))
#49 C:\\xampp\\htdocs\\LARAVEL\\API-CRUD-APP\\vendor\\laravel\\framework\\src\\Illuminate\\Pipeline\\Pipeline.php(180): Illuminate\\Http\\Middleware\\TrustProxies->handle(Object(Illuminate\\Http\\Request), Object(Closure))
#50 C:\\xampp\\htdocs\\LARAVEL\\API-CRUD-APP\\vendor\\laravel\\framework\\src\\Illuminate\\Pipeline\\Pipeline.php(116): Illuminate\\Pipeline\\Pipeline->Illuminate\\Pipeline\\{closure}(Object(Illuminate\\Http\\Request))
#51 C:\\xampp\\htdocs\\LARAVEL\\API-CRUD-APP\\vendor\\laravel\\framework\\src\\Illuminate\\Foundation\\Http\\Kernel.php(165): Illuminate\\Pipeline\\Pipeline->then(Object(Closure))
#52 C:\\xampp\\htdocs\\LARAVEL\\API-CRUD-APP\\vendor\\laravel\\framework\\src\\Illuminate\\Foundation\\Http\\Kernel.php(134): Illuminate\\Foundation\\Http\\Kernel->sendRequestThroughRouter(Object(Illuminate\\Http\\Request))
#53 C:\\xampp\\htdocs\\LARAVEL\\API-CRUD-APP\\public\\index.php(52): Illuminate\\Foundation\\Http\\Kernel->handle(Object(Illuminate\\Http\\Request))
#54 C:\\xampp\\htdocs\\LARAVEL\\API-CRUD-APP\\vendor\\laravel\\framework\\src\\Illuminate\\Foundation\\resources\\server.php(16): require_once('C:\\\\xampp\\\\htdocs...')
#55 {main}
"} 
[2024-10-04 04:16:59] local.ERROR: Symfony\Component\HttpFoundation\Response::setContent(): Argument #1 ($content) must be of type ?string, Illuminate\Database\Eloquent\Builder given, called in C:\xampp\htdocs\LARAVEL\API-CRUD-APP\vendor\laravel\framework\src\Illuminate\Http\Response.php on line 72 {"exception":"[object] (TypeError(code: 0): Symfony\\Component\\HttpFoundation\\Response::setContent(): Argument #1 ($content) must be of type ?string, Illuminate\\Database\\Eloquent\\Builder given, called in C:\\xampp\\htdocs\\LARAVEL\\API-CRUD-APP\\vendor\\laravel\\framework\\src\\Illuminate\\Http\\Response.php on line 72 at C:\\xampp\\htdocs\\LARAVEL\\API-CRUD-APP\\vendor\\symfony\\http-foundation\\Response.php:392)
[stacktrace]
#0 C:\\xampp\\htdocs\\LARAVEL\\API-CRUD-APP\\vendor\\laravel\\framework\\src\\Illuminate\\Http\\Response.php(72): Symfony\\Component\\HttpFoundation\\Response->setContent(Object(Illuminate\\Database\\Eloquent\\Builder))
#1 C:\\xampp\\htdocs\\LARAVEL\\API-CRUD-APP\\vendor\\laravel\\framework\\src\\Illuminate\\Http\\Response.php(35): Illuminate\\Http\\Response->setContent(Object(Illuminate\\Database\\Eloquent\\Builder))
#2 C:\\xampp\\htdocs\\LARAVEL\\API-CRUD-APP\\vendor\\laravel\\framework\\src\\Illuminate\\Routing\\Router.php(906): Illuminate\\Http\\Response->__construct(Object(Illuminate\\Database\\Eloquent\\Builder), 200, Array)
#3 C:\\xampp\\htdocs\\LARAVEL\\API-CRUD-APP\\vendor\\laravel\\framework\\src\\Illuminate\\Routing\\Router.php(875): Illuminate\\Routing\\Router::toResponse(Object(Illuminate\\Http\\Request), Object(Illuminate\\Database\\Eloquent\\Builder))
#4 C:\\xampp\\htdocs\\LARAVEL\\API-CRUD-APP\\vendor\\laravel\\framework\\src\\Illuminate\\Routing\\Router.php(798): Illuminate\\Routing\\Router->prepareResponse(Object(Illuminate\\Http\\Request), Object(Illuminate\\Database\\Eloquent\\Builder))
#5 C:\\xampp\\htdocs\\LARAVEL\\API-CRUD-APP\\vendor\\laravel\\framework\\src\\Illuminate\\Pipeline\\Pipeline.php(141): Illuminate\\Routing\\Router->Illuminate\\Routing\\{closure}(Object(Illuminate\\Http\\Request))
#6 C:\\xampp\\htdocs\\LARAVEL\\API-CRUD-APP\\vendor\\laravel\\framework\\src\\Illuminate\\Routing\\Middleware\\SubstituteBindings.php(50): Illuminate\\Pipeline\\Pipeline->Illuminate\\Pipeline\\{closure}(Object(Illuminate\\Http\\Request))
#7 C:\\xampp\\htdocs\\LARAVEL\\API-CRUD-APP\\vendor\\laravel\\framework\\src\\Illuminate\\Pipeline\\Pipeline.php(180): Illuminate\\Routing\\Middleware\\SubstituteBindings->handle(Object(Illuminate\\Http\\Request), Object(Closure))
#8 C:\\xampp\\htdocs\\LARAVEL\\API-CRUD-APP\\vendor\\laravel\\framework\\src\\Illuminate\\Routing\\Middleware\\ThrottleRequests.php(126): Illuminate\\Pipeline\\Pipeline->Illuminate\\Pipeline\\{closure}(Object(Illuminate\\Http\\Request))
#9 C:\\xampp\\htdocs\\LARAVEL\\API-CRUD-APP\\vendor\\laravel\\framework\\src\\Illuminate\\Routing\\Middleware\\ThrottleRequests.php(102): Illuminate\\Routing\\Middleware\\ThrottleRequests->handleRequest(Object(Illuminate\\Http\\Request), Object(Closure), Array)
#10 C:\\xampp\\htdocs\\LARAVEL\\API-CRUD-APP\\vendor\\laravel\\framework\\src\\Illuminate\\Routing\\Middleware\\ThrottleRequests.php(54): Illuminate\\Routing\\Middleware\\ThrottleRequests->handleRequestUsingNamedLimiter(Object(Illuminate\\Http\\Request), Object(Closure), 'api', Object(Closure))
#11 C:\\xampp\\htdocs\\LARAVEL\\API-CRUD-APP\\vendor\\laravel\\framework\\src\\Illuminate\\Pipeline\\Pipeline.php(180): Illuminate\\Routing\\Middleware\\ThrottleRequests->handle(Object(Illuminate\\Http\\Request), Object(Closure), 'api')
#12 C:\\xampp\\htdocs\\LARAVEL\\API-CRUD-APP\\vendor\\laravel\\framework\\src\\Illuminate\\Pipeline\\Pipeline.php(116): Illuminate\\Pipeline\\Pipeline->Illuminate\\Pipeline\\{closure}(Object(Illuminate\\Http\\Request))
#13 C:\\xampp\\htdocs\\LARAVEL\\API-CRUD-APP\\vendor\\laravel\\framework\\src\\Illuminate\\Routing\\Router.php(799): Illuminate\\Pipeline\\Pipeline->then(Object(Closure))
#14 C:\\xampp\\htdocs\\LARAVEL\\API-CRUD-APP\\vendor\\laravel\\framework\\src\\Illuminate\\Routing\\Router.php(776): Illuminate\\Routing\\Router->runRouteWithinStack(Object(Illuminate\\Routing\\Route), Object(Illuminate\\Http\\Request))
#15 C:\\xampp\\htdocs\\LARAVEL\\API-CRUD-APP\\vendor\\laravel\\framework\\src\\Illuminate\\Routing\\Router.php(740): Illuminate\\Routing\\Router->runRoute(Object(Illuminate\\Http\\Request), Object(Illuminate\\Routing\\Route))
#16 C:\\xampp\\htdocs\\LARAVEL\\API-CRUD-APP\\vendor\\laravel\\framework\\src\\Illuminate\\Routing\\Router.php(729): Illuminate\\Routing\\Router->dispatchToRoute(Object(Illuminate\\Http\\Request))
#17 C:\\xampp\\htdocs\\LARAVEL\\API-CRUD-APP\\vendor\\laravel\\framework\\src\\Illuminate\\Foundation\\Http\\Kernel.php(190): Illuminate\\Routing\\Router->dispatch(Object(Illuminate\\Http\\Request))
#18 C:\\xampp\\htdocs\\LARAVEL\\API-CRUD-APP\\vendor\\laravel\\framework\\src\\Illuminate\\Pipeline\\Pipeline.php(141): Illuminate\\Foundation\\Http\\Kernel->Illuminate\\Foundation\\Http\\{closure}(Object(Illuminate\\Http\\Request))
#19 C:\\xampp\\htdocs\\LARAVEL\\API-CRUD-APP\\vendor\\laravel\\framework\\src\\Illuminate\\Foundation\\Http\\Middleware\\TransformsRequest.php(21): Illuminate\\Pipeline\\Pipeline->Illuminate\\Pipeline\\{closure}(Object(Illuminate\\Http\\Request))
#20 C:\\xampp\\htdocs\\LARAVEL\\API-CRUD-APP\\vendor\\laravel\\framework\\src\\Illuminate\\Foundation\\Http\\Middleware\\ConvertEmptyStringsToNull.php(31): Illuminate\\Foundation\\Http\\Middleware\\TransformsRequest->handle(Object(Illuminate\\Http\\Request), Object(Closure))
#21 C:\\xampp\\htdocs\\LARAVEL\\API-CRUD-APP\\vendor\\laravel\\framework\\src\\Illuminate\\Pipeline\\Pipeline.php(180): Illuminate\\Foundation\\Http\\Middleware\\ConvertEmptyStringsToNull->handle(Object(Illuminate\\Http\\Request), Object(Closure))
#22 C:\\xampp\\htdocs\\LARAVEL\\API-CRUD-APP\\vendor\\laravel\\framework\\src\\Illuminate\\Foundation\\Http\\Middleware\\TransformsRequest.php(21): Illuminate\\Pipeline\\Pipeline->Illuminate\\Pipeline\\{closure}(Object(Illuminate\\Http\\Request))
#23 C:\\xampp\\htdocs\\LARAVEL\\API-CRUD-APP\\vendor\\laravel\\framework\\src\\Illuminate\\Foundation\\Http\\Middleware\\TrimStrings.php(40): Illuminate\\Foundation\\Http\\Middleware\\TransformsRequest->handle(Object(Illuminate\\Http\\Request), Object(Closure))
#24 C:\\xampp\\htdocs\\LARAVEL\\API-CRUD-APP\\vendor\\laravel\\framework\\src\\Illuminate\\Pipeline\\Pipeline.php(180): Illuminate\\Foundation\\Http\\Middleware\\TrimStrings->handle(Object(Illuminate\\Http\\Request), Object(Closure))
#25 C:\\xampp\\htdocs\\LARAVEL\\API-CRUD-APP\\vendor\\laravel\\framework\\src\\Illuminate\\Foundation\\Http\\Middleware\\ValidatePostSize.php(27): Illuminate\\Pipeline\\Pipeline->Illuminate\\Pipeline\\{closure}(Object(Illuminate\\Http\\Request))
#26 C:\\xampp\\htdocs\\LARAVEL\\API-CRUD-APP\\vendor\\laravel\\framework\\src\\Illuminate\\Pipeline\\Pipeline.php(180): Illuminate\\Foundation\\Http\\Middleware\\ValidatePostSize->handle(Object(Illuminate\\Http\\Request), Object(Closure))
#27 C:\\xampp\\htdocs\\LARAVEL\\API-CRUD-APP\\vendor\\laravel\\framework\\src\\Illuminate\\Foundation\\Http\\Middleware\\PreventRequestsDuringMaintenance.php(86): Illuminate\\Pipeline\\Pipeline->Illuminate\\Pipeline\\{closure}(Object(Illuminate\\Http\\Request))
#28 C:\\xampp\\htdocs\\LARAVEL\\API-CRUD-APP\\vendor\\laravel\\framework\\src\\Illuminate\\Pipeline\\Pipeline.php(180): Illuminate\\Foundation\\Http\\Middleware\\PreventRequestsDuringMaintenance->handle(Object(Illuminate\\Http\\Request), Object(Closure))
#29 C:\\xampp\\htdocs\\LARAVEL\\API-CRUD-APP\\vendor\\laravel\\framework\\src\\Illuminate\\Http\\Middleware\\HandleCors.php(62): Illuminate\\Pipeline\\Pipeline->Illuminate\\Pipeline\\{closure}(Object(Illuminate\\Http\\Request))
#30 C:\\xampp\\htdocs\\LARAVEL\\API-CRUD-APP\\vendor\\laravel\\framework\\src\\Illuminate\\Pipeline\\Pipeline.php(180): Illuminate\\Http\\Middleware\\HandleCors->handle(Object(Illuminate\\Http\\Request), Object(Closure))
#31 C:\\xampp\\htdocs\\LARAVEL\\API-CRUD-APP\\vendor\\laravel\\framework\\src\\Illuminate\\Http\\Middleware\\TrustProxies.php(39): Illuminate\\Pipeline\\Pipeline->Illuminate\\Pipeline\\{closure}(Object(Illuminate\\Http\\Request))
#32 C:\\xampp\\htdocs\\LARAVEL\\API-CRUD-APP\\vendor\\laravel\\framework\\src\\Illuminate\\Pipeline\\Pipeline.php(180): Illuminate\\Http\\Middleware\\TrustProxies->handle(Object(Illuminate\\Http\\Request), Object(Closure))
#33 C:\\xampp\\htdocs\\LARAVEL\\API-CRUD-APP\\vendor\\laravel\\framework\\src\\Illuminate\\Pipeline\\Pipeline.php(116): Illuminate\\Pipeline\\Pipeline->Illuminate\\Pipeline\\{closure}(Object(Illuminate\\Http\\Request))
#34 C:\\xampp\\htdocs\\LARAVEL\\API-CRUD-APP\\vendor\\laravel\\framework\\src\\Illuminate\\Foundation\\Http\\Kernel.php(165): Illuminate\\Pipeline\\Pipeline->then(Object(Closure))
#35 C:\\xampp\\htdocs\\LARAVEL\\API-CRUD-APP\\vendor\\laravel\\framework\\src\\Illuminate\\Foundation\\Http\\Kernel.php(134): Illuminate\\Foundation\\Http\\Kernel->sendRequestThroughRouter(Object(Illuminate\\Http\\Request))
#36 C:\\xampp\\htdocs\\LARAVEL\\API-CRUD-APP\\public\\index.php(52): Illuminate\\Foundation\\Http\\Kernel->handle(Object(Illuminate\\Http\\Request))
#37 C:\\xampp\\htdocs\\LARAVEL\\API-CRUD-APP\\vendor\\laravel\\framework\\src\\Illuminate\\Foundation\\resources\\server.php(16): require_once('C:\\\\xampp\\\\htdocs...')
#38 {main}
"} 
[2024-10-04 04:18:26] local.ERROR: Symfony\Component\HttpFoundation\Response::setContent(): Argument #1 ($content) must be of type ?string, Illuminate\Database\Eloquent\Builder given, called in C:\xampp\htdocs\LARAVEL\API-CRUD-APP\vendor\laravel\framework\src\Illuminate\Http\Response.php on line 72 {"exception":"[object] (TypeError(code: 0): Symfony\\Component\\HttpFoundation\\Response::setContent(): Argument #1 ($content) must be of type ?string, Illuminate\\Database\\Eloquent\\Builder given, called in C:\\xampp\\htdocs\\LARAVEL\\API-CRUD-APP\\vendor\\laravel\\framework\\src\\Illuminate\\Http\\Response.php on line 72 at C:\\xampp\\htdocs\\LARAVEL\\API-CRUD-APP\\vendor\\symfony\\http-foundation\\Response.php:392)
[stacktrace]
#0 C:\\xampp\\htdocs\\LARAVEL\\API-CRUD-APP\\vendor\\laravel\\framework\\src\\Illuminate\\Http\\Response.php(72): Symfony\\Component\\HttpFoundation\\Response->setContent(Object(Illuminate\\Database\\Eloquent\\Builder))
#1 C:\\xampp\\htdocs\\LARAVEL\\API-CRUD-APP\\vendor\\laravel\\framework\\src\\Illuminate\\Http\\Response.php(35): Illuminate\\Http\\Response->setContent(Object(Illuminate\\Database\\Eloquent\\Builder))
#2 C:\\xampp\\htdocs\\LARAVEL\\API-CRUD-APP\\vendor\\laravel\\framework\\src\\Illuminate\\Routing\\Router.php(906): Illuminate\\Http\\Response->__construct(Object(Illuminate\\Database\\Eloquent\\Builder), 200, Array)
#3 C:\\xampp\\htdocs\\LARAVEL\\API-CRUD-APP\\vendor\\laravel\\framework\\src\\Illuminate\\Routing\\Router.php(875): Illuminate\\Routing\\Router::toResponse(Object(Illuminate\\Http\\Request), Object(Illuminate\\Database\\Eloquent\\Builder))
#4 C:\\xampp\\htdocs\\LARAVEL\\API-CRUD-APP\\vendor\\laravel\\framework\\src\\Illuminate\\Routing\\Router.php(798): Illuminate\\Routing\\Router->prepareResponse(Object(Illuminate\\Http\\Request), Object(Illuminate\\Database\\Eloquent\\Builder))
#5 C:\\xampp\\htdocs\\LARAVEL\\API-CRUD-APP\\vendor\\laravel\\framework\\src\\Illuminate\\Pipeline\\Pipeline.php(141): Illuminate\\Routing\\Router->Illuminate\\Routing\\{closure}(Object(Illuminate\\Http\\Request))
#6 C:\\xampp\\htdocs\\LARAVEL\\API-CRUD-APP\\vendor\\laravel\\framework\\src\\Illuminate\\Routing\\Middleware\\SubstituteBindings.php(50): Illuminate\\Pipeline\\Pipeline->Illuminate\\Pipeline\\{closure}(Object(Illuminate\\Http\\Request))
#7 C:\\xampp\\htdocs\\LARAVEL\\API-CRUD-APP\\vendor\\laravel\\framework\\src\\Illuminate\\Pipeline\\Pipeline.php(180): Illuminate\\Routing\\Middleware\\SubstituteBindings->handle(Object(Illuminate\\Http\\Request), Object(Closure))
#8 C:\\xampp\\htdocs\\LARAVEL\\API-CRUD-APP\\vendor\\laravel\\framework\\src\\Illuminate\\Routing\\Middleware\\ThrottleRequests.php(126): Illuminate\\Pipeline\\Pipeline->Illuminate\\Pipeline\\{closure}(Object(Illuminate\\Http\\Request))
#9 C:\\xampp\\htdocs\\LARAVEL\\API-CRUD-APP\\vendor\\laravel\\framework\\src\\Illuminate\\Routing\\Middleware\\ThrottleRequests.php(102): Illuminate\\Routing\\Middleware\\ThrottleRequests->handleRequest(Object(Illuminate\\Http\\Request), Object(Closure), Array)
#10 C:\\xampp\\htdocs\\LARAVEL\\API-CRUD-APP\\vendor\\laravel\\framework\\src\\Illuminate\\Routing\\Middleware\\ThrottleRequests.php(54): Illuminate\\Routing\\Middleware\\ThrottleRequests->handleRequestUsingNamedLimiter(Object(Illuminate\\Http\\Request), Object(Closure), 'api', Object(Closure))
#11 C:\\xampp\\htdocs\\LARAVEL\\API-CRUD-APP\\vendor\\laravel\\framework\\src\\Illuminate\\Pipeline\\Pipeline.php(180): Illuminate\\Routing\\Middleware\\ThrottleRequests->handle(Object(Illuminate\\Http\\Request), Object(Closure), 'api')
#12 C:\\xampp\\htdocs\\LARAVEL\\API-CRUD-APP\\vendor\\laravel\\framework\\src\\Illuminate\\Pipeline\\Pipeline.php(116): Illuminate\\Pipeline\\Pipeline->Illuminate\\Pipeline\\{closure}(Object(Illuminate\\Http\\Request))
#13 C:\\xampp\\htdocs\\LARAVEL\\API-CRUD-APP\\vendor\\laravel\\framework\\src\\Illuminate\\Routing\\Router.php(799): Illuminate\\Pipeline\\Pipeline->then(Object(Closure))
#14 C:\\xampp\\htdocs\\LARAVEL\\API-CRUD-APP\\vendor\\laravel\\framework\\src\\Illuminate\\Routing\\Router.php(776): Illuminate\\Routing\\Router->runRouteWithinStack(Object(Illuminate\\Routing\\Route), Object(Illuminate\\Http\\Request))
#15 C:\\xampp\\htdocs\\LARAVEL\\API-CRUD-APP\\vendor\\laravel\\framework\\src\\Illuminate\\Routing\\Router.php(740): Illuminate\\Routing\\Router->runRoute(Object(Illuminate\\Http\\Request), Object(Illuminate\\Routing\\Route))
#16 C:\\xampp\\htdocs\\LARAVEL\\API-CRUD-APP\\vendor\\laravel\\framework\\src\\Illuminate\\Routing\\Router.php(729): Illuminate\\Routing\\Router->dispatchToRoute(Object(Illuminate\\Http\\Request))
#17 C:\\xampp\\htdocs\\LARAVEL\\API-CRUD-APP\\vendor\\laravel\\framework\\src\\Illuminate\\Foundation\\Http\\Kernel.php(190): Illuminate\\Routing\\Router->dispatch(Object(Illuminate\\Http\\Request))
#18 C:\\xampp\\htdocs\\LARAVEL\\API-CRUD-APP\\vendor\\laravel\\framework\\src\\Illuminate\\Pipeline\\Pipeline.php(141): Illuminate\\Foundation\\Http\\Kernel->Illuminate\\Foundation\\Http\\{closure}(Object(Illuminate\\Http\\Request))
#19 C:\\xampp\\htdocs\\LARAVEL\\API-CRUD-APP\\vendor\\laravel\\framework\\src\\Illuminate\\Foundation\\Http\\Middleware\\TransformsRequest.php(21): Illuminate\\Pipeline\\Pipeline->Illuminate\\Pipeline\\{closure}(Object(Illuminate\\Http\\Request))
#20 C:\\xampp\\htdocs\\LARAVEL\\API-CRUD-APP\\vendor\\laravel\\framework\\src\\Illuminate\\Foundation\\Http\\Middleware\\ConvertEmptyStringsToNull.php(31): Illuminate\\Foundation\\Http\\Middleware\\TransformsRequest->handle(Object(Illuminate\\Http\\Request), Object(Closure))
#21 C:\\xampp\\htdocs\\LARAVEL\\API-CRUD-APP\\vendor\\laravel\\framework\\src\\Illuminate\\Pipeline\\Pipeline.php(180): Illuminate\\Foundation\\Http\\Middleware\\ConvertEmptyStringsToNull->handle(Object(Illuminate\\Http\\Request), Object(Closure))
#22 C:\\xampp\\htdocs\\LARAVEL\\API-CRUD-APP\\vendor\\laravel\\framework\\src\\Illuminate\\Foundation\\Http\\Middleware\\TransformsRequest.php(21): Illuminate\\Pipeline\\Pipeline->Illuminate\\Pipeline\\{closure}(Object(Illuminate\\Http\\Request))
#23 C:\\xampp\\htdocs\\LARAVEL\\API-CRUD-APP\\vendor\\laravel\\framework\\src\\Illuminate\\Foundation\\Http\\Middleware\\TrimStrings.php(40): Illuminate\\Foundation\\Http\\Middleware\\TransformsRequest->handle(Object(Illuminate\\Http\\Request), Object(Closure))
#24 C:\\xampp\\htdocs\\LARAVEL\\API-CRUD-APP\\vendor\\laravel\\framework\\src\\Illuminate\\Pipeline\\Pipeline.php(180): Illuminate\\Foundation\\Http\\Middleware\\TrimStrings->handle(Object(Illuminate\\Http\\Request), Object(Closure))
#25 C:\\xampp\\htdocs\\LARAVEL\\API-CRUD-APP\\vendor\\laravel\\framework\\src\\Illuminate\\Foundation\\Http\\Middleware\\ValidatePostSize.php(27): Illuminate\\Pipeline\\Pipeline->Illuminate\\Pipeline\\{closure}(Object(Illuminate\\Http\\Request))
#26 C:\\xampp\\htdocs\\LARAVEL\\API-CRUD-APP\\vendor\\laravel\\framework\\src\\Illuminate\\Pipeline\\Pipeline.php(180): Illuminate\\Foundation\\Http\\Middleware\\ValidatePostSize->handle(Object(Illuminate\\Http\\Request), Object(Closure))
#27 C:\\xampp\\htdocs\\LARAVEL\\API-CRUD-APP\\vendor\\laravel\\framework\\src\\Illuminate\\Foundation\\Http\\Middleware\\PreventRequestsDuringMaintenance.php(86): Illuminate\\Pipeline\\Pipeline->Illuminate\\Pipeline\\{closure}(Object(Illuminate\\Http\\Request))
#28 C:\\xampp\\htdocs\\LARAVEL\\API-CRUD-APP\\vendor\\laravel\\framework\\src\\Illuminate\\Pipeline\\Pipeline.php(180): Illuminate\\Foundation\\Http\\Middleware\\PreventRequestsDuringMaintenance->handle(Object(Illuminate\\Http\\Request), Object(Closure))
#29 C:\\xampp\\htdocs\\LARAVEL\\API-CRUD-APP\\vendor\\laravel\\framework\\src\\Illuminate\\Http\\Middleware\\HandleCors.php(62): Illuminate\\Pipeline\\Pipeline->Illuminate\\Pipeline\\{closure}(Object(Illuminate\\Http\\Request))
#30 C:\\xampp\\htdocs\\LARAVEL\\API-CRUD-APP\\vendor\\laravel\\framework\\src\\Illuminate\\Pipeline\\Pipeline.php(180): Illuminate\\Http\\Middleware\\HandleCors->handle(Object(Illuminate\\Http\\Request), Object(Closure))
#31 C:\\xampp\\htdocs\\LARAVEL\\API-CRUD-APP\\vendor\\laravel\\framework\\src\\Illuminate\\Http\\Middleware\\TrustProxies.php(39): Illuminate\\Pipeline\\Pipeline->Illuminate\\Pipeline\\{closure}(Object(Illuminate\\Http\\Request))
#32 C:\\xampp\\htdocs\\LARAVEL\\API-CRUD-APP\\vendor\\laravel\\framework\\src\\Illuminate\\Pipeline\\Pipeline.php(180): Illuminate\\Http\\Middleware\\TrustProxies->handle(Object(Illuminate\\Http\\Request), Object(Closure))
#33 C:\\xampp\\htdocs\\LARAVEL\\API-CRUD-APP\\vendor\\laravel\\framework\\src\\Illuminate\\Pipeline\\Pipeline.php(116): Illuminate\\Pipeline\\Pipeline->Illuminate\\Pipeline\\{closure}(Object(Illuminate\\Http\\Request))
#34 C:\\xampp\\htdocs\\LARAVEL\\API-CRUD-APP\\vendor\\laravel\\framework\\src\\Illuminate\\Foundation\\Http\\Kernel.php(165): Illuminate\\Pipeline\\Pipeline->then(Object(Closure))
#35 C:\\xampp\\htdocs\\LARAVEL\\API-CRUD-APP\\vendor\\laravel\\framework\\src\\Illuminate\\Foundation\\Http\\Kernel.php(134): Illuminate\\Foundation\\Http\\Kernel->sendRequestThroughRouter(Object(Illuminate\\Http\\Request))
#36 C:\\xampp\\htdocs\\LARAVEL\\API-CRUD-APP\\public\\index.php(52): Illuminate\\Foundation\\Http\\Kernel->handle(Object(Illuminate\\Http\\Request))
#37 C:\\xampp\\htdocs\\LARAVEL\\API-CRUD-APP\\vendor\\laravel\\framework\\src\\Illuminate\\Foundation\\resources\\server.php(16): require_once('C:\\\\xampp\\\\htdocs...')
#38 {main}
"} 
[2024-10-04 04:19:43] local.ERROR: Symfony\Component\HttpFoundation\Response::setContent(): Argument #1 ($content) must be of type ?string, Illuminate\Database\Eloquent\Builder given, called in C:\xampp\htdocs\LARAVEL\API-CRUD-APP\vendor\laravel\framework\src\Illuminate\Http\Response.php on line 72 {"exception":"[object] (TypeError(code: 0): Symfony\\Component\\HttpFoundation\\Response::setContent(): Argument #1 ($content) must be of type ?string, Illuminate\\Database\\Eloquent\\Builder given, called in C:\\xampp\\htdocs\\LARAVEL\\API-CRUD-APP\\vendor\\laravel\\framework\\src\\Illuminate\\Http\\Response.php on line 72 at C:\\xampp\\htdocs\\LARAVEL\\API-CRUD-APP\\vendor\\symfony\\http-foundation\\Response.php:392)
[stacktrace]
#0 C:\\xampp\\htdocs\\LARAVEL\\API-CRUD-APP\\vendor\\laravel\\framework\\src\\Illuminate\\Http\\Response.php(72): Symfony\\Component\\HttpFoundation\\Response->setContent(Object(Illuminate\\Database\\Eloquent\\Builder))
#1 C:\\xampp\\htdocs\\LARAVEL\\API-CRUD-APP\\vendor\\laravel\\framework\\src\\Illuminate\\Http\\Response.php(35): Illuminate\\Http\\Response->setContent(Object(Illuminate\\Database\\Eloquent\\Builder))
#2 C:\\xampp\\htdocs\\LARAVEL\\API-CRUD-APP\\vendor\\laravel\\framework\\src\\Illuminate\\Routing\\Router.php(906): Illuminate\\Http\\Response->__construct(Object(Illuminate\\Database\\Eloquent\\Builder), 200, Array)
#3 C:\\xampp\\htdocs\\LARAVEL\\API-CRUD-APP\\vendor\\laravel\\framework\\src\\Illuminate\\Routing\\Router.php(875): Illuminate\\Routing\\Router::toResponse(Object(Illuminate\\Http\\Request), Object(Illuminate\\Database\\Eloquent\\Builder))
#4 C:\\xampp\\htdocs\\LARAVEL\\API-CRUD-APP\\vendor\\laravel\\framework\\src\\Illuminate\\Routing\\Router.php(798): Illuminate\\Routing\\Router->prepareResponse(Object(Illuminate\\Http\\Request), Object(Illuminate\\Database\\Eloquent\\Builder))
#5 C:\\xampp\\htdocs\\LARAVEL\\API-CRUD-APP\\vendor\\laravel\\framework\\src\\Illuminate\\Pipeline\\Pipeline.php(141): Illuminate\\Routing\\Router->Illuminate\\Routing\\{closure}(Object(Illuminate\\Http\\Request))
#6 C:\\xampp\\htdocs\\LARAVEL\\API-CRUD-APP\\vendor\\laravel\\framework\\src\\Illuminate\\Routing\\Middleware\\SubstituteBindings.php(50): Illuminate\\Pipeline\\Pipeline->Illuminate\\Pipeline\\{closure}(Object(Illuminate\\Http\\Request))
#7 C:\\xampp\\htdocs\\LARAVEL\\API-CRUD-APP\\vendor\\laravel\\framework\\src\\Illuminate\\Pipeline\\Pipeline.php(180): Illuminate\\Routing\\Middleware\\SubstituteBindings->handle(Object(Illuminate\\Http\\Request), Object(Closure))
#8 C:\\xampp\\htdocs\\LARAVEL\\API-CRUD-APP\\vendor\\laravel\\framework\\src\\Illuminate\\Routing\\Middleware\\ThrottleRequests.php(126): Illuminate\\Pipeline\\Pipeline->Illuminate\\Pipeline\\{closure}(Object(Illuminate\\Http\\Request))
#9 C:\\xampp\\htdocs\\LARAVEL\\API-CRUD-APP\\vendor\\laravel\\framework\\src\\Illuminate\\Routing\\Middleware\\ThrottleRequests.php(102): Illuminate\\Routing\\Middleware\\ThrottleRequests->handleRequest(Object(Illuminate\\Http\\Request), Object(Closure), Array)
#10 C:\\xampp\\htdocs\\LARAVEL\\API-CRUD-APP\\vendor\\laravel\\framework\\src\\Illuminate\\Routing\\Middleware\\ThrottleRequests.php(54): Illuminate\\Routing\\Middleware\\ThrottleRequests->handleRequestUsingNamedLimiter(Object(Illuminate\\Http\\Request), Object(Closure), 'api', Object(Closure))
#11 C:\\xampp\\htdocs\\LARAVEL\\API-CRUD-APP\\vendor\\laravel\\framework\\src\\Illuminate\\Pipeline\\Pipeline.php(180): Illuminate\\Routing\\Middleware\\ThrottleRequests->handle(Object(Illuminate\\Http\\Request), Object(Closure), 'api')
#12 C:\\xampp\\htdocs\\LARAVEL\\API-CRUD-APP\\vendor\\laravel\\framework\\src\\Illuminate\\Pipeline\\Pipeline.php(116): Illuminate\\Pipeline\\Pipeline->Illuminate\\Pipeline\\{closure}(Object(Illuminate\\Http\\Request))
#13 C:\\xampp\\htdocs\\LARAVEL\\API-CRUD-APP\\vendor\\laravel\\framework\\src\\Illuminate\\Routing\\Router.php(799): Illuminate\\Pipeline\\Pipeline->then(Object(Closure))
#14 C:\\xampp\\htdocs\\LARAVEL\\API-CRUD-APP\\vendor\\laravel\\framework\\src\\Illuminate\\Routing\\Router.php(776): Illuminate\\Routing\\Router->runRouteWithinStack(Object(Illuminate\\Routing\\Route), Object(Illuminate\\Http\\Request))
#15 C:\\xampp\\htdocs\\LARAVEL\\API-CRUD-APP\\vendor\\laravel\\framework\\src\\Illuminate\\Routing\\Router.php(740): Illuminate\\Routing\\Router->runRoute(Object(Illuminate\\Http\\Request), Object(Illuminate\\Routing\\Route))
#16 C:\\xampp\\htdocs\\LARAVEL\\API-CRUD-APP\\vendor\\laravel\\framework\\src\\Illuminate\\Routing\\Router.php(729): Illuminate\\Routing\\Router->dispatchToRoute(Object(Illuminate\\Http\\Request))
#17 C:\\xampp\\htdocs\\LARAVEL\\API-CRUD-APP\\vendor\\laravel\\framework\\src\\Illuminate\\Foundation\\Http\\Kernel.php(190): Illuminate\\Routing\\Router->dispatch(Object(Illuminate\\Http\\Request))
#18 C:\\xampp\\htdocs\\LARAVEL\\API-CRUD-APP\\vendor\\laravel\\framework\\src\\Illuminate\\Pipeline\\Pipeline.php(141): Illuminate\\Foundation\\Http\\Kernel->Illuminate\\Foundation\\Http\\{closure}(Object(Illuminate\\Http\\Request))
#19 C:\\xampp\\htdocs\\LARAVEL\\API-CRUD-APP\\vendor\\laravel\\framework\\src\\Illuminate\\Foundation\\Http\\Middleware\\TransformsRequest.php(21): Illuminate\\Pipeline\\Pipeline->Illuminate\\Pipeline\\{closure}(Object(Illuminate\\Http\\Request))
#20 C:\\xampp\\htdocs\\LARAVEL\\API-CRUD-APP\\vendor\\laravel\\framework\\src\\Illuminate\\Foundation\\Http\\Middleware\\ConvertEmptyStringsToNull.php(31): Illuminate\\Foundation\\Http\\Middleware\\TransformsRequest->handle(Object(Illuminate\\Http\\Request), Object(Closure))
#21 C:\\xampp\\htdocs\\LARAVEL\\API-CRUD-APP\\vendor\\laravel\\framework\\src\\Illuminate\\Pipeline\\Pipeline.php(180): Illuminate\\Foundation\\Http\\Middleware\\ConvertEmptyStringsToNull->handle(Object(Illuminate\\Http\\Request), Object(Closure))
#22 C:\\xampp\\htdocs\\LARAVEL\\API-CRUD-APP\\vendor\\laravel\\framework\\src\\Illuminate\\Foundation\\Http\\Middleware\\TransformsRequest.php(21): Illuminate\\Pipeline\\Pipeline->Illuminate\\Pipeline\\{closure}(Object(Illuminate\\Http\\Request))
#23 C:\\xampp\\htdocs\\LARAVEL\\API-CRUD-APP\\vendor\\laravel\\framework\\src\\Illuminate\\Foundation\\Http\\Middleware\\TrimStrings.php(40): Illuminate\\Foundation\\Http\\Middleware\\TransformsRequest->handle(Object(Illuminate\\Http\\Request), Object(Closure))
#24 C:\\xampp\\htdocs\\LARAVEL\\API-CRUD-APP\\vendor\\laravel\\framework\\src\\Illuminate\\Pipeline\\Pipeline.php(180): Illuminate\\Foundation\\Http\\Middleware\\TrimStrings->handle(Object(Illuminate\\Http\\Request), Object(Closure))
#25 C:\\xampp\\htdocs\\LARAVEL\\API-CRUD-APP\\vendor\\laravel\\framework\\src\\Illuminate\\Foundation\\Http\\Middleware\\ValidatePostSize.php(27): Illuminate\\Pipeline\\Pipeline->Illuminate\\Pipeline\\{closure}(Object(Illuminate\\Http\\Request))
#26 C:\\xampp\\htdocs\\LARAVEL\\API-CRUD-APP\\vendor\\laravel\\framework\\src\\Illuminate\\Pipeline\\Pipeline.php(180): Illuminate\\Foundation\\Http\\Middleware\\ValidatePostSize->handle(Object(Illuminate\\Http\\Request), Object(Closure))
#27 C:\\xampp\\htdocs\\LARAVEL\\API-CRUD-APP\\vendor\\laravel\\framework\\src\\Illuminate\\Foundation\\Http\\Middleware\\PreventRequestsDuringMaintenance.php(86): Illuminate\\Pipeline\\Pipeline->Illuminate\\Pipeline\\{closure}(Object(Illuminate\\Http\\Request))
#28 C:\\xampp\\htdocs\\LARAVEL\\API-CRUD-APP\\vendor\\laravel\\framework\\src\\Illuminate\\Pipeline\\Pipeline.php(180): Illuminate\\Foundation\\Http\\Middleware\\PreventRequestsDuringMaintenance->handle(Object(Illuminate\\Http\\Request), Object(Closure))
#29 C:\\xampp\\htdocs\\LARAVEL\\API-CRUD-APP\\vendor\\laravel\\framework\\src\\Illuminate\\Http\\Middleware\\HandleCors.php(62): Illuminate\\Pipeline\\Pipeline->Illuminate\\Pipeline\\{closure}(Object(Illuminate\\Http\\Request))
#30 C:\\xampp\\htdocs\\LARAVEL\\API-CRUD-APP\\vendor\\laravel\\framework\\src\\Illuminate\\Pipeline\\Pipeline.php(180): Illuminate\\Http\\Middleware\\HandleCors->handle(Object(Illuminate\\Http\\Request), Object(Closure))
#31 C:\\xampp\\htdocs\\LARAVEL\\API-CRUD-APP\\vendor\\laravel\\framework\\src\\Illuminate\\Http\\Middleware\\TrustProxies.php(39): Illuminate\\Pipeline\\Pipeline->Illuminate\\Pipeline\\{closure}(Object(Illuminate\\Http\\Request))
#32 C:\\xampp\\htdocs\\LARAVEL\\API-CRUD-APP\\vendor\\laravel\\framework\\src\\Illuminate\\Pipeline\\Pipeline.php(180): Illuminate\\Http\\Middleware\\TrustProxies->handle(Object(Illuminate\\Http\\Request), Object(Closure))
#33 C:\\xampp\\htdocs\\LARAVEL\\API-CRUD-APP\\vendor\\laravel\\framework\\src\\Illuminate\\Pipeline\\Pipeline.php(116): Illuminate\\Pipeline\\Pipeline->Illuminate\\Pipeline\\{closure}(Object(Illuminate\\Http\\Request))
#34 C:\\xampp\\htdocs\\LARAVEL\\API-CRUD-APP\\vendor\\laravel\\framework\\src\\Illuminate\\Foundation\\Http\\Kernel.php(165): Illuminate\\Pipeline\\Pipeline->then(Object(Closure))
#35 C:\\xampp\\htdocs\\LARAVEL\\API-CRUD-APP\\vendor\\laravel\\framework\\src\\Illuminate\\Foundation\\Http\\Kernel.php(134): Illuminate\\Foundation\\Http\\Kernel->sendRequestThroughRouter(Object(Illuminate\\Http\\Request))
#36 C:\\xampp\\htdocs\\LARAVEL\\API-CRUD-APP\\public\\index.php(52): Illuminate\\Foundation\\Http\\Kernel->handle(Object(Illuminate\\Http\\Request))
#37 C:\\xampp\\htdocs\\LARAVEL\\API-CRUD-APP\\vendor\\laravel\\framework\\src\\Illuminate\\Foundation\\resources\\server.php(16): require_once('C:\\\\xampp\\\\htdocs...')
#38 {main}
"} 
[2024-10-04 04:54:10] local.ERROR: Property [name] does not exist on the Eloquent builder instance. {"exception":"[object] (Exception(code: 0): Property [name] does not exist on the Eloquent builder instance. at C:\\xampp\\htdocs\\LARAVEL\\API-CRUD-APP\\vendor\\laravel\\framework\\src\\Illuminate\\Database\\Eloquent\\Builder.php:1830)
[stacktrace]
#0 C:\\xampp\\htdocs\\LARAVEL\\API-CRUD-APP\\app\\Http\\Controllers\\StudentsController.php(49): Illuminate\\Database\\Eloquent\\Builder->__get('name')
#1 C:\\xampp\\htdocs\\LARAVEL\\API-CRUD-APP\\vendor\\laravel\\framework\\src\\Illuminate\\Routing\\Controller.php(54): App\\Http\\Controllers\\StudentsController->login(Object(Illuminate\\Http\\Request))
#2 C:\\xampp\\htdocs\\LARAVEL\\API-CRUD-APP\\vendor\\laravel\\framework\\src\\Illuminate\\Routing\\ControllerDispatcher.php(43): Illuminate\\Routing\\Controller->callAction('login', Array)
#3 C:\\xampp\\htdocs\\LARAVEL\\API-CRUD-APP\\vendor\\laravel\\framework\\src\\Illuminate\\Routing\\Route.php(260): Illuminate\\Routing\\ControllerDispatcher->dispatch(Object(Illuminate\\Routing\\Route), Object(App\\Http\\Controllers\\StudentsController), 'login')
#4 C:\\xampp\\htdocs\\LARAVEL\\API-CRUD-APP\\vendor\\laravel\\framework\\src\\Illuminate\\Routing\\Route.php(205): Illuminate\\Routing\\Route->runController()
#5 C:\\xampp\\htdocs\\LARAVEL\\API-CRUD-APP\\vendor\\laravel\\framework\\src\\Illuminate\\Routing\\Router.php(798): Illuminate\\Routing\\Route->run()
#6 C:\\xampp\\htdocs\\LARAVEL\\API-CRUD-APP\\vendor\\laravel\\framework\\src\\Illuminate\\Pipeline\\Pipeline.php(141): Illuminate\\Routing\\Router->Illuminate\\Routing\\{closure}(Object(Illuminate\\Http\\Request))
#7 C:\\xampp\\htdocs\\LARAVEL\\API-CRUD-APP\\vendor\\laravel\\framework\\src\\Illuminate\\Routing\\Middleware\\SubstituteBindings.php(50): Illuminate\\Pipeline\\Pipeline->Illuminate\\Pipeline\\{closure}(Object(Illuminate\\Http\\Request))
#8 C:\\xampp\\htdocs\\LARAVEL\\API-CRUD-APP\\vendor\\laravel\\framework\\src\\Illuminate\\Pipeline\\Pipeline.php(180): Illuminate\\Routing\\Middleware\\SubstituteBindings->handle(Object(Illuminate\\Http\\Request), Object(Closure))
#9 C:\\xampp\\htdocs\\LARAVEL\\API-CRUD-APP\\vendor\\laravel\\framework\\src\\Illuminate\\Routing\\Middleware\\ThrottleRequests.php(126): Illuminate\\Pipeline\\Pipeline->Illuminate\\Pipeline\\{closure}(Object(Illuminate\\Http\\Request))
#10 C:\\xampp\\htdocs\\LARAVEL\\API-CRUD-APP\\vendor\\laravel\\framework\\src\\Illuminate\\Routing\\Middleware\\ThrottleRequests.php(102): Illuminate\\Routing\\Middleware\\ThrottleRequests->handleRequest(Object(Illuminate\\Http\\Request), Object(Closure), Array)
#11 C:\\xampp\\htdocs\\LARAVEL\\API-CRUD-APP\\vendor\\laravel\\framework\\src\\Illuminate\\Routing\\Middleware\\ThrottleRequests.php(54): Illuminate\\Routing\\Middleware\\ThrottleRequests->handleRequestUsingNamedLimiter(Object(Illuminate\\Http\\Request), Object(Closure), 'api', Object(Closure))
#12 C:\\xampp\\htdocs\\LARAVEL\\API-CRUD-APP\\vendor\\laravel\\framework\\src\\Illuminate\\Pipeline\\Pipeline.php(180): Illuminate\\Routing\\Middleware\\ThrottleRequests->handle(Object(Illuminate\\Http\\Request), Object(Closure), 'api')
#13 C:\\xampp\\htdocs\\LARAVEL\\API-CRUD-APP\\vendor\\laravel\\framework\\src\\Illuminate\\Pipeline\\Pipeline.php(116): Illuminate\\Pipeline\\Pipeline->Illuminate\\Pipeline\\{closure}(Object(Illuminate\\Http\\Request))
#14 C:\\xampp\\htdocs\\LARAVEL\\API-CRUD-APP\\vendor\\laravel\\framework\\src\\Illuminate\\Routing\\Router.php(799): Illuminate\\Pipeline\\Pipeline->then(Object(Closure))
#15 C:\\xampp\\htdocs\\LARAVEL\\API-CRUD-APP\\vendor\\laravel\\framework\\src\\Illuminate\\Routing\\Router.php(776): Illuminate\\Routing\\Router->runRouteWithinStack(Object(Illuminate\\Routing\\Route), Object(Illuminate\\Http\\Request))
#16 C:\\xampp\\htdocs\\LARAVEL\\API-CRUD-APP\\vendor\\laravel\\framework\\src\\Illuminate\\Routing\\Router.php(740): Illuminate\\Routing\\Router->runRoute(Object(Illuminate\\Http\\Request), Object(Illuminate\\Routing\\Route))
#17 C:\\xampp\\htdocs\\LARAVEL\\API-CRUD-APP\\vendor\\laravel\\framework\\src\\Illuminate\\Routing\\Router.php(729): Illuminate\\Routing\\Router->dispatchToRoute(Object(Illuminate\\Http\\Request))
#18 C:\\xampp\\htdocs\\LARAVEL\\API-CRUD-APP\\vendor\\laravel\\framework\\src\\Illuminate\\Foundation\\Http\\Kernel.php(190): Illuminate\\Routing\\Router->dispatch(Object(Illuminate\\Http\\Request))
#19 C:\\xampp\\htdocs\\LARAVEL\\API-CRUD-APP\\vendor\\laravel\\framework\\src\\Illuminate\\Pipeline\\Pipeline.php(141): Illuminate\\Foundation\\Http\\Kernel->Illuminate\\Foundation\\Http\\{closure}(Object(Illuminate\\Http\\Request))
#20 C:\\xampp\\htdocs\\LARAVEL\\API-CRUD-APP\\vendor\\laravel\\framework\\src\\Illuminate\\Foundation\\Http\\Middleware\\TransformsRequest.php(21): Illuminate\\Pipeline\\Pipeline->Illuminate\\Pipeline\\{closure}(Object(Illuminate\\Http\\Request))
#21 C:\\xampp\\htdocs\\LARAVEL\\API-CRUD-APP\\vendor\\laravel\\framework\\src\\Illuminate\\Foundation\\Http\\Middleware\\ConvertEmptyStringsToNull.php(31): Illuminate\\Foundation\\Http\\Middleware\\TransformsRequest->handle(Object(Illuminate\\Http\\Request), Object(Closure))
#22 C:\\xampp\\htdocs\\LARAVEL\\API-CRUD-APP\\vendor\\laravel\\framework\\src\\Illuminate\\Pipeline\\Pipeline.php(180): Illuminate\\Foundation\\Http\\Middleware\\ConvertEmptyStringsToNull->handle(Object(Illuminate\\Http\\Request), Object(Closure))
#23 C:\\xampp\\htdocs\\LARAVEL\\API-CRUD-APP\\vendor\\laravel\\framework\\src\\Illuminate\\Foundation\\Http\\Middleware\\TransformsRequest.php(21): Illuminate\\Pipeline\\Pipeline->Illuminate\\Pipeline\\{closure}(Object(Illuminate\\Http\\Request))
#24 C:\\xampp\\htdocs\\LARAVEL\\API-CRUD-APP\\vendor\\laravel\\framework\\src\\Illuminate\\Foundation\\Http\\Middleware\\TrimStrings.php(40): Illuminate\\Foundation\\Http\\Middleware\\TransformsRequest->handle(Object(Illuminate\\Http\\Request), Object(Closure))
#25 C:\\xampp\\htdocs\\LARAVEL\\API-CRUD-APP\\vendor\\laravel\\framework\\src\\Illuminate\\Pipeline\\Pipeline.php(180): Illuminate\\Foundation\\Http\\Middleware\\TrimStrings->handle(Object(Illuminate\\Http\\Request), Object(Closure))
#26 C:\\xampp\\htdocs\\LARAVEL\\API-CRUD-APP\\vendor\\laravel\\framework\\src\\Illuminate\\Foundation\\Http\\Middleware\\ValidatePostSize.php(27): Illuminate\\Pipeline\\Pipeline->Illuminate\\Pipeline\\{closure}(Object(Illuminate\\Http\\Request))
#27 C:\\xampp\\htdocs\\LARAVEL\\API-CRUD-APP\\vendor\\laravel\\framework\\src\\Illuminate\\Pipeline\\Pipeline.php(180): Illuminate\\Foundation\\Http\\Middleware\\ValidatePostSize->handle(Object(Illuminate\\Http\\Request), Object(Closure))
#28 C:\\xampp\\htdocs\\LARAVEL\\API-CRUD-APP\\vendor\\laravel\\framework\\src\\Illuminate\\Foundation\\Http\\Middleware\\PreventRequestsDuringMaintenance.php(86): Illuminate\\Pipeline\\Pipeline->Illuminate\\Pipeline\\{closure}(Object(Illuminate\\Http\\Request))
#29 C:\\xampp\\htdocs\\LARAVEL\\API-CRUD-APP\\vendor\\laravel\\framework\\src\\Illuminate\\Pipeline\\Pipeline.php(180): Illuminate\\Foundation\\Http\\Middleware\\PreventRequestsDuringMaintenance->handle(Object(Illuminate\\Http\\Request), Object(Closure))
#30 C:\\xampp\\htdocs\\LARAVEL\\API-CRUD-APP\\vendor\\laravel\\framework\\src\\Illuminate\\Http\\Middleware\\HandleCors.php(62): Illuminate\\Pipeline\\Pipeline->Illuminate\\Pipeline\\{closure}(Object(Illuminate\\Http\\Request))
#31 C:\\xampp\\htdocs\\LARAVEL\\API-CRUD-APP\\vendor\\laravel\\framework\\src\\Illuminate\\Pipeline\\Pipeline.php(180): Illuminate\\Http\\Middleware\\HandleCors->handle(Object(Illuminate\\Http\\Request), Object(Closure))
#32 C:\\xampp\\htdocs\\LARAVEL\\API-CRUD-APP\\vendor\\laravel\\framework\\src\\Illuminate\\Http\\Middleware\\TrustProxies.php(39): Illuminate\\Pipeline\\Pipeline->Illuminate\\Pipeline\\{closure}(Object(Illuminate\\Http\\Request))
#33 C:\\xampp\\htdocs\\LARAVEL\\API-CRUD-APP\\vendor\\laravel\\framework\\src\\Illuminate\\Pipeline\\Pipeline.php(180): Illuminate\\Http\\Middleware\\TrustProxies->handle(Object(Illuminate\\Http\\Request), Object(Closure))
#34 C:\\xampp\\htdocs\\LARAVEL\\API-CRUD-APP\\vendor\\laravel\\framework\\src\\Illuminate\\Pipeline\\Pipeline.php(116): Illuminate\\Pipeline\\Pipeline->Illuminate\\Pipeline\\{closure}(Object(Illuminate\\Http\\Request))
#35 C:\\xampp\\htdocs\\LARAVEL\\API-CRUD-APP\\vendor\\laravel\\framework\\src\\Illuminate\\Foundation\\Http\\Kernel.php(165): Illuminate\\Pipeline\\Pipeline->then(Object(Closure))
#36 C:\\xampp\\htdocs\\LARAVEL\\API-CRUD-APP\\vendor\\laravel\\framework\\src\\Illuminate\\Foundation\\Http\\Kernel.php(134): Illuminate\\Foundation\\Http\\Kernel->sendRequestThroughRouter(Object(Illuminate\\Http\\Request))
#37 C:\\xampp\\htdocs\\LARAVEL\\API-CRUD-APP\\public\\index.php(52): Illuminate\\Foundation\\Http\\Kernel->handle(Object(Illuminate\\Http\\Request))
#38 C:\\xampp\\htdocs\\LARAVEL\\API-CRUD-APP\\vendor\\laravel\\framework\\src\\Illuminate\\Foundation\\resources\\server.php(16): require_once('C:\\\\xampp\\\\htdocs...')
#39 {main}
"} 
[2024-10-04 04:55:15] local.ERROR: Property [name] does not exist on the Eloquent builder instance. {"exception":"[object] (Exception(code: 0): Property [name] does not exist on the Eloquent builder instance. at C:\\xampp\\htdocs\\LARAVEL\\API-CRUD-APP\\vendor\\laravel\\framework\\src\\Illuminate\\Database\\Eloquent\\Builder.php:1830)
[stacktrace]
#0 C:\\xampp\\htdocs\\LARAVEL\\API-CRUD-APP\\app\\Http\\Controllers\\StudentsController.php(49): Illuminate\\Database\\Eloquent\\Builder->__get('name')
#1 C:\\xampp\\htdocs\\LARAVEL\\API-CRUD-APP\\vendor\\laravel\\framework\\src\\Illuminate\\Routing\\Controller.php(54): App\\Http\\Controllers\\StudentsController->login(Object(Illuminate\\Http\\Request))
#2 C:\\xampp\\htdocs\\LARAVEL\\API-CRUD-APP\\vendor\\laravel\\framework\\src\\Illuminate\\Routing\\ControllerDispatcher.php(43): Illuminate\\Routing\\Controller->callAction('login', Array)
#3 C:\\xampp\\htdocs\\LARAVEL\\API-CRUD-APP\\vendor\\laravel\\framework\\src\\Illuminate\\Routing\\Route.php(260): Illuminate\\Routing\\ControllerDispatcher->dispatch(Object(Illuminate\\Routing\\Route), Object(App\\Http\\Controllers\\StudentsController), 'login')
#4 C:\\xampp\\htdocs\\LARAVEL\\API-CRUD-APP\\vendor\\laravel\\framework\\src\\Illuminate\\Routing\\Route.php(205): Illuminate\\Routing\\Route->runController()
#5 C:\\xampp\\htdocs\\LARAVEL\\API-CRUD-APP\\vendor\\laravel\\framework\\src\\Illuminate\\Routing\\Router.php(798): Illuminate\\Routing\\Route->run()
#6 C:\\xampp\\htdocs\\LARAVEL\\API-CRUD-APP\\vendor\\laravel\\framework\\src\\Illuminate\\Pipeline\\Pipeline.php(141): Illuminate\\Routing\\Router->Illuminate\\Routing\\{closure}(Object(Illuminate\\Http\\Request))
#7 C:\\xampp\\htdocs\\LARAVEL\\API-CRUD-APP\\vendor\\laravel\\framework\\src\\Illuminate\\Routing\\Middleware\\SubstituteBindings.php(50): Illuminate\\Pipeline\\Pipeline->Illuminate\\Pipeline\\{closure}(Object(Illuminate\\Http\\Request))
#8 C:\\xampp\\htdocs\\LARAVEL\\API-CRUD-APP\\vendor\\laravel\\framework\\src\\Illuminate\\Pipeline\\Pipeline.php(180): Illuminate\\Routing\\Middleware\\SubstituteBindings->handle(Object(Illuminate\\Http\\Request), Object(Closure))
#9 C:\\xampp\\htdocs\\LARAVEL\\API-CRUD-APP\\vendor\\laravel\\framework\\src\\Illuminate\\Routing\\Middleware\\ThrottleRequests.php(126): Illuminate\\Pipeline\\Pipeline->Illuminate\\Pipeline\\{closure}(Object(Illuminate\\Http\\Request))
#10 C:\\xampp\\htdocs\\LARAVEL\\API-CRUD-APP\\vendor\\laravel\\framework\\src\\Illuminate\\Routing\\Middleware\\ThrottleRequests.php(102): Illuminate\\Routing\\Middleware\\ThrottleRequests->handleRequest(Object(Illuminate\\Http\\Request), Object(Closure), Array)
#11 C:\\xampp\\htdocs\\LARAVEL\\API-CRUD-APP\\vendor\\laravel\\framework\\src\\Illuminate\\Routing\\Middleware\\ThrottleRequests.php(54): Illuminate\\Routing\\Middleware\\ThrottleRequests->handleRequestUsingNamedLimiter(Object(Illuminate\\Http\\Request), Object(Closure), 'api', Object(Closure))
#12 C:\\xampp\\htdocs\\LARAVEL\\API-CRUD-APP\\vendor\\laravel\\framework\\src\\Illuminate\\Pipeline\\Pipeline.php(180): Illuminate\\Routing\\Middleware\\ThrottleRequests->handle(Object(Illuminate\\Http\\Request), Object(Closure), 'api')
#13 C:\\xampp\\htdocs\\LARAVEL\\API-CRUD-APP\\vendor\\laravel\\framework\\src\\Illuminate\\Pipeline\\Pipeline.php(116): Illuminate\\Pipeline\\Pipeline->Illuminate\\Pipeline\\{closure}(Object(Illuminate\\Http\\Request))
#14 C:\\xampp\\htdocs\\LARAVEL\\API-CRUD-APP\\vendor\\laravel\\framework\\src\\Illuminate\\Routing\\Router.php(799): Illuminate\\Pipeline\\Pipeline->then(Object(Closure))
#15 C:\\xampp\\htdocs\\LARAVEL\\API-CRUD-APP\\vendor\\laravel\\framework\\src\\Illuminate\\Routing\\Router.php(776): Illuminate\\Routing\\Router->runRouteWithinStack(Object(Illuminate\\Routing\\Route), Object(Illuminate\\Http\\Request))
#16 C:\\xampp\\htdocs\\LARAVEL\\API-CRUD-APP\\vendor\\laravel\\framework\\src\\Illuminate\\Routing\\Router.php(740): Illuminate\\Routing\\Router->runRoute(Object(Illuminate\\Http\\Request), Object(Illuminate\\Routing\\Route))
#17 C:\\xampp\\htdocs\\LARAVEL\\API-CRUD-APP\\vendor\\laravel\\framework\\src\\Illuminate\\Routing\\Router.php(729): Illuminate\\Routing\\Router->dispatchToRoute(Object(Illuminate\\Http\\Request))
#18 C:\\xampp\\htdocs\\LARAVEL\\API-CRUD-APP\\vendor\\laravel\\framework\\src\\Illuminate\\Foundation\\Http\\Kernel.php(190): Illuminate\\Routing\\Router->dispatch(Object(Illuminate\\Http\\Request))
#19 C:\\xampp\\htdocs\\LARAVEL\\API-CRUD-APP\\vendor\\laravel\\framework\\src\\Illuminate\\Pipeline\\Pipeline.php(141): Illuminate\\Foundation\\Http\\Kernel->Illuminate\\Foundation\\Http\\{closure}(Object(Illuminate\\Http\\Request))
#20 C:\\xampp\\htdocs\\LARAVEL\\API-CRUD-APP\\vendor\\laravel\\framework\\src\\Illuminate\\Foundation\\Http\\Middleware\\TransformsRequest.php(21): Illuminate\\Pipeline\\Pipeline->Illuminate\\Pipeline\\{closure}(Object(Illuminate\\Http\\Request))
#21 C:\\xampp\\htdocs\\LARAVEL\\API-CRUD-APP\\vendor\\laravel\\framework\\src\\Illuminate\\Foundation\\Http\\Middleware\\ConvertEmptyStringsToNull.php(31): Illuminate\\Foundation\\Http\\Middleware\\TransformsRequest->handle(Object(Illuminate\\Http\\Request), Object(Closure))
#22 C:\\xampp\\htdocs\\LARAVEL\\API-CRUD-APP\\vendor\\laravel\\framework\\src\\Illuminate\\Pipeline\\Pipeline.php(180): Illuminate\\Foundation\\Http\\Middleware\\ConvertEmptyStringsToNull->handle(Object(Illuminate\\Http\\Request), Object(Closure))
#23 C:\\xampp\\htdocs\\LARAVEL\\API-CRUD-APP\\vendor\\laravel\\framework\\src\\Illuminate\\Foundation\\Http\\Middleware\\TransformsRequest.php(21): Illuminate\\Pipeline\\Pipeline->Illuminate\\Pipeline\\{closure}(Object(Illuminate\\Http\\Request))
#24 C:\\xampp\\htdocs\\LARAVEL\\API-CRUD-APP\\vendor\\laravel\\framework\\src\\Illuminate\\Foundation\\Http\\Middleware\\TrimStrings.php(40): Illuminate\\Foundation\\Http\\Middleware\\TransformsRequest->handle(Object(Illuminate\\Http\\Request), Object(Closure))
#25 C:\\xampp\\htdocs\\LARAVEL\\API-CRUD-APP\\vendor\\laravel\\framework\\src\\Illuminate\\Pipeline\\Pipeline.php(180): Illuminate\\Foundation\\Http\\Middleware\\TrimStrings->handle(Object(Illuminate\\Http\\Request), Object(Closure))
#26 C:\\xampp\\htdocs\\LARAVEL\\API-CRUD-APP\\vendor\\laravel\\framework\\src\\Illuminate\\Foundation\\Http\\Middleware\\ValidatePostSize.php(27): Illuminate\\Pipeline\\Pipeline->Illuminate\\Pipeline\\{closure}(Object(Illuminate\\Http\\Request))
#27 C:\\xampp\\htdocs\\LARAVEL\\API-CRUD-APP\\vendor\\laravel\\framework\\src\\Illuminate\\Pipeline\\Pipeline.php(180): Illuminate\\Foundation\\Http\\Middleware\\ValidatePostSize->handle(Object(Illuminate\\Http\\Request), Object(Closure))
#28 C:\\xampp\\htdocs\\LARAVEL\\API-CRUD-APP\\vendor\\laravel\\framework\\src\\Illuminate\\Foundation\\Http\\Middleware\\PreventRequestsDuringMaintenance.php(86): Illuminate\\Pipeline\\Pipeline->Illuminate\\Pipeline\\{closure}(Object(Illuminate\\Http\\Request))
#29 C:\\xampp\\htdocs\\LARAVEL\\API-CRUD-APP\\vendor\\laravel\\framework\\src\\Illuminate\\Pipeline\\Pipeline.php(180): Illuminate\\Foundation\\Http\\Middleware\\PreventRequestsDuringMaintenance->handle(Object(Illuminate\\Http\\Request), Object(Closure))
#30 C:\\xampp\\htdocs\\LARAVEL\\API-CRUD-APP\\vendor\\laravel\\framework\\src\\Illuminate\\Http\\Middleware\\HandleCors.php(62): Illuminate\\Pipeline\\Pipeline->Illuminate\\Pipeline\\{closure}(Object(Illuminate\\Http\\Request))
#31 C:\\xampp\\htdocs\\LARAVEL\\API-CRUD-APP\\vendor\\laravel\\framework\\src\\Illuminate\\Pipeline\\Pipeline.php(180): Illuminate\\Http\\Middleware\\HandleCors->handle(Object(Illuminate\\Http\\Request), Object(Closure))
#32 C:\\xampp\\htdocs\\LARAVEL\\API-CRUD-APP\\vendor\\laravel\\framework\\src\\Illuminate\\Http\\Middleware\\TrustProxies.php(39): Illuminate\\Pipeline\\Pipeline->Illuminate\\Pipeline\\{closure}(Object(Illuminate\\Http\\Request))
#33 C:\\xampp\\htdocs\\LARAVEL\\API-CRUD-APP\\vendor\\laravel\\framework\\src\\Illuminate\\Pipeline\\Pipeline.php(180): Illuminate\\Http\\Middleware\\TrustProxies->handle(Object(Illuminate\\Http\\Request), Object(Closure))
#34 C:\\xampp\\htdocs\\LARAVEL\\API-CRUD-APP\\vendor\\laravel\\framework\\src\\Illuminate\\Pipeline\\Pipeline.php(116): Illuminate\\Pipeline\\Pipeline->Illuminate\\Pipeline\\{closure}(Object(Illuminate\\Http\\Request))
#35 C:\\xampp\\htdocs\\LARAVEL\\API-CRUD-APP\\vendor\\laravel\\framework\\src\\Illuminate\\Foundation\\Http\\Kernel.php(165): Illuminate\\Pipeline\\Pipeline->then(Object(Closure))
#36 C:\\xampp\\htdocs\\LARAVEL\\API-CRUD-APP\\vendor\\laravel\\framework\\src\\Illuminate\\Foundation\\Http\\Kernel.php(134): Illuminate\\Foundation\\Http\\Kernel->sendRequestThroughRouter(Object(Illuminate\\Http\\Request))
#37 C:\\xampp\\htdocs\\LARAVEL\\API-CRUD-APP\\public\\index.php(52): Illuminate\\Foundation\\Http\\Kernel->handle(Object(Illuminate\\Http\\Request))
#38 C:\\xampp\\htdocs\\LARAVEL\\API-CRUD-APP\\vendor\\laravel\\framework\\src\\Illuminate\\Foundation\\resources\\server.php(16): require_once('C:\\\\xampp\\\\htdocs...')
#39 {main}
"} 
[2024-10-04 04:56:18] local.ERROR: Property [name] does not exist on the Eloquent builder instance. {"exception":"[object] (Exception(code: 0): Property [name] does not exist on the Eloquent builder instance. at C:\\xampp\\htdocs\\LARAVEL\\API-CRUD-APP\\vendor\\laravel\\framework\\src\\Illuminate\\Database\\Eloquent\\Builder.php:1830)
[stacktrace]
#0 C:\\xampp\\htdocs\\LARAVEL\\API-CRUD-APP\\app\\Http\\Controllers\\StudentsController.php(49): Illuminate\\Database\\Eloquent\\Builder->__get('name')
#1 C:\\xampp\\htdocs\\LARAVEL\\API-CRUD-APP\\vendor\\laravel\\framework\\src\\Illuminate\\Routing\\Controller.php(54): App\\Http\\Controllers\\StudentsController->login(Object(Illuminate\\Http\\Request))
#2 C:\\xampp\\htdocs\\LARAVEL\\API-CRUD-APP\\vendor\\laravel\\framework\\src\\Illuminate\\Routing\\ControllerDispatcher.php(43): Illuminate\\Routing\\Controller->callAction('login', Array)
#3 C:\\xampp\\htdocs\\LARAVEL\\API-CRUD-APP\\vendor\\laravel\\framework\\src\\Illuminate\\Routing\\Route.php(260): Illuminate\\Routing\\ControllerDispatcher->dispatch(Object(Illuminate\\Routing\\Route), Object(App\\Http\\Controllers\\StudentsController), 'login')
#4 C:\\xampp\\htdocs\\LARAVEL\\API-CRUD-APP\\vendor\\laravel\\framework\\src\\Illuminate\\Routing\\Route.php(205): Illuminate\\Routing\\Route->runController()
#5 C:\\xampp\\htdocs\\LARAVEL\\API-CRUD-APP\\vendor\\laravel\\framework\\src\\Illuminate\\Routing\\Router.php(798): Illuminate\\Routing\\Route->run()
#6 C:\\xampp\\htdocs\\LARAVEL\\API-CRUD-APP\\vendor\\laravel\\framework\\src\\Illuminate\\Pipeline\\Pipeline.php(141): Illuminate\\Routing\\Router->Illuminate\\Routing\\{closure}(Object(Illuminate\\Http\\Request))
#7 C:\\xampp\\htdocs\\LARAVEL\\API-CRUD-APP\\vendor\\laravel\\framework\\src\\Illuminate\\Routing\\Middleware\\SubstituteBindings.php(50): Illuminate\\Pipeline\\Pipeline->Illuminate\\Pipeline\\{closure}(Object(Illuminate\\Http\\Request))
#8 C:\\xampp\\htdocs\\LARAVEL\\API-CRUD-APP\\vendor\\laravel\\framework\\src\\Illuminate\\Pipeline\\Pipeline.php(180): Illuminate\\Routing\\Middleware\\SubstituteBindings->handle(Object(Illuminate\\Http\\Request), Object(Closure))
#9 C:\\xampp\\htdocs\\LARAVEL\\API-CRUD-APP\\vendor\\laravel\\framework\\src\\Illuminate\\Routing\\Middleware\\ThrottleRequests.php(126): Illuminate\\Pipeline\\Pipeline->Illuminate\\Pipeline\\{closure}(Object(Illuminate\\Http\\Request))
#10 C:\\xampp\\htdocs\\LARAVEL\\API-CRUD-APP\\vendor\\laravel\\framework\\src\\Illuminate\\Routing\\Middleware\\ThrottleRequests.php(102): Illuminate\\Routing\\Middleware\\ThrottleRequests->handleRequest(Object(Illuminate\\Http\\Request), Object(Closure), Array)
#11 C:\\xampp\\htdocs\\LARAVEL\\API-CRUD-APP\\vendor\\laravel\\framework\\src\\Illuminate\\Routing\\Middleware\\ThrottleRequests.php(54): Illuminate\\Routing\\Middleware\\ThrottleRequests->handleRequestUsingNamedLimiter(Object(Illuminate\\Http\\Request), Object(Closure), 'api', Object(Closure))
#12 C:\\xampp\\htdocs\\LARAVEL\\API-CRUD-APP\\vendor\\laravel\\framework\\src\\Illuminate\\Pipeline\\Pipeline.php(180): Illuminate\\Routing\\Middleware\\ThrottleRequests->handle(Object(Illuminate\\Http\\Request), Object(Closure), 'api')
#13 C:\\xampp\\htdocs\\LARAVEL\\API-CRUD-APP\\vendor\\laravel\\framework\\src\\Illuminate\\Pipeline\\Pipeline.php(116): Illuminate\\Pipeline\\Pipeline->Illuminate\\Pipeline\\{closure}(Object(Illuminate\\Http\\Request))
#14 C:\\xampp\\htdocs\\LARAVEL\\API-CRUD-APP\\vendor\\laravel\\framework\\src\\Illuminate\\Routing\\Router.php(799): Illuminate\\Pipeline\\Pipeline->then(Object(Closure))
#15 C:\\xampp\\htdocs\\LARAVEL\\API-CRUD-APP\\vendor\\laravel\\framework\\src\\Illuminate\\Routing\\Router.php(776): Illuminate\\Routing\\Router->runRouteWithinStack(Object(Illuminate\\Routing\\Route), Object(Illuminate\\Http\\Request))
#16 C:\\xampp\\htdocs\\LARAVEL\\API-CRUD-APP\\vendor\\laravel\\framework\\src\\Illuminate\\Routing\\Router.php(740): Illuminate\\Routing\\Router->runRoute(Object(Illuminate\\Http\\Request), Object(Illuminate\\Routing\\Route))
#17 C:\\xampp\\htdocs\\LARAVEL\\API-CRUD-APP\\vendor\\laravel\\framework\\src\\Illuminate\\Routing\\Router.php(729): Illuminate\\Routing\\Router->dispatchToRoute(Object(Illuminate\\Http\\Request))
#18 C:\\xampp\\htdocs\\LARAVEL\\API-CRUD-APP\\vendor\\laravel\\framework\\src\\Illuminate\\Foundation\\Http\\Kernel.php(190): Illuminate\\Routing\\Router->dispatch(Object(Illuminate\\Http\\Request))
#19 C:\\xampp\\htdocs\\LARAVEL\\API-CRUD-APP\\vendor\\laravel\\framework\\src\\Illuminate\\Pipeline\\Pipeline.php(141): Illuminate\\Foundation\\Http\\Kernel->Illuminate\\Foundation\\Http\\{closure}(Object(Illuminate\\Http\\Request))
#20 C:\\xampp\\htdocs\\LARAVEL\\API-CRUD-APP\\vendor\\laravel\\framework\\src\\Illuminate\\Foundation\\Http\\Middleware\\TransformsRequest.php(21): Illuminate\\Pipeline\\Pipeline->Illuminate\\Pipeline\\{closure}(Object(Illuminate\\Http\\Request))
#21 C:\\xampp\\htdocs\\LARAVEL\\API-CRUD-APP\\vendor\\laravel\\framework\\src\\Illuminate\\Foundation\\Http\\Middleware\\ConvertEmptyStringsToNull.php(31): Illuminate\\Foundation\\Http\\Middleware\\TransformsRequest->handle(Object(Illuminate\\Http\\Request), Object(Closure))
#22 C:\\xampp\\htdocs\\LARAVEL\\API-CRUD-APP\\vendor\\laravel\\framework\\src\\Illuminate\\Pipeline\\Pipeline.php(180): Illuminate\\Foundation\\Http\\Middleware\\ConvertEmptyStringsToNull->handle(Object(Illuminate\\Http\\Request), Object(Closure))
#23 C:\\xampp\\htdocs\\LARAVEL\\API-CRUD-APP\\vendor\\laravel\\framework\\src\\Illuminate\\Foundation\\Http\\Middleware\\TransformsRequest.php(21): Illuminate\\Pipeline\\Pipeline->Illuminate\\Pipeline\\{closure}(Object(Illuminate\\Http\\Request))
#24 C:\\xampp\\htdocs\\LARAVEL\\API-CRUD-APP\\vendor\\laravel\\framework\\src\\Illuminate\\Foundation\\Http\\Middleware\\TrimStrings.php(40): Illuminate\\Foundation\\Http\\Middleware\\TransformsRequest->handle(Object(Illuminate\\Http\\Request), Object(Closure))
#25 C:\\xampp\\htdocs\\LARAVEL\\API-CRUD-APP\\vendor\\laravel\\framework\\src\\Illuminate\\Pipeline\\Pipeline.php(180): Illuminate\\Foundation\\Http\\Middleware\\TrimStrings->handle(Object(Illuminate\\Http\\Request), Object(Closure))
#26 C:\\xampp\\htdocs\\LARAVEL\\API-CRUD-APP\\vendor\\laravel\\framework\\src\\Illuminate\\Foundation\\Http\\Middleware\\ValidatePostSize.php(27): Illuminate\\Pipeline\\Pipeline->Illuminate\\Pipeline\\{closure}(Object(Illuminate\\Http\\Request))
#27 C:\\xampp\\htdocs\\LARAVEL\\API-CRUD-APP\\vendor\\laravel\\framework\\src\\Illuminate\\Pipeline\\Pipeline.php(180): Illuminate\\Foundation\\Http\\Middleware\\ValidatePostSize->handle(Object(Illuminate\\Http\\Request), Object(Closure))
#28 C:\\xampp\\htdocs\\LARAVEL\\API-CRUD-APP\\vendor\\laravel\\framework\\src\\Illuminate\\Foundation\\Http\\Middleware\\PreventRequestsDuringMaintenance.php(86): Illuminate\\Pipeline\\Pipeline->Illuminate\\Pipeline\\{closure}(Object(Illuminate\\Http\\Request))
#29 C:\\xampp\\htdocs\\LARAVEL\\API-CRUD-APP\\vendor\\laravel\\framework\\src\\Illuminate\\Pipeline\\Pipeline.php(180): Illuminate\\Foundation\\Http\\Middleware\\PreventRequestsDuringMaintenance->handle(Object(Illuminate\\Http\\Request), Object(Closure))
#30 C:\\xampp\\htdocs\\LARAVEL\\API-CRUD-APP\\vendor\\laravel\\framework\\src\\Illuminate\\Http\\Middleware\\HandleCors.php(62): Illuminate\\Pipeline\\Pipeline->Illuminate\\Pipeline\\{closure}(Object(Illuminate\\Http\\Request))
#31 C:\\xampp\\htdocs\\LARAVEL\\API-CRUD-APP\\vendor\\laravel\\framework\\src\\Illuminate\\Pipeline\\Pipeline.php(180): Illuminate\\Http\\Middleware\\HandleCors->handle(Object(Illuminate\\Http\\Request), Object(Closure))
#32 C:\\xampp\\htdocs\\LARAVEL\\API-CRUD-APP\\vendor\\laravel\\framework\\src\\Illuminate\\Http\\Middleware\\TrustProxies.php(39): Illuminate\\Pipeline\\Pipeline->Illuminate\\Pipeline\\{closure}(Object(Illuminate\\Http\\Request))
#33 C:\\xampp\\htdocs\\LARAVEL\\API-CRUD-APP\\vendor\\laravel\\framework\\src\\Illuminate\\Pipeline\\Pipeline.php(180): Illuminate\\Http\\Middleware\\TrustProxies->handle(Object(Illuminate\\Http\\Request), Object(Closure))
#34 C:\\xampp\\htdocs\\LARAVEL\\API-CRUD-APP\\vendor\\laravel\\framework\\src\\Illuminate\\Pipeline\\Pipeline.php(116): Illuminate\\Pipeline\\Pipeline->Illuminate\\Pipeline\\{closure}(Object(Illuminate\\Http\\Request))
#35 C:\\xampp\\htdocs\\LARAVEL\\API-CRUD-APP\\vendor\\laravel\\framework\\src\\Illuminate\\Foundation\\Http\\Kernel.php(165): Illuminate\\Pipeline\\Pipeline->then(Object(Closure))
#36 C:\\xampp\\htdocs\\LARAVEL\\API-CRUD-APP\\vendor\\laravel\\framework\\src\\Illuminate\\Foundation\\Http\\Kernel.php(134): Illuminate\\Foundation\\Http\\Kernel->sendRequestThroughRouter(Object(Illuminate\\Http\\Request))
#37 C:\\xampp\\htdocs\\LARAVEL\\API-CRUD-APP\\public\\index.php(52): Illuminate\\Foundation\\Http\\Kernel->handle(Object(Illuminate\\Http\\Request))
#38 C:\\xampp\\htdocs\\LARAVEL\\API-CRUD-APP\\vendor\\laravel\\framework\\src\\Illuminate\\Foundation\\resources\\server.php(16): require_once('C:\\\\xampp\\\\htdocs...')
#39 {main}
"} 
[2024-10-04 04:56:40] local.ERROR: Property [name] does not exist on the Eloquent builder instance. {"exception":"[object] (Exception(code: 0): Property [name] does not exist on the Eloquent builder instance. at C:\\xampp\\htdocs\\LARAVEL\\API-CRUD-APP\\vendor\\laravel\\framework\\src\\Illuminate\\Database\\Eloquent\\Builder.php:1830)
[stacktrace]
#0 C:\\xampp\\htdocs\\LARAVEL\\API-CRUD-APP\\app\\Http\\Controllers\\StudentsController.php(49): Illuminate\\Database\\Eloquent\\Builder->__get('name')
#1 C:\\xampp\\htdocs\\LARAVEL\\API-CRUD-APP\\vendor\\laravel\\framework\\src\\Illuminate\\Routing\\Controller.php(54): App\\Http\\Controllers\\StudentsController->login(Object(Illuminate\\Http\\Request))
#2 C:\\xampp\\htdocs\\LARAVEL\\API-CRUD-APP\\vendor\\laravel\\framework\\src\\Illuminate\\Routing\\ControllerDispatcher.php(43): Illuminate\\Routing\\Controller->callAction('login', Array)
#3 C:\\xampp\\htdocs\\LARAVEL\\API-CRUD-APP\\vendor\\laravel\\framework\\src\\Illuminate\\Routing\\Route.php(260): Illuminate\\Routing\\ControllerDispatcher->dispatch(Object(Illuminate\\Routing\\Route), Object(App\\Http\\Controllers\\StudentsController), 'login')
#4 C:\\xampp\\htdocs\\LARAVEL\\API-CRUD-APP\\vendor\\laravel\\framework\\src\\Illuminate\\Routing\\Route.php(205): Illuminate\\Routing\\Route->runController()
#5 C:\\xampp\\htdocs\\LARAVEL\\API-CRUD-APP\\vendor\\laravel\\framework\\src\\Illuminate\\Routing\\Router.php(798): Illuminate\\Routing\\Route->run()
#6 C:\\xampp\\htdocs\\LARAVEL\\API-CRUD-APP\\vendor\\laravel\\framework\\src\\Illuminate\\Pipeline\\Pipeline.php(141): Illuminate\\Routing\\Router->Illuminate\\Routing\\{closure}(Object(Illuminate\\Http\\Request))
#7 C:\\xampp\\htdocs\\LARAVEL\\API-CRUD-APP\\vendor\\laravel\\framework\\src\\Illuminate\\Routing\\Middleware\\SubstituteBindings.php(50): Illuminate\\Pipeline\\Pipeline->Illuminate\\Pipeline\\{closure}(Object(Illuminate\\Http\\Request))
#8 C:\\xampp\\htdocs\\LARAVEL\\API-CRUD-APP\\vendor\\laravel\\framework\\src\\Illuminate\\Pipeline\\Pipeline.php(180): Illuminate\\Routing\\Middleware\\SubstituteBindings->handle(Object(Illuminate\\Http\\Request), Object(Closure))
#9 C:\\xampp\\htdocs\\LARAVEL\\API-CRUD-APP\\vendor\\laravel\\framework\\src\\Illuminate\\Routing\\Middleware\\ThrottleRequests.php(126): Illuminate\\Pipeline\\Pipeline->Illuminate\\Pipeline\\{closure}(Object(Illuminate\\Http\\Request))
#10 C:\\xampp\\htdocs\\LARAVEL\\API-CRUD-APP\\vendor\\laravel\\framework\\src\\Illuminate\\Routing\\Middleware\\ThrottleRequests.php(102): Illuminate\\Routing\\Middleware\\ThrottleRequests->handleRequest(Object(Illuminate\\Http\\Request), Object(Closure), Array)
#11 C:\\xampp\\htdocs\\LARAVEL\\API-CRUD-APP\\vendor\\laravel\\framework\\src\\Illuminate\\Routing\\Middleware\\ThrottleRequests.php(54): Illuminate\\Routing\\Middleware\\ThrottleRequests->handleRequestUsingNamedLimiter(Object(Illuminate\\Http\\Request), Object(Closure), 'api', Object(Closure))
#12 C:\\xampp\\htdocs\\LARAVEL\\API-CRUD-APP\\vendor\\laravel\\framework\\src\\Illuminate\\Pipeline\\Pipeline.php(180): Illuminate\\Routing\\Middleware\\ThrottleRequests->handle(Object(Illuminate\\Http\\Request), Object(Closure), 'api')
#13 C:\\xampp\\htdocs\\LARAVEL\\API-CRUD-APP\\vendor\\laravel\\framework\\src\\Illuminate\\Pipeline\\Pipeline.php(116): Illuminate\\Pipeline\\Pipeline->Illuminate\\Pipeline\\{closure}(Object(Illuminate\\Http\\Request))
#14 C:\\xampp\\htdocs\\LARAVEL\\API-CRUD-APP\\vendor\\laravel\\framework\\src\\Illuminate\\Routing\\Router.php(799): Illuminate\\Pipeline\\Pipeline->then(Object(Closure))
#15 C:\\xampp\\htdocs\\LARAVEL\\API-CRUD-APP\\vendor\\laravel\\framework\\src\\Illuminate\\Routing\\Router.php(776): Illuminate\\Routing\\Router->runRouteWithinStack(Object(Illuminate\\Routing\\Route), Object(Illuminate\\Http\\Request))
#16 C:\\xampp\\htdocs\\LARAVEL\\API-CRUD-APP\\vendor\\laravel\\framework\\src\\Illuminate\\Routing\\Router.php(740): Illuminate\\Routing\\Router->runRoute(Object(Illuminate\\Http\\Request), Object(Illuminate\\Routing\\Route))
#17 C:\\xampp\\htdocs\\LARAVEL\\API-CRUD-APP\\vendor\\laravel\\framework\\src\\Illuminate\\Routing\\Router.php(729): Illuminate\\Routing\\Router->dispatchToRoute(Object(Illuminate\\Http\\Request))
#18 C:\\xampp\\htdocs\\LARAVEL\\API-CRUD-APP\\vendor\\laravel\\framework\\src\\Illuminate\\Foundation\\Http\\Kernel.php(190): Illuminate\\Routing\\Router->dispatch(Object(Illuminate\\Http\\Request))
#19 C:\\xampp\\htdocs\\LARAVEL\\API-CRUD-APP\\vendor\\laravel\\framework\\src\\Illuminate\\Pipeline\\Pipeline.php(141): Illuminate\\Foundation\\Http\\Kernel->Illuminate\\Foundation\\Http\\{closure}(Object(Illuminate\\Http\\Request))
#20 C:\\xampp\\htdocs\\LARAVEL\\API-CRUD-APP\\vendor\\laravel\\framework\\src\\Illuminate\\Foundation\\Http\\Middleware\\TransformsRequest.php(21): Illuminate\\Pipeline\\Pipeline->Illuminate\\Pipeline\\{closure}(Object(Illuminate\\Http\\Request))
#21 C:\\xampp\\htdocs\\LARAVEL\\API-CRUD-APP\\vendor\\laravel\\framework\\src\\Illuminate\\Foundation\\Http\\Middleware\\ConvertEmptyStringsToNull.php(31): Illuminate\\Foundation\\Http\\Middleware\\TransformsRequest->handle(Object(Illuminate\\Http\\Request), Object(Closure))
#22 C:\\xampp\\htdocs\\LARAVEL\\API-CRUD-APP\\vendor\\laravel\\framework\\src\\Illuminate\\Pipeline\\Pipeline.php(180): Illuminate\\Foundation\\Http\\Middleware\\ConvertEmptyStringsToNull->handle(Object(Illuminate\\Http\\Request), Object(Closure))
#23 C:\\xampp\\htdocs\\LARAVEL\\API-CRUD-APP\\vendor\\laravel\\framework\\src\\Illuminate\\Foundation\\Http\\Middleware\\TransformsRequest.php(21): Illuminate\\Pipeline\\Pipeline->Illuminate\\Pipeline\\{closure}(Object(Illuminate\\Http\\Request))
#24 C:\\xampp\\htdocs\\LARAVEL\\API-CRUD-APP\\vendor\\laravel\\framework\\src\\Illuminate\\Foundation\\Http\\Middleware\\TrimStrings.php(40): Illuminate\\Foundation\\Http\\Middleware\\TransformsRequest->handle(Object(Illuminate\\Http\\Request), Object(Closure))
#25 C:\\xampp\\htdocs\\LARAVEL\\API-CRUD-APP\\vendor\\laravel\\framework\\src\\Illuminate\\Pipeline\\Pipeline.php(180): Illuminate\\Foundation\\Http\\Middleware\\TrimStrings->handle(Object(Illuminate\\Http\\Request), Object(Closure))
#26 C:\\xampp\\htdocs\\LARAVEL\\API-CRUD-APP\\vendor\\laravel\\framework\\src\\Illuminate\\Foundation\\Http\\Middleware\\ValidatePostSize.php(27): Illuminate\\Pipeline\\Pipeline->Illuminate\\Pipeline\\{closure}(Object(Illuminate\\Http\\Request))
#27 C:\\xampp\\htdocs\\LARAVEL\\API-CRUD-APP\\vendor\\laravel\\framework\\src\\Illuminate\\Pipeline\\Pipeline.php(180): Illuminate\\Foundation\\Http\\Middleware\\ValidatePostSize->handle(Object(Illuminate\\Http\\Request), Object(Closure))
#28 C:\\xampp\\htdocs\\LARAVEL\\API-CRUD-APP\\vendor\\laravel\\framework\\src\\Illuminate\\Foundation\\Http\\Middleware\\PreventRequestsDuringMaintenance.php(86): Illuminate\\Pipeline\\Pipeline->Illuminate\\Pipeline\\{closure}(Object(Illuminate\\Http\\Request))
#29 C:\\xampp\\htdocs\\LARAVEL\\API-CRUD-APP\\vendor\\laravel\\framework\\src\\Illuminate\\Pipeline\\Pipeline.php(180): Illuminate\\Foundation\\Http\\Middleware\\PreventRequestsDuringMaintenance->handle(Object(Illuminate\\Http\\Request), Object(Closure))
#30 C:\\xampp\\htdocs\\LARAVEL\\API-CRUD-APP\\vendor\\laravel\\framework\\src\\Illuminate\\Http\\Middleware\\HandleCors.php(62): Illuminate\\Pipeline\\Pipeline->Illuminate\\Pipeline\\{closure}(Object(Illuminate\\Http\\Request))
#31 C:\\xampp\\htdocs\\LARAVEL\\API-CRUD-APP\\vendor\\laravel\\framework\\src\\Illuminate\\Pipeline\\Pipeline.php(180): Illuminate\\Http\\Middleware\\HandleCors->handle(Object(Illuminate\\Http\\Request), Object(Closure))
#32 C:\\xampp\\htdocs\\LARAVEL\\API-CRUD-APP\\vendor\\laravel\\framework\\src\\Illuminate\\Http\\Middleware\\TrustProxies.php(39): Illuminate\\Pipeline\\Pipeline->Illuminate\\Pipeline\\{closure}(Object(Illuminate\\Http\\Request))
#33 C:\\xampp\\htdocs\\LARAVEL\\API-CRUD-APP\\vendor\\laravel\\framework\\src\\Illuminate\\Pipeline\\Pipeline.php(180): Illuminate\\Http\\Middleware\\TrustProxies->handle(Object(Illuminate\\Http\\Request), Object(Closure))
#34 C:\\xampp\\htdocs\\LARAVEL\\API-CRUD-APP\\vendor\\laravel\\framework\\src\\Illuminate\\Pipeline\\Pipeline.php(116): Illuminate\\Pipeline\\Pipeline->Illuminate\\Pipeline\\{closure}(Object(Illuminate\\Http\\Request))
#35 C:\\xampp\\htdocs\\LARAVEL\\API-CRUD-APP\\vendor\\laravel\\framework\\src\\Illuminate\\Foundation\\Http\\Kernel.php(165): Illuminate\\Pipeline\\Pipeline->then(Object(Closure))
#36 C:\\xampp\\htdocs\\LARAVEL\\API-CRUD-APP\\vendor\\laravel\\framework\\src\\Illuminate\\Foundation\\Http\\Kernel.php(134): Illuminate\\Foundation\\Http\\Kernel->sendRequestThroughRouter(Object(Illuminate\\Http\\Request))
#37 C:\\xampp\\htdocs\\LARAVEL\\API-CRUD-APP\\public\\index.php(52): Illuminate\\Foundation\\Http\\Kernel->handle(Object(Illuminate\\Http\\Request))
#38 C:\\xampp\\htdocs\\LARAVEL\\API-CRUD-APP\\vendor\\laravel\\framework\\src\\Illuminate\\Foundation\\resources\\server.php(16): require_once('C:\\\\xampp\\\\htdocs...')
#39 {main}
"} 
[2024-10-04 05:02:01] local.ERROR: Property [name] does not exist on the Eloquent builder instance. {"exception":"[object] (Exception(code: 0): Property [name] does not exist on the Eloquent builder instance. at C:\\xampp\\htdocs\\LARAVEL\\API-CRUD-APP\\vendor\\laravel\\framework\\src\\Illuminate\\Database\\Eloquent\\Builder.php:1830)
[stacktrace]
#0 C:\\xampp\\htdocs\\LARAVEL\\API-CRUD-APP\\app\\Http\\Controllers\\StudentsController.php(49): Illuminate\\Database\\Eloquent\\Builder->__get('name')
#1 C:\\xampp\\htdocs\\LARAVEL\\API-CRUD-APP\\vendor\\laravel\\framework\\src\\Illuminate\\Routing\\Controller.php(54): App\\Http\\Controllers\\StudentsController->login(Object(Illuminate\\Http\\Request))
#2 C:\\xampp\\htdocs\\LARAVEL\\API-CRUD-APP\\vendor\\laravel\\framework\\src\\Illuminate\\Routing\\ControllerDispatcher.php(43): Illuminate\\Routing\\Controller->callAction('login', Array)
#3 C:\\xampp\\htdocs\\LARAVEL\\API-CRUD-APP\\vendor\\laravel\\framework\\src\\Illuminate\\Routing\\Route.php(260): Illuminate\\Routing\\ControllerDispatcher->dispatch(Object(Illuminate\\Routing\\Route), Object(App\\Http\\Controllers\\StudentsController), 'login')
#4 C:\\xampp\\htdocs\\LARAVEL\\API-CRUD-APP\\vendor\\laravel\\framework\\src\\Illuminate\\Routing\\Route.php(205): Illuminate\\Routing\\Route->runController()
#5 C:\\xampp\\htdocs\\LARAVEL\\API-CRUD-APP\\vendor\\laravel\\framework\\src\\Illuminate\\Routing\\Router.php(798): Illuminate\\Routing\\Route->run()
#6 C:\\xampp\\htdocs\\LARAVEL\\API-CRUD-APP\\vendor\\laravel\\framework\\src\\Illuminate\\Pipeline\\Pipeline.php(141): Illuminate\\Routing\\Router->Illuminate\\Routing\\{closure}(Object(Illuminate\\Http\\Request))
#7 C:\\xampp\\htdocs\\LARAVEL\\API-CRUD-APP\\vendor\\laravel\\framework\\src\\Illuminate\\Routing\\Middleware\\SubstituteBindings.php(50): Illuminate\\Pipeline\\Pipeline->Illuminate\\Pipeline\\{closure}(Object(Illuminate\\Http\\Request))
#8 C:\\xampp\\htdocs\\LARAVEL\\API-CRUD-APP\\vendor\\laravel\\framework\\src\\Illuminate\\Pipeline\\Pipeline.php(180): Illuminate\\Routing\\Middleware\\SubstituteBindings->handle(Object(Illuminate\\Http\\Request), Object(Closure))
#9 C:\\xampp\\htdocs\\LARAVEL\\API-CRUD-APP\\vendor\\laravel\\framework\\src\\Illuminate\\Routing\\Middleware\\ThrottleRequests.php(126): Illuminate\\Pipeline\\Pipeline->Illuminate\\Pipeline\\{closure}(Object(Illuminate\\Http\\Request))
#10 C:\\xampp\\htdocs\\LARAVEL\\API-CRUD-APP\\vendor\\laravel\\framework\\src\\Illuminate\\Routing\\Middleware\\ThrottleRequests.php(102): Illuminate\\Routing\\Middleware\\ThrottleRequests->handleRequest(Object(Illuminate\\Http\\Request), Object(Closure), Array)
#11 C:\\xampp\\htdocs\\LARAVEL\\API-CRUD-APP\\vendor\\laravel\\framework\\src\\Illuminate\\Routing\\Middleware\\ThrottleRequests.php(54): Illuminate\\Routing\\Middleware\\ThrottleRequests->handleRequestUsingNamedLimiter(Object(Illuminate\\Http\\Request), Object(Closure), 'api', Object(Closure))
#12 C:\\xampp\\htdocs\\LARAVEL\\API-CRUD-APP\\vendor\\laravel\\framework\\src\\Illuminate\\Pipeline\\Pipeline.php(180): Illuminate\\Routing\\Middleware\\ThrottleRequests->handle(Object(Illuminate\\Http\\Request), Object(Closure), 'api')
#13 C:\\xampp\\htdocs\\LARAVEL\\API-CRUD-APP\\vendor\\laravel\\framework\\src\\Illuminate\\Pipeline\\Pipeline.php(116): Illuminate\\Pipeline\\Pipeline->Illuminate\\Pipeline\\{closure}(Object(Illuminate\\Http\\Request))
#14 C:\\xampp\\htdocs\\LARAVEL\\API-CRUD-APP\\vendor\\laravel\\framework\\src\\Illuminate\\Routing\\Router.php(799): Illuminate\\Pipeline\\Pipeline->then(Object(Closure))
#15 C:\\xampp\\htdocs\\LARAVEL\\API-CRUD-APP\\vendor\\laravel\\framework\\src\\Illuminate\\Routing\\Router.php(776): Illuminate\\Routing\\Router->runRouteWithinStack(Object(Illuminate\\Routing\\Route), Object(Illuminate\\Http\\Request))
#16 C:\\xampp\\htdocs\\LARAVEL\\API-CRUD-APP\\vendor\\laravel\\framework\\src\\Illuminate\\Routing\\Router.php(740): Illuminate\\Routing\\Router->runRoute(Object(Illuminate\\Http\\Request), Object(Illuminate\\Routing\\Route))
#17 C:\\xampp\\htdocs\\LARAVEL\\API-CRUD-APP\\vendor\\laravel\\framework\\src\\Illuminate\\Routing\\Router.php(729): Illuminate\\Routing\\Router->dispatchToRoute(Object(Illuminate\\Http\\Request))
#18 C:\\xampp\\htdocs\\LARAVEL\\API-CRUD-APP\\vendor\\laravel\\framework\\src\\Illuminate\\Foundation\\Http\\Kernel.php(190): Illuminate\\Routing\\Router->dispatch(Object(Illuminate\\Http\\Request))
#19 C:\\xampp\\htdocs\\LARAVEL\\API-CRUD-APP\\vendor\\laravel\\framework\\src\\Illuminate\\Pipeline\\Pipeline.php(141): Illuminate\\Foundation\\Http\\Kernel->Illuminate\\Foundation\\Http\\{closure}(Object(Illuminate\\Http\\Request))
#20 C:\\xampp\\htdocs\\LARAVEL\\API-CRUD-APP\\vendor\\laravel\\framework\\src\\Illuminate\\Foundation\\Http\\Middleware\\TransformsRequest.php(21): Illuminate\\Pipeline\\Pipeline->Illuminate\\Pipeline\\{closure}(Object(Illuminate\\Http\\Request))
#21 C:\\xampp\\htdocs\\LARAVEL\\API-CRUD-APP\\vendor\\laravel\\framework\\src\\Illuminate\\Foundation\\Http\\Middleware\\ConvertEmptyStringsToNull.php(31): Illuminate\\Foundation\\Http\\Middleware\\TransformsRequest->handle(Object(Illuminate\\Http\\Request), Object(Closure))
#22 C:\\xampp\\htdocs\\LARAVEL\\API-CRUD-APP\\vendor\\laravel\\framework\\src\\Illuminate\\Pipeline\\Pipeline.php(180): Illuminate\\Foundation\\Http\\Middleware\\ConvertEmptyStringsToNull->handle(Object(Illuminate\\Http\\Request), Object(Closure))
#23 C:\\xampp\\htdocs\\LARAVEL\\API-CRUD-APP\\vendor\\laravel\\framework\\src\\Illuminate\\Foundation\\Http\\Middleware\\TransformsRequest.php(21): Illuminate\\Pipeline\\Pipeline->Illuminate\\Pipeline\\{closure}(Object(Illuminate\\Http\\Request))
#24 C:\\xampp\\htdocs\\LARAVEL\\API-CRUD-APP\\vendor\\laravel\\framework\\src\\Illuminate\\Foundation\\Http\\Middleware\\TrimStrings.php(40): Illuminate\\Foundation\\Http\\Middleware\\TransformsRequest->handle(Object(Illuminate\\Http\\Request), Object(Closure))
#25 C:\\xampp\\htdocs\\LARAVEL\\API-CRUD-APP\\vendor\\laravel\\framework\\src\\Illuminate\\Pipeline\\Pipeline.php(180): Illuminate\\Foundation\\Http\\Middleware\\TrimStrings->handle(Object(Illuminate\\Http\\Request), Object(Closure))
#26 C:\\xampp\\htdocs\\LARAVEL\\API-CRUD-APP\\vendor\\laravel\\framework\\src\\Illuminate\\Foundation\\Http\\Middleware\\ValidatePostSize.php(27): Illuminate\\Pipeline\\Pipeline->Illuminate\\Pipeline\\{closure}(Object(Illuminate\\Http\\Request))
#27 C:\\xampp\\htdocs\\LARAVEL\\API-CRUD-APP\\vendor\\laravel\\framework\\src\\Illuminate\\Pipeline\\Pipeline.php(180): Illuminate\\Foundation\\Http\\Middleware\\ValidatePostSize->handle(Object(Illuminate\\Http\\Request), Object(Closure))
#28 C:\\xampp\\htdocs\\LARAVEL\\API-CRUD-APP\\vendor\\laravel\\framework\\src\\Illuminate\\Foundation\\Http\\Middleware\\PreventRequestsDuringMaintenance.php(86): Illuminate\\Pipeline\\Pipeline->Illuminate\\Pipeline\\{closure}(Object(Illuminate\\Http\\Request))
#29 C:\\xampp\\htdocs\\LARAVEL\\API-CRUD-APP\\vendor\\laravel\\framework\\src\\Illuminate\\Pipeline\\Pipeline.php(180): Illuminate\\Foundation\\Http\\Middleware\\PreventRequestsDuringMaintenance->handle(Object(Illuminate\\Http\\Request), Object(Closure))
#30 C:\\xampp\\htdocs\\LARAVEL\\API-CRUD-APP\\vendor\\laravel\\framework\\src\\Illuminate\\Http\\Middleware\\HandleCors.php(62): Illuminate\\Pipeline\\Pipeline->Illuminate\\Pipeline\\{closure}(Object(Illuminate\\Http\\Request))
#31 C:\\xampp\\htdocs\\LARAVEL\\API-CRUD-APP\\vendor\\laravel\\framework\\src\\Illuminate\\Pipeline\\Pipeline.php(180): Illuminate\\Http\\Middleware\\HandleCors->handle(Object(Illuminate\\Http\\Request), Object(Closure))
#32 C:\\xampp\\htdocs\\LARAVEL\\API-CRUD-APP\\vendor\\laravel\\framework\\src\\Illuminate\\Http\\Middleware\\TrustProxies.php(39): Illuminate\\Pipeline\\Pipeline->Illuminate\\Pipeline\\{closure}(Object(Illuminate\\Http\\Request))
#33 C:\\xampp\\htdocs\\LARAVEL\\API-CRUD-APP\\vendor\\laravel\\framework\\src\\Illuminate\\Pipeline\\Pipeline.php(180): Illuminate\\Http\\Middleware\\TrustProxies->handle(Object(Illuminate\\Http\\Request), Object(Closure))
#34 C:\\xampp\\htdocs\\LARAVEL\\API-CRUD-APP\\vendor\\laravel\\framework\\src\\Illuminate\\Pipeline\\Pipeline.php(116): Illuminate\\Pipeline\\Pipeline->Illuminate\\Pipeline\\{closure}(Object(Illuminate\\Http\\Request))
#35 C:\\xampp\\htdocs\\LARAVEL\\API-CRUD-APP\\vendor\\laravel\\framework\\src\\Illuminate\\Foundation\\Http\\Kernel.php(165): Illuminate\\Pipeline\\Pipeline->then(Object(Closure))
#36 C:\\xampp\\htdocs\\LARAVEL\\API-CRUD-APP\\vendor\\laravel\\framework\\src\\Illuminate\\Foundation\\Http\\Kernel.php(134): Illuminate\\Foundation\\Http\\Kernel->sendRequestThroughRouter(Object(Illuminate\\Http\\Request))
#37 C:\\xampp\\htdocs\\LARAVEL\\API-CRUD-APP\\public\\index.php(52): Illuminate\\Foundation\\Http\\Kernel->handle(Object(Illuminate\\Http\\Request))
#38 C:\\xampp\\htdocs\\LARAVEL\\API-CRUD-APP\\vendor\\laravel\\framework\\src\\Illuminate\\Foundation\\resources\\server.php(16): require_once('C:\\\\xampp\\\\htdocs...')
#39 {main}
"} 
[2024-10-04 05:02:24] local.ERROR: Property [name] does not exist on the Eloquent builder instance. {"exception":"[object] (Exception(code: 0): Property [name] does not exist on the Eloquent builder instance. at C:\\xampp\\htdocs\\LARAVEL\\API-CRUD-APP\\vendor\\laravel\\framework\\src\\Illuminate\\Database\\Eloquent\\Builder.php:1830)
[stacktrace]
#0 C:\\xampp\\htdocs\\LARAVEL\\API-CRUD-APP\\app\\Http\\Controllers\\StudentsController.php(49): Illuminate\\Database\\Eloquent\\Builder->__get('name')
#1 C:\\xampp\\htdocs\\LARAVEL\\API-CRUD-APP\\vendor\\laravel\\framework\\src\\Illuminate\\Routing\\Controller.php(54): App\\Http\\Controllers\\StudentsController->login(Object(Illuminate\\Http\\Request))
#2 C:\\xampp\\htdocs\\LARAVEL\\API-CRUD-APP\\vendor\\laravel\\framework\\src\\Illuminate\\Routing\\ControllerDispatcher.php(43): Illuminate\\Routing\\Controller->callAction('login', Array)
#3 C:\\xampp\\htdocs\\LARAVEL\\API-CRUD-APP\\vendor\\laravel\\framework\\src\\Illuminate\\Routing\\Route.php(260): Illuminate\\Routing\\ControllerDispatcher->dispatch(Object(Illuminate\\Routing\\Route), Object(App\\Http\\Controllers\\StudentsController), 'login')
#4 C:\\xampp\\htdocs\\LARAVEL\\API-CRUD-APP\\vendor\\laravel\\framework\\src\\Illuminate\\Routing\\Route.php(205): Illuminate\\Routing\\Route->runController()
#5 C:\\xampp\\htdocs\\LARAVEL\\API-CRUD-APP\\vendor\\laravel\\framework\\src\\Illuminate\\Routing\\Router.php(798): Illuminate\\Routing\\Route->run()
#6 C:\\xampp\\htdocs\\LARAVEL\\API-CRUD-APP\\vendor\\laravel\\framework\\src\\Illuminate\\Pipeline\\Pipeline.php(141): Illuminate\\Routing\\Router->Illuminate\\Routing\\{closure}(Object(Illuminate\\Http\\Request))
#7 C:\\xampp\\htdocs\\LARAVEL\\API-CRUD-APP\\vendor\\laravel\\framework\\src\\Illuminate\\Routing\\Middleware\\SubstituteBindings.php(50): Illuminate\\Pipeline\\Pipeline->Illuminate\\Pipeline\\{closure}(Object(Illuminate\\Http\\Request))
#8 C:\\xampp\\htdocs\\LARAVEL\\API-CRUD-APP\\vendor\\laravel\\framework\\src\\Illuminate\\Pipeline\\Pipeline.php(180): Illuminate\\Routing\\Middleware\\SubstituteBindings->handle(Object(Illuminate\\Http\\Request), Object(Closure))
#9 C:\\xampp\\htdocs\\LARAVEL\\API-CRUD-APP\\vendor\\laravel\\framework\\src\\Illuminate\\Routing\\Middleware\\ThrottleRequests.php(126): Illuminate\\Pipeline\\Pipeline->Illuminate\\Pipeline\\{closure}(Object(Illuminate\\Http\\Request))
#10 C:\\xampp\\htdocs\\LARAVEL\\API-CRUD-APP\\vendor\\laravel\\framework\\src\\Illuminate\\Routing\\Middleware\\ThrottleRequests.php(102): Illuminate\\Routing\\Middleware\\ThrottleRequests->handleRequest(Object(Illuminate\\Http\\Request), Object(Closure), Array)
#11 C:\\xampp\\htdocs\\LARAVEL\\API-CRUD-APP\\vendor\\laravel\\framework\\src\\Illuminate\\Routing\\Middleware\\ThrottleRequests.php(54): Illuminate\\Routing\\Middleware\\ThrottleRequests->handleRequestUsingNamedLimiter(Object(Illuminate\\Http\\Request), Object(Closure), 'api', Object(Closure))
#12 C:\\xampp\\htdocs\\LARAVEL\\API-CRUD-APP\\vendor\\laravel\\framework\\src\\Illuminate\\Pipeline\\Pipeline.php(180): Illuminate\\Routing\\Middleware\\ThrottleRequests->handle(Object(Illuminate\\Http\\Request), Object(Closure), 'api')
#13 C:\\xampp\\htdocs\\LARAVEL\\API-CRUD-APP\\vendor\\laravel\\framework\\src\\Illuminate\\Pipeline\\Pipeline.php(116): Illuminate\\Pipeline\\Pipeline->Illuminate\\Pipeline\\{closure}(Object(Illuminate\\Http\\Request))
#14 C:\\xampp\\htdocs\\LARAVEL\\API-CRUD-APP\\vendor\\laravel\\framework\\src\\Illuminate\\Routing\\Router.php(799): Illuminate\\Pipeline\\Pipeline->then(Object(Closure))
#15 C:\\xampp\\htdocs\\LARAVEL\\API-CRUD-APP\\vendor\\laravel\\framework\\src\\Illuminate\\Routing\\Router.php(776): Illuminate\\Routing\\Router->runRouteWithinStack(Object(Illuminate\\Routing\\Route), Object(Illuminate\\Http\\Request))
#16 C:\\xampp\\htdocs\\LARAVEL\\API-CRUD-APP\\vendor\\laravel\\framework\\src\\Illuminate\\Routing\\Router.php(740): Illuminate\\Routing\\Router->runRoute(Object(Illuminate\\Http\\Request), Object(Illuminate\\Routing\\Route))
#17 C:\\xampp\\htdocs\\LARAVEL\\API-CRUD-APP\\vendor\\laravel\\framework\\src\\Illuminate\\Routing\\Router.php(729): Illuminate\\Routing\\Router->dispatchToRoute(Object(Illuminate\\Http\\Request))
#18 C:\\xampp\\htdocs\\LARAVEL\\API-CRUD-APP\\vendor\\laravel\\framework\\src\\Illuminate\\Foundation\\Http\\Kernel.php(190): Illuminate\\Routing\\Router->dispatch(Object(Illuminate\\Http\\Request))
#19 C:\\xampp\\htdocs\\LARAVEL\\API-CRUD-APP\\vendor\\laravel\\framework\\src\\Illuminate\\Pipeline\\Pipeline.php(141): Illuminate\\Foundation\\Http\\Kernel->Illuminate\\Foundation\\Http\\{closure}(Object(Illuminate\\Http\\Request))
#20 C:\\xampp\\htdocs\\LARAVEL\\API-CRUD-APP\\vendor\\laravel\\framework\\src\\Illuminate\\Foundation\\Http\\Middleware\\TransformsRequest.php(21): Illuminate\\Pipeline\\Pipeline->Illuminate\\Pipeline\\{closure}(Object(Illuminate\\Http\\Request))
#21 C:\\xampp\\htdocs\\LARAVEL\\API-CRUD-APP\\vendor\\laravel\\framework\\src\\Illuminate\\Foundation\\Http\\Middleware\\ConvertEmptyStringsToNull.php(31): Illuminate\\Foundation\\Http\\Middleware\\TransformsRequest->handle(Object(Illuminate\\Http\\Request), Object(Closure))
#22 C:\\xampp\\htdocs\\LARAVEL\\API-CRUD-APP\\vendor\\laravel\\framework\\src\\Illuminate\\Pipeline\\Pipeline.php(180): Illuminate\\Foundation\\Http\\Middleware\\ConvertEmptyStringsToNull->handle(Object(Illuminate\\Http\\Request), Object(Closure))
#23 C:\\xampp\\htdocs\\LARAVEL\\API-CRUD-APP\\vendor\\laravel\\framework\\src\\Illuminate\\Foundation\\Http\\Middleware\\TransformsRequest.php(21): Illuminate\\Pipeline\\Pipeline->Illuminate\\Pipeline\\{closure}(Object(Illuminate\\Http\\Request))
#24 C:\\xampp\\htdocs\\LARAVEL\\API-CRUD-APP\\vendor\\laravel\\framework\\src\\Illuminate\\Foundation\\Http\\Middleware\\TrimStrings.php(40): Illuminate\\Foundation\\Http\\Middleware\\TransformsRequest->handle(Object(Illuminate\\Http\\Request), Object(Closure))
#25 C:\\xampp\\htdocs\\LARAVEL\\API-CRUD-APP\\vendor\\laravel\\framework\\src\\Illuminate\\Pipeline\\Pipeline.php(180): Illuminate\\Foundation\\Http\\Middleware\\TrimStrings->handle(Object(Illuminate\\Http\\Request), Object(Closure))
#26 C:\\xampp\\htdocs\\LARAVEL\\API-CRUD-APP\\vendor\\laravel\\framework\\src\\Illuminate\\Foundation\\Http\\Middleware\\ValidatePostSize.php(27): Illuminate\\Pipeline\\Pipeline->Illuminate\\Pipeline\\{closure}(Object(Illuminate\\Http\\Request))
#27 C:\\xampp\\htdocs\\LARAVEL\\API-CRUD-APP\\vendor\\laravel\\framework\\src\\Illuminate\\Pipeline\\Pipeline.php(180): Illuminate\\Foundation\\Http\\Middleware\\ValidatePostSize->handle(Object(Illuminate\\Http\\Request), Object(Closure))
#28 C:\\xampp\\htdocs\\LARAVEL\\API-CRUD-APP\\vendor\\laravel\\framework\\src\\Illuminate\\Foundation\\Http\\Middleware\\PreventRequestsDuringMaintenance.php(86): Illuminate\\Pipeline\\Pipeline->Illuminate\\Pipeline\\{closure}(Object(Illuminate\\Http\\Request))
#29 C:\\xampp\\htdocs\\LARAVEL\\API-CRUD-APP\\vendor\\laravel\\framework\\src\\Illuminate\\Pipeline\\Pipeline.php(180): Illuminate\\Foundation\\Http\\Middleware\\PreventRequestsDuringMaintenance->handle(Object(Illuminate\\Http\\Request), Object(Closure))
#30 C:\\xampp\\htdocs\\LARAVEL\\API-CRUD-APP\\vendor\\laravel\\framework\\src\\Illuminate\\Http\\Middleware\\HandleCors.php(62): Illuminate\\Pipeline\\Pipeline->Illuminate\\Pipeline\\{closure}(Object(Illuminate\\Http\\Request))
#31 C:\\xampp\\htdocs\\LARAVEL\\API-CRUD-APP\\vendor\\laravel\\framework\\src\\Illuminate\\Pipeline\\Pipeline.php(180): Illuminate\\Http\\Middleware\\HandleCors->handle(Object(Illuminate\\Http\\Request), Object(Closure))
#32 C:\\xampp\\htdocs\\LARAVEL\\API-CRUD-APP\\vendor\\laravel\\framework\\src\\Illuminate\\Http\\Middleware\\TrustProxies.php(39): Illuminate\\Pipeline\\Pipeline->Illuminate\\Pipeline\\{closure}(Object(Illuminate\\Http\\Request))
#33 C:\\xampp\\htdocs\\LARAVEL\\API-CRUD-APP\\vendor\\laravel\\framework\\src\\Illuminate\\Pipeline\\Pipeline.php(180): Illuminate\\Http\\Middleware\\TrustProxies->handle(Object(Illuminate\\Http\\Request), Object(Closure))
#34 C:\\xampp\\htdocs\\LARAVEL\\API-CRUD-APP\\vendor\\laravel\\framework\\src\\Illuminate\\Pipeline\\Pipeline.php(116): Illuminate\\Pipeline\\Pipeline->Illuminate\\Pipeline\\{closure}(Object(Illuminate\\Http\\Request))
#35 C:\\xampp\\htdocs\\LARAVEL\\API-CRUD-APP\\vendor\\laravel\\framework\\src\\Illuminate\\Foundation\\Http\\Kernel.php(165): Illuminate\\Pipeline\\Pipeline->then(Object(Closure))
#36 C:\\xampp\\htdocs\\LARAVEL\\API-CRUD-APP\\vendor\\laravel\\framework\\src\\Illuminate\\Foundation\\Http\\Kernel.php(134): Illuminate\\Foundation\\Http\\Kernel->sendRequestThroughRouter(Object(Illuminate\\Http\\Request))
#37 C:\\xampp\\htdocs\\LARAVEL\\API-CRUD-APP\\public\\index.php(52): Illuminate\\Foundation\\Http\\Kernel->handle(Object(Illuminate\\Http\\Request))
#38 C:\\xampp\\htdocs\\LARAVEL\\API-CRUD-APP\\vendor\\laravel\\framework\\src\\Illuminate\\Foundation\\resources\\server.php(16): require_once('C:\\\\xampp\\\\htdocs...')
#39 {main}
"} 
[2024-10-04 05:03:29] local.ERROR: Call to undefined method Illuminate\Database\Eloquent\Builder::all() {"exception":"[object] (BadMethodCallException(code: 0): Call to undefined method Illuminate\\Database\\Eloquent\\Builder::all() at C:\\xampp\\htdocs\\LARAVEL\\API-CRUD-APP\\vendor\\laravel\\framework\\src\\Illuminate\\Support\\Traits\\ForwardsCalls.php:71)
[stacktrace]
#0 C:\\xampp\\htdocs\\LARAVEL\\API-CRUD-APP\\vendor\\laravel\\framework\\src\\Illuminate\\Support\\Traits\\ForwardsCalls.php(36): Illuminate\\Database\\Eloquent\\Builder::throwBadMethodCallException('all')
#1 C:\\xampp\\htdocs\\LARAVEL\\API-CRUD-APP\\vendor\\laravel\\framework\\src\\Illuminate\\Database\\Eloquent\\Builder.php(1872): Illuminate\\Database\\Eloquent\\Builder->forwardCallTo(Object(Illuminate\\Database\\Query\\Builder), 'all', Array)
#2 C:\\xampp\\htdocs\\LARAVEL\\API-CRUD-APP\\app\\Http\\Controllers\\StudentsController.php(49): Illuminate\\Database\\Eloquent\\Builder->__call('all', Array)
#3 C:\\xampp\\htdocs\\LARAVEL\\API-CRUD-APP\\vendor\\laravel\\framework\\src\\Illuminate\\Routing\\Controller.php(54): App\\Http\\Controllers\\StudentsController->login(Object(Illuminate\\Http\\Request))
#4 C:\\xampp\\htdocs\\LARAVEL\\API-CRUD-APP\\vendor\\laravel\\framework\\src\\Illuminate\\Routing\\ControllerDispatcher.php(43): Illuminate\\Routing\\Controller->callAction('login', Array)
#5 C:\\xampp\\htdocs\\LARAVEL\\API-CRUD-APP\\vendor\\laravel\\framework\\src\\Illuminate\\Routing\\Route.php(260): Illuminate\\Routing\\ControllerDispatcher->dispatch(Object(Illuminate\\Routing\\Route), Object(App\\Http\\Controllers\\StudentsController), 'login')
#6 C:\\xampp\\htdocs\\LARAVEL\\API-CRUD-APP\\vendor\\laravel\\framework\\src\\Illuminate\\Routing\\Route.php(205): Illuminate\\Routing\\Route->runController()
#7 C:\\xampp\\htdocs\\LARAVEL\\API-CRUD-APP\\vendor\\laravel\\framework\\src\\Illuminate\\Routing\\Router.php(798): Illuminate\\Routing\\Route->run()
#8 C:\\xampp\\htdocs\\LARAVEL\\API-CRUD-APP\\vendor\\laravel\\framework\\src\\Illuminate\\Pipeline\\Pipeline.php(141): Illuminate\\Routing\\Router->Illuminate\\Routing\\{closure}(Object(Illuminate\\Http\\Request))
#9 C:\\xampp\\htdocs\\LARAVEL\\API-CRUD-APP\\vendor\\laravel\\framework\\src\\Illuminate\\Routing\\Middleware\\SubstituteBindings.php(50): Illuminate\\Pipeline\\Pipeline->Illuminate\\Pipeline\\{closure}(Object(Illuminate\\Http\\Request))
#10 C:\\xampp\\htdocs\\LARAVEL\\API-CRUD-APP\\vendor\\laravel\\framework\\src\\Illuminate\\Pipeline\\Pipeline.php(180): Illuminate\\Routing\\Middleware\\SubstituteBindings->handle(Object(Illuminate\\Http\\Request), Object(Closure))
#11 C:\\xampp\\htdocs\\LARAVEL\\API-CRUD-APP\\vendor\\laravel\\framework\\src\\Illuminate\\Routing\\Middleware\\ThrottleRequests.php(126): Illuminate\\Pipeline\\Pipeline->Illuminate\\Pipeline\\{closure}(Object(Illuminate\\Http\\Request))
#12 C:\\xampp\\htdocs\\LARAVEL\\API-CRUD-APP\\vendor\\laravel\\framework\\src\\Illuminate\\Routing\\Middleware\\ThrottleRequests.php(102): Illuminate\\Routing\\Middleware\\ThrottleRequests->handleRequest(Object(Illuminate\\Http\\Request), Object(Closure), Array)
#13 C:\\xampp\\htdocs\\LARAVEL\\API-CRUD-APP\\vendor\\laravel\\framework\\src\\Illuminate\\Routing\\Middleware\\ThrottleRequests.php(54): Illuminate\\Routing\\Middleware\\ThrottleRequests->handleRequestUsingNamedLimiter(Object(Illuminate\\Http\\Request), Object(Closure), 'api', Object(Closure))
#14 C:\\xampp\\htdocs\\LARAVEL\\API-CRUD-APP\\vendor\\laravel\\framework\\src\\Illuminate\\Pipeline\\Pipeline.php(180): Illuminate\\Routing\\Middleware\\ThrottleRequests->handle(Object(Illuminate\\Http\\Request), Object(Closure), 'api')
#15 C:\\xampp\\htdocs\\LARAVEL\\API-CRUD-APP\\vendor\\laravel\\framework\\src\\Illuminate\\Pipeline\\Pipeline.php(116): Illuminate\\Pipeline\\Pipeline->Illuminate\\Pipeline\\{closure}(Object(Illuminate\\Http\\Request))
#16 C:\\xampp\\htdocs\\LARAVEL\\API-CRUD-APP\\vendor\\laravel\\framework\\src\\Illuminate\\Routing\\Router.php(799): Illuminate\\Pipeline\\Pipeline->then(Object(Closure))
#17 C:\\xampp\\htdocs\\LARAVEL\\API-CRUD-APP\\vendor\\laravel\\framework\\src\\Illuminate\\Routing\\Router.php(776): Illuminate\\Routing\\Router->runRouteWithinStack(Object(Illuminate\\Routing\\Route), Object(Illuminate\\Http\\Request))
#18 C:\\xampp\\htdocs\\LARAVEL\\API-CRUD-APP\\vendor\\laravel\\framework\\src\\Illuminate\\Routing\\Router.php(740): Illuminate\\Routing\\Router->runRoute(Object(Illuminate\\Http\\Request), Object(Illuminate\\Routing\\Route))
#19 C:\\xampp\\htdocs\\LARAVEL\\API-CRUD-APP\\vendor\\laravel\\framework\\src\\Illuminate\\Routing\\Router.php(729): Illuminate\\Routing\\Router->dispatchToRoute(Object(Illuminate\\Http\\Request))
#20 C:\\xampp\\htdocs\\LARAVEL\\API-CRUD-APP\\vendor\\laravel\\framework\\src\\Illuminate\\Foundation\\Http\\Kernel.php(190): Illuminate\\Routing\\Router->dispatch(Object(Illuminate\\Http\\Request))
#21 C:\\xampp\\htdocs\\LARAVEL\\API-CRUD-APP\\vendor\\laravel\\framework\\src\\Illuminate\\Pipeline\\Pipeline.php(141): Illuminate\\Foundation\\Http\\Kernel->Illuminate\\Foundation\\Http\\{closure}(Object(Illuminate\\Http\\Request))
#22 C:\\xampp\\htdocs\\LARAVEL\\API-CRUD-APP\\vendor\\laravel\\framework\\src\\Illuminate\\Foundation\\Http\\Middleware\\TransformsRequest.php(21): Illuminate\\Pipeline\\Pipeline->Illuminate\\Pipeline\\{closure}(Object(Illuminate\\Http\\Request))
#23 C:\\xampp\\htdocs\\LARAVEL\\API-CRUD-APP\\vendor\\laravel\\framework\\src\\Illuminate\\Foundation\\Http\\Middleware\\ConvertEmptyStringsToNull.php(31): Illuminate\\Foundation\\Http\\Middleware\\TransformsRequest->handle(Object(Illuminate\\Http\\Request), Object(Closure))
#24 C:\\xampp\\htdocs\\LARAVEL\\API-CRUD-APP\\vendor\\laravel\\framework\\src\\Illuminate\\Pipeline\\Pipeline.php(180): Illuminate\\Foundation\\Http\\Middleware\\ConvertEmptyStringsToNull->handle(Object(Illuminate\\Http\\Request), Object(Closure))
#25 C:\\xampp\\htdocs\\LARAVEL\\API-CRUD-APP\\vendor\\laravel\\framework\\src\\Illuminate\\Foundation\\Http\\Middleware\\TransformsRequest.php(21): Illuminate\\Pipeline\\Pipeline->Illuminate\\Pipeline\\{closure}(Object(Illuminate\\Http\\Request))
#26 C:\\xampp\\htdocs\\LARAVEL\\API-CRUD-APP\\vendor\\laravel\\framework\\src\\Illuminate\\Foundation\\Http\\Middleware\\TrimStrings.php(40): Illuminate\\Foundation\\Http\\Middleware\\TransformsRequest->handle(Object(Illuminate\\Http\\Request), Object(Closure))
#27 C:\\xampp\\htdocs\\LARAVEL\\API-CRUD-APP\\vendor\\laravel\\framework\\src\\Illuminate\\Pipeline\\Pipeline.php(180): Illuminate\\Foundation\\Http\\Middleware\\TrimStrings->handle(Object(Illuminate\\Http\\Request), Object(Closure))
#28 C:\\xampp\\htdocs\\LARAVEL\\API-CRUD-APP\\vendor\\laravel\\framework\\src\\Illuminate\\Foundation\\Http\\Middleware\\ValidatePostSize.php(27): Illuminate\\Pipeline\\Pipeline->Illuminate\\Pipeline\\{closure}(Object(Illuminate\\Http\\Request))
#29 C:\\xampp\\htdocs\\LARAVEL\\API-CRUD-APP\\vendor\\laravel\\framework\\src\\Illuminate\\Pipeline\\Pipeline.php(180): Illuminate\\Foundation\\Http\\Middleware\\ValidatePostSize->handle(Object(Illuminate\\Http\\Request), Object(Closure))
#30 C:\\xampp\\htdocs\\LARAVEL\\API-CRUD-APP\\vendor\\laravel\\framework\\src\\Illuminate\\Foundation\\Http\\Middleware\\PreventRequestsDuringMaintenance.php(86): Illuminate\\Pipeline\\Pipeline->Illuminate\\Pipeline\\{closure}(Object(Illuminate\\Http\\Request))
#31 C:\\xampp\\htdocs\\LARAVEL\\API-CRUD-APP\\vendor\\laravel\\framework\\src\\Illuminate\\Pipeline\\Pipeline.php(180): Illuminate\\Foundation\\Http\\Middleware\\PreventRequestsDuringMaintenance->handle(Object(Illuminate\\Http\\Request), Object(Closure))
#32 C:\\xampp\\htdocs\\LARAVEL\\API-CRUD-APP\\vendor\\laravel\\framework\\src\\Illuminate\\Http\\Middleware\\HandleCors.php(62): Illuminate\\Pipeline\\Pipeline->Illuminate\\Pipeline\\{closure}(Object(Illuminate\\Http\\Request))
#33 C:\\xampp\\htdocs\\LARAVEL\\API-CRUD-APP\\vendor\\laravel\\framework\\src\\Illuminate\\Pipeline\\Pipeline.php(180): Illuminate\\Http\\Middleware\\HandleCors->handle(Object(Illuminate\\Http\\Request), Object(Closure))
#34 C:\\xampp\\htdocs\\LARAVEL\\API-CRUD-APP\\vendor\\laravel\\framework\\src\\Illuminate\\Http\\Middleware\\TrustProxies.php(39): Illuminate\\Pipeline\\Pipeline->Illuminate\\Pipeline\\{closure}(Object(Illuminate\\Http\\Request))
#35 C:\\xampp\\htdocs\\LARAVEL\\API-CRUD-APP\\vendor\\laravel\\framework\\src\\Illuminate\\Pipeline\\Pipeline.php(180): Illuminate\\Http\\Middleware\\TrustProxies->handle(Object(Illuminate\\Http\\Request), Object(Closure))
#36 C:\\xampp\\htdocs\\LARAVEL\\API-CRUD-APP\\vendor\\laravel\\framework\\src\\Illuminate\\Pipeline\\Pipeline.php(116): Illuminate\\Pipeline\\Pipeline->Illuminate\\Pipeline\\{closure}(Object(Illuminate\\Http\\Request))
#37 C:\\xampp\\htdocs\\LARAVEL\\API-CRUD-APP\\vendor\\laravel\\framework\\src\\Illuminate\\Foundation\\Http\\Kernel.php(165): Illuminate\\Pipeline\\Pipeline->then(Object(Closure))
#38 C:\\xampp\\htdocs\\LARAVEL\\API-CRUD-APP\\vendor\\laravel\\framework\\src\\Illuminate\\Foundation\\Http\\Kernel.php(134): Illuminate\\Foundation\\Http\\Kernel->sendRequestThroughRouter(Object(Illuminate\\Http\\Request))
#39 C:\\xampp\\htdocs\\LARAVEL\\API-CRUD-APP\\public\\index.php(52): Illuminate\\Foundation\\Http\\Kernel->handle(Object(Illuminate\\Http\\Request))
#40 C:\\xampp\\htdocs\\LARAVEL\\API-CRUD-APP\\vendor\\laravel\\framework\\src\\Illuminate\\Foundation\\resources\\server.php(16): require_once('C:\\\\xampp\\\\htdocs...')
#41 {main}
"} 
[2024-10-04 05:03:46] local.ERROR: Property [id] does not exist on the Eloquent builder instance. {"exception":"[object] (Exception(code: 0): Property [id] does not exist on the Eloquent builder instance. at C:\\xampp\\htdocs\\LARAVEL\\API-CRUD-APP\\vendor\\laravel\\framework\\src\\Illuminate\\Database\\Eloquent\\Builder.php:1830)
[stacktrace]
#0 C:\\xampp\\htdocs\\LARAVEL\\API-CRUD-APP\\app\\Http\\Controllers\\StudentsController.php(49): Illuminate\\Database\\Eloquent\\Builder->__get('id')
#1 C:\\xampp\\htdocs\\LARAVEL\\API-CRUD-APP\\vendor\\laravel\\framework\\src\\Illuminate\\Routing\\Controller.php(54): App\\Http\\Controllers\\StudentsController->login(Object(Illuminate\\Http\\Request))
#2 C:\\xampp\\htdocs\\LARAVEL\\API-CRUD-APP\\vendor\\laravel\\framework\\src\\Illuminate\\Routing\\ControllerDispatcher.php(43): Illuminate\\Routing\\Controller->callAction('login', Array)
#3 C:\\xampp\\htdocs\\LARAVEL\\API-CRUD-APP\\vendor\\laravel\\framework\\src\\Illuminate\\Routing\\Route.php(260): Illuminate\\Routing\\ControllerDispatcher->dispatch(Object(Illuminate\\Routing\\Route), Object(App\\Http\\Controllers\\StudentsController), 'login')
#4 C:\\xampp\\htdocs\\LARAVEL\\API-CRUD-APP\\vendor\\laravel\\framework\\src\\Illuminate\\Routing\\Route.php(205): Illuminate\\Routing\\Route->runController()
#5 C:\\xampp\\htdocs\\LARAVEL\\API-CRUD-APP\\vendor\\laravel\\framework\\src\\Illuminate\\Routing\\Router.php(798): Illuminate\\Routing\\Route->run()
#6 C:\\xampp\\htdocs\\LARAVEL\\API-CRUD-APP\\vendor\\laravel\\framework\\src\\Illuminate\\Pipeline\\Pipeline.php(141): Illuminate\\Routing\\Router->Illuminate\\Routing\\{closure}(Object(Illuminate\\Http\\Request))
#7 C:\\xampp\\htdocs\\LARAVEL\\API-CRUD-APP\\vendor\\laravel\\framework\\src\\Illuminate\\Routing\\Middleware\\SubstituteBindings.php(50): Illuminate\\Pipeline\\Pipeline->Illuminate\\Pipeline\\{closure}(Object(Illuminate\\Http\\Request))
#8 C:\\xampp\\htdocs\\LARAVEL\\API-CRUD-APP\\vendor\\laravel\\framework\\src\\Illuminate\\Pipeline\\Pipeline.php(180): Illuminate\\Routing\\Middleware\\SubstituteBindings->handle(Object(Illuminate\\Http\\Request), Object(Closure))
#9 C:\\xampp\\htdocs\\LARAVEL\\API-CRUD-APP\\vendor\\laravel\\framework\\src\\Illuminate\\Routing\\Middleware\\ThrottleRequests.php(126): Illuminate\\Pipeline\\Pipeline->Illuminate\\Pipeline\\{closure}(Object(Illuminate\\Http\\Request))
#10 C:\\xampp\\htdocs\\LARAVEL\\API-CRUD-APP\\vendor\\laravel\\framework\\src\\Illuminate\\Routing\\Middleware\\ThrottleRequests.php(102): Illuminate\\Routing\\Middleware\\ThrottleRequests->handleRequest(Object(Illuminate\\Http\\Request), Object(Closure), Array)
#11 C:\\xampp\\htdocs\\LARAVEL\\API-CRUD-APP\\vendor\\laravel\\framework\\src\\Illuminate\\Routing\\Middleware\\ThrottleRequests.php(54): Illuminate\\Routing\\Middleware\\ThrottleRequests->handleRequestUsingNamedLimiter(Object(Illuminate\\Http\\Request), Object(Closure), 'api', Object(Closure))
#12 C:\\xampp\\htdocs\\LARAVEL\\API-CRUD-APP\\vendor\\laravel\\framework\\src\\Illuminate\\Pipeline\\Pipeline.php(180): Illuminate\\Routing\\Middleware\\ThrottleRequests->handle(Object(Illuminate\\Http\\Request), Object(Closure), 'api')
#13 C:\\xampp\\htdocs\\LARAVEL\\API-CRUD-APP\\vendor\\laravel\\framework\\src\\Illuminate\\Pipeline\\Pipeline.php(116): Illuminate\\Pipeline\\Pipeline->Illuminate\\Pipeline\\{closure}(Object(Illuminate\\Http\\Request))
#14 C:\\xampp\\htdocs\\LARAVEL\\API-CRUD-APP\\vendor\\laravel\\framework\\src\\Illuminate\\Routing\\Router.php(799): Illuminate\\Pipeline\\Pipeline->then(Object(Closure))
#15 C:\\xampp\\htdocs\\LARAVEL\\API-CRUD-APP\\vendor\\laravel\\framework\\src\\Illuminate\\Routing\\Router.php(776): Illuminate\\Routing\\Router->runRouteWithinStack(Object(Illuminate\\Routing\\Route), Object(Illuminate\\Http\\Request))
#16 C:\\xampp\\htdocs\\LARAVEL\\API-CRUD-APP\\vendor\\laravel\\framework\\src\\Illuminate\\Routing\\Router.php(740): Illuminate\\Routing\\Router->runRoute(Object(Illuminate\\Http\\Request), Object(Illuminate\\Routing\\Route))
#17 C:\\xampp\\htdocs\\LARAVEL\\API-CRUD-APP\\vendor\\laravel\\framework\\src\\Illuminate\\Routing\\Router.php(729): Illuminate\\Routing\\Router->dispatchToRoute(Object(Illuminate\\Http\\Request))
#18 C:\\xampp\\htdocs\\LARAVEL\\API-CRUD-APP\\vendor\\laravel\\framework\\src\\Illuminate\\Foundation\\Http\\Kernel.php(190): Illuminate\\Routing\\Router->dispatch(Object(Illuminate\\Http\\Request))
#19 C:\\xampp\\htdocs\\LARAVEL\\API-CRUD-APP\\vendor\\laravel\\framework\\src\\Illuminate\\Pipeline\\Pipeline.php(141): Illuminate\\Foundation\\Http\\Kernel->Illuminate\\Foundation\\Http\\{closure}(Object(Illuminate\\Http\\Request))
#20 C:\\xampp\\htdocs\\LARAVEL\\API-CRUD-APP\\vendor\\laravel\\framework\\src\\Illuminate\\Foundation\\Http\\Middleware\\TransformsRequest.php(21): Illuminate\\Pipeline\\Pipeline->Illuminate\\Pipeline\\{closure}(Object(Illuminate\\Http\\Request))
#21 C:\\xampp\\htdocs\\LARAVEL\\API-CRUD-APP\\vendor\\laravel\\framework\\src\\Illuminate\\Foundation\\Http\\Middleware\\ConvertEmptyStringsToNull.php(31): Illuminate\\Foundation\\Http\\Middleware\\TransformsRequest->handle(Object(Illuminate\\Http\\Request), Object(Closure))
#22 C:\\xampp\\htdocs\\LARAVEL\\API-CRUD-APP\\vendor\\laravel\\framework\\src\\Illuminate\\Pipeline\\Pipeline.php(180): Illuminate\\Foundation\\Http\\Middleware\\ConvertEmptyStringsToNull->handle(Object(Illuminate\\Http\\Request), Object(Closure))
#23 C:\\xampp\\htdocs\\LARAVEL\\API-CRUD-APP\\vendor\\laravel\\framework\\src\\Illuminate\\Foundation\\Http\\Middleware\\TransformsRequest.php(21): Illuminate\\Pipeline\\Pipeline->Illuminate\\Pipeline\\{closure}(Object(Illuminate\\Http\\Request))
#24 C:\\xampp\\htdocs\\LARAVEL\\API-CRUD-APP\\vendor\\laravel\\framework\\src\\Illuminate\\Foundation\\Http\\Middleware\\TrimStrings.php(40): Illuminate\\Foundation\\Http\\Middleware\\TransformsRequest->handle(Object(Illuminate\\Http\\Request), Object(Closure))
#25 C:\\xampp\\htdocs\\LARAVEL\\API-CRUD-APP\\vendor\\laravel\\framework\\src\\Illuminate\\Pipeline\\Pipeline.php(180): Illuminate\\Foundation\\Http\\Middleware\\TrimStrings->handle(Object(Illuminate\\Http\\Request), Object(Closure))
#26 C:\\xampp\\htdocs\\LARAVEL\\API-CRUD-APP\\vendor\\laravel\\framework\\src\\Illuminate\\Foundation\\Http\\Middleware\\ValidatePostSize.php(27): Illuminate\\Pipeline\\Pipeline->Illuminate\\Pipeline\\{closure}(Object(Illuminate\\Http\\Request))
#27 C:\\xampp\\htdocs\\LARAVEL\\API-CRUD-APP\\vendor\\laravel\\framework\\src\\Illuminate\\Pipeline\\Pipeline.php(180): Illuminate\\Foundation\\Http\\Middleware\\ValidatePostSize->handle(Object(Illuminate\\Http\\Request), Object(Closure))
#28 C:\\xampp\\htdocs\\LARAVEL\\API-CRUD-APP\\vendor\\laravel\\framework\\src\\Illuminate\\Foundation\\Http\\Middleware\\PreventRequestsDuringMaintenance.php(86): Illuminate\\Pipeline\\Pipeline->Illuminate\\Pipeline\\{closure}(Object(Illuminate\\Http\\Request))
#29 C:\\xampp\\htdocs\\LARAVEL\\API-CRUD-APP\\vendor\\laravel\\framework\\src\\Illuminate\\Pipeline\\Pipeline.php(180): Illuminate\\Foundation\\Http\\Middleware\\PreventRequestsDuringMaintenance->handle(Object(Illuminate\\Http\\Request), Object(Closure))
#30 C:\\xampp\\htdocs\\LARAVEL\\API-CRUD-APP\\vendor\\laravel\\framework\\src\\Illuminate\\Http\\Middleware\\HandleCors.php(62): Illuminate\\Pipeline\\Pipeline->Illuminate\\Pipeline\\{closure}(Object(Illuminate\\Http\\Request))
#31 C:\\xampp\\htdocs\\LARAVEL\\API-CRUD-APP\\vendor\\laravel\\framework\\src\\Illuminate\\Pipeline\\Pipeline.php(180): Illuminate\\Http\\Middleware\\HandleCors->handle(Object(Illuminate\\Http\\Request), Object(Closure))
#32 C:\\xampp\\htdocs\\LARAVEL\\API-CRUD-APP\\vendor\\laravel\\framework\\src\\Illuminate\\Http\\Middleware\\TrustProxies.php(39): Illuminate\\Pipeline\\Pipeline->Illuminate\\Pipeline\\{closure}(Object(Illuminate\\Http\\Request))
#33 C:\\xampp\\htdocs\\LARAVEL\\API-CRUD-APP\\vendor\\laravel\\framework\\src\\Illuminate\\Pipeline\\Pipeline.php(180): Illuminate\\Http\\Middleware\\TrustProxies->handle(Object(Illuminate\\Http\\Request), Object(Closure))
#34 C:\\xampp\\htdocs\\LARAVEL\\API-CRUD-APP\\vendor\\laravel\\framework\\src\\Illuminate\\Pipeline\\Pipeline.php(116): Illuminate\\Pipeline\\Pipeline->Illuminate\\Pipeline\\{closure}(Object(Illuminate\\Http\\Request))
#35 C:\\xampp\\htdocs\\LARAVEL\\API-CRUD-APP\\vendor\\laravel\\framework\\src\\Illuminate\\Foundation\\Http\\Kernel.php(165): Illuminate\\Pipeline\\Pipeline->then(Object(Closure))
#36 C:\\xampp\\htdocs\\LARAVEL\\API-CRUD-APP\\vendor\\laravel\\framework\\src\\Illuminate\\Foundation\\Http\\Kernel.php(134): Illuminate\\Foundation\\Http\\Kernel->sendRequestThroughRouter(Object(Illuminate\\Http\\Request))
#37 C:\\xampp\\htdocs\\LARAVEL\\API-CRUD-APP\\public\\index.php(52): Illuminate\\Foundation\\Http\\Kernel->handle(Object(Illuminate\\Http\\Request))
#38 C:\\xampp\\htdocs\\LARAVEL\\API-CRUD-APP\\vendor\\laravel\\framework\\src\\Illuminate\\Foundation\\resources\\server.php(16): require_once('C:\\\\xampp\\\\htdocs...')
#39 {main}
"} 
[2024-10-04 05:04:01] local.ERROR: Property [name] does not exist on the Eloquent builder instance. {"exception":"[object] (Exception(code: 0): Property [name] does not exist on the Eloquent builder instance. at C:\\xampp\\htdocs\\LARAVEL\\API-CRUD-APP\\vendor\\laravel\\framework\\src\\Illuminate\\Database\\Eloquent\\Builder.php:1830)
[stacktrace]
#0 C:\\xampp\\htdocs\\LARAVEL\\API-CRUD-APP\\app\\Http\\Controllers\\StudentsController.php(49): Illuminate\\Database\\Eloquent\\Builder->__get('name')
#1 C:\\xampp\\htdocs\\LARAVEL\\API-CRUD-APP\\vendor\\laravel\\framework\\src\\Illuminate\\Routing\\Controller.php(54): App\\Http\\Controllers\\StudentsController->login(Object(Illuminate\\Http\\Request))
#2 C:\\xampp\\htdocs\\LARAVEL\\API-CRUD-APP\\vendor\\laravel\\framework\\src\\Illuminate\\Routing\\ControllerDispatcher.php(43): Illuminate\\Routing\\Controller->callAction('login', Array)
#3 C:\\xampp\\htdocs\\LARAVEL\\API-CRUD-APP\\vendor\\laravel\\framework\\src\\Illuminate\\Routing\\Route.php(260): Illuminate\\Routing\\ControllerDispatcher->dispatch(Object(Illuminate\\Routing\\Route), Object(App\\Http\\Controllers\\StudentsController), 'login')
#4 C:\\xampp\\htdocs\\LARAVEL\\API-CRUD-APP\\vendor\\laravel\\framework\\src\\Illuminate\\Routing\\Route.php(205): Illuminate\\Routing\\Route->runController()
#5 C:\\xampp\\htdocs\\LARAVEL\\API-CRUD-APP\\vendor\\laravel\\framework\\src\\Illuminate\\Routing\\Router.php(798): Illuminate\\Routing\\Route->run()
#6 C:\\xampp\\htdocs\\LARAVEL\\API-CRUD-APP\\vendor\\laravel\\framework\\src\\Illuminate\\Pipeline\\Pipeline.php(141): Illuminate\\Routing\\Router->Illuminate\\Routing\\{closure}(Object(Illuminate\\Http\\Request))
#7 C:\\xampp\\htdocs\\LARAVEL\\API-CRUD-APP\\vendor\\laravel\\framework\\src\\Illuminate\\Routing\\Middleware\\SubstituteBindings.php(50): Illuminate\\Pipeline\\Pipeline->Illuminate\\Pipeline\\{closure}(Object(Illuminate\\Http\\Request))
#8 C:\\xampp\\htdocs\\LARAVEL\\API-CRUD-APP\\vendor\\laravel\\framework\\src\\Illuminate\\Pipeline\\Pipeline.php(180): Illuminate\\Routing\\Middleware\\SubstituteBindings->handle(Object(Illuminate\\Http\\Request), Object(Closure))
#9 C:\\xampp\\htdocs\\LARAVEL\\API-CRUD-APP\\vendor\\laravel\\framework\\src\\Illuminate\\Routing\\Middleware\\ThrottleRequests.php(126): Illuminate\\Pipeline\\Pipeline->Illuminate\\Pipeline\\{closure}(Object(Illuminate\\Http\\Request))
#10 C:\\xampp\\htdocs\\LARAVEL\\API-CRUD-APP\\vendor\\laravel\\framework\\src\\Illuminate\\Routing\\Middleware\\ThrottleRequests.php(102): Illuminate\\Routing\\Middleware\\ThrottleRequests->handleRequest(Object(Illuminate\\Http\\Request), Object(Closure), Array)
#11 C:\\xampp\\htdocs\\LARAVEL\\API-CRUD-APP\\vendor\\laravel\\framework\\src\\Illuminate\\Routing\\Middleware\\ThrottleRequests.php(54): Illuminate\\Routing\\Middleware\\ThrottleRequests->handleRequestUsingNamedLimiter(Object(Illuminate\\Http\\Request), Object(Closure), 'api', Object(Closure))
#12 C:\\xampp\\htdocs\\LARAVEL\\API-CRUD-APP\\vendor\\laravel\\framework\\src\\Illuminate\\Pipeline\\Pipeline.php(180): Illuminate\\Routing\\Middleware\\ThrottleRequests->handle(Object(Illuminate\\Http\\Request), Object(Closure), 'api')
#13 C:\\xampp\\htdocs\\LARAVEL\\API-CRUD-APP\\vendor\\laravel\\framework\\src\\Illuminate\\Pipeline\\Pipeline.php(116): Illuminate\\Pipeline\\Pipeline->Illuminate\\Pipeline\\{closure}(Object(Illuminate\\Http\\Request))
#14 C:\\xampp\\htdocs\\LARAVEL\\API-CRUD-APP\\vendor\\laravel\\framework\\src\\Illuminate\\Routing\\Router.php(799): Illuminate\\Pipeline\\Pipeline->then(Object(Closure))
#15 C:\\xampp\\htdocs\\LARAVEL\\API-CRUD-APP\\vendor\\laravel\\framework\\src\\Illuminate\\Routing\\Router.php(776): Illuminate\\Routing\\Router->runRouteWithinStack(Object(Illuminate\\Routing\\Route), Object(Illuminate\\Http\\Request))
#16 C:\\xampp\\htdocs\\LARAVEL\\API-CRUD-APP\\vendor\\laravel\\framework\\src\\Illuminate\\Routing\\Router.php(740): Illuminate\\Routing\\Router->runRoute(Object(Illuminate\\Http\\Request), Object(Illuminate\\Routing\\Route))
#17 C:\\xampp\\htdocs\\LARAVEL\\API-CRUD-APP\\vendor\\laravel\\framework\\src\\Illuminate\\Routing\\Router.php(729): Illuminate\\Routing\\Router->dispatchToRoute(Object(Illuminate\\Http\\Request))
#18 C:\\xampp\\htdocs\\LARAVEL\\API-CRUD-APP\\vendor\\laravel\\framework\\src\\Illuminate\\Foundation\\Http\\Kernel.php(190): Illuminate\\Routing\\Router->dispatch(Object(Illuminate\\Http\\Request))
#19 C:\\xampp\\htdocs\\LARAVEL\\API-CRUD-APP\\vendor\\laravel\\framework\\src\\Illuminate\\Pipeline\\Pipeline.php(141): Illuminate\\Foundation\\Http\\Kernel->Illuminate\\Foundation\\Http\\{closure}(Object(Illuminate\\Http\\Request))
#20 C:\\xampp\\htdocs\\LARAVEL\\API-CRUD-APP\\vendor\\laravel\\framework\\src\\Illuminate\\Foundation\\Http\\Middleware\\TransformsRequest.php(21): Illuminate\\Pipeline\\Pipeline->Illuminate\\Pipeline\\{closure}(Object(Illuminate\\Http\\Request))
#21 C:\\xampp\\htdocs\\LARAVEL\\API-CRUD-APP\\vendor\\laravel\\framework\\src\\Illuminate\\Foundation\\Http\\Middleware\\ConvertEmptyStringsToNull.php(31): Illuminate\\Foundation\\Http\\Middleware\\TransformsRequest->handle(Object(Illuminate\\Http\\Request), Object(Closure))
#22 C:\\xampp\\htdocs\\LARAVEL\\API-CRUD-APP\\vendor\\laravel\\framework\\src\\Illuminate\\Pipeline\\Pipeline.php(180): Illuminate\\Foundation\\Http\\Middleware\\ConvertEmptyStringsToNull->handle(Object(Illuminate\\Http\\Request), Object(Closure))
#23 C:\\xampp\\htdocs\\LARAVEL\\API-CRUD-APP\\vendor\\laravel\\framework\\src\\Illuminate\\Foundation\\Http\\Middleware\\TransformsRequest.php(21): Illuminate\\Pipeline\\Pipeline->Illuminate\\Pipeline\\{closure}(Object(Illuminate\\Http\\Request))
#24 C:\\xampp\\htdocs\\LARAVEL\\API-CRUD-APP\\vendor\\laravel\\framework\\src\\Illuminate\\Foundation\\Http\\Middleware\\TrimStrings.php(40): Illuminate\\Foundation\\Http\\Middleware\\TransformsRequest->handle(Object(Illuminate\\Http\\Request), Object(Closure))
#25 C:\\xampp\\htdocs\\LARAVEL\\API-CRUD-APP\\vendor\\laravel\\framework\\src\\Illuminate\\Pipeline\\Pipeline.php(180): Illuminate\\Foundation\\Http\\Middleware\\TrimStrings->handle(Object(Illuminate\\Http\\Request), Object(Closure))
#26 C:\\xampp\\htdocs\\LARAVEL\\API-CRUD-APP\\vendor\\laravel\\framework\\src\\Illuminate\\Foundation\\Http\\Middleware\\ValidatePostSize.php(27): Illuminate\\Pipeline\\Pipeline->Illuminate\\Pipeline\\{closure}(Object(Illuminate\\Http\\Request))
#27 C:\\xampp\\htdocs\\LARAVEL\\API-CRUD-APP\\vendor\\laravel\\framework\\src\\Illuminate\\Pipeline\\Pipeline.php(180): Illuminate\\Foundation\\Http\\Middleware\\ValidatePostSize->handle(Object(Illuminate\\Http\\Request), Object(Closure))
#28 C:\\xampp\\htdocs\\LARAVEL\\API-CRUD-APP\\vendor\\laravel\\framework\\src\\Illuminate\\Foundation\\Http\\Middleware\\PreventRequestsDuringMaintenance.php(86): Illuminate\\Pipeline\\Pipeline->Illuminate\\Pipeline\\{closure}(Object(Illuminate\\Http\\Request))
#29 C:\\xampp\\htdocs\\LARAVEL\\API-CRUD-APP\\vendor\\laravel\\framework\\src\\Illuminate\\Pipeline\\Pipeline.php(180): Illuminate\\Foundation\\Http\\Middleware\\PreventRequestsDuringMaintenance->handle(Object(Illuminate\\Http\\Request), Object(Closure))
#30 C:\\xampp\\htdocs\\LARAVEL\\API-CRUD-APP\\vendor\\laravel\\framework\\src\\Illuminate\\Http\\Middleware\\HandleCors.php(62): Illuminate\\Pipeline\\Pipeline->Illuminate\\Pipeline\\{closure}(Object(Illuminate\\Http\\Request))
#31 C:\\xampp\\htdocs\\LARAVEL\\API-CRUD-APP\\vendor\\laravel\\framework\\src\\Illuminate\\Pipeline\\Pipeline.php(180): Illuminate\\Http\\Middleware\\HandleCors->handle(Object(Illuminate\\Http\\Request), Object(Closure))
#32 C:\\xampp\\htdocs\\LARAVEL\\API-CRUD-APP\\vendor\\laravel\\framework\\src\\Illuminate\\Http\\Middleware\\TrustProxies.php(39): Illuminate\\Pipeline\\Pipeline->Illuminate\\Pipeline\\{closure}(Object(Illuminate\\Http\\Request))
#33 C:\\xampp\\htdocs\\LARAVEL\\API-CRUD-APP\\vendor\\laravel\\framework\\src\\Illuminate\\Pipeline\\Pipeline.php(180): Illuminate\\Http\\Middleware\\TrustProxies->handle(Object(Illuminate\\Http\\Request), Object(Closure))
#34 C:\\xampp\\htdocs\\LARAVEL\\API-CRUD-APP\\vendor\\laravel\\framework\\src\\Illuminate\\Pipeline\\Pipeline.php(116): Illuminate\\Pipeline\\Pipeline->Illuminate\\Pipeline\\{closure}(Object(Illuminate\\Http\\Request))
#35 C:\\xampp\\htdocs\\LARAVEL\\API-CRUD-APP\\vendor\\laravel\\framework\\src\\Illuminate\\Foundation\\Http\\Kernel.php(165): Illuminate\\Pipeline\\Pipeline->then(Object(Closure))
#36 C:\\xampp\\htdocs\\LARAVEL\\API-CRUD-APP\\vendor\\laravel\\framework\\src\\Illuminate\\Foundation\\Http\\Kernel.php(134): Illuminate\\Foundation\\Http\\Kernel->sendRequestThroughRouter(Object(Illuminate\\Http\\Request))
#37 C:\\xampp\\htdocs\\LARAVEL\\API-CRUD-APP\\public\\index.php(52): Illuminate\\Foundation\\Http\\Kernel->handle(Object(Illuminate\\Http\\Request))
#38 C:\\xampp\\htdocs\\LARAVEL\\API-CRUD-APP\\vendor\\laravel\\framework\\src\\Illuminate\\Foundation\\resources\\server.php(16): require_once('C:\\\\xampp\\\\htdocs...')
#39 {main}
"} 
[2024-10-04 05:04:16] local.ERROR: Property [name] does not exist on the Eloquent builder instance. {"exception":"[object] (Exception(code: 0): Property [name] does not exist on the Eloquent builder instance. at C:\\xampp\\htdocs\\LARAVEL\\API-CRUD-APP\\vendor\\laravel\\framework\\src\\Illuminate\\Database\\Eloquent\\Builder.php:1830)
[stacktrace]
#0 C:\\xampp\\htdocs\\LARAVEL\\API-CRUD-APP\\app\\Http\\Controllers\\StudentsController.php(49): Illuminate\\Database\\Eloquent\\Builder->__get('name')
#1 C:\\xampp\\htdocs\\LARAVEL\\API-CRUD-APP\\vendor\\laravel\\framework\\src\\Illuminate\\Routing\\Controller.php(54): App\\Http\\Controllers\\StudentsController->login(Object(Illuminate\\Http\\Request))
#2 C:\\xampp\\htdocs\\LARAVEL\\API-CRUD-APP\\vendor\\laravel\\framework\\src\\Illuminate\\Routing\\ControllerDispatcher.php(43): Illuminate\\Routing\\Controller->callAction('login', Array)
#3 C:\\xampp\\htdocs\\LARAVEL\\API-CRUD-APP\\vendor\\laravel\\framework\\src\\Illuminate\\Routing\\Route.php(260): Illuminate\\Routing\\ControllerDispatcher->dispatch(Object(Illuminate\\Routing\\Route), Object(App\\Http\\Controllers\\StudentsController), 'login')
#4 C:\\xampp\\htdocs\\LARAVEL\\API-CRUD-APP\\vendor\\laravel\\framework\\src\\Illuminate\\Routing\\Route.php(205): Illuminate\\Routing\\Route->runController()
#5 C:\\xampp\\htdocs\\LARAVEL\\API-CRUD-APP\\vendor\\laravel\\framework\\src\\Illuminate\\Routing\\Router.php(798): Illuminate\\Routing\\Route->run()
#6 C:\\xampp\\htdocs\\LARAVEL\\API-CRUD-APP\\vendor\\laravel\\framework\\src\\Illuminate\\Pipeline\\Pipeline.php(141): Illuminate\\Routing\\Router->Illuminate\\Routing\\{closure}(Object(Illuminate\\Http\\Request))
#7 C:\\xampp\\htdocs\\LARAVEL\\API-CRUD-APP\\vendor\\laravel\\framework\\src\\Illuminate\\Routing\\Middleware\\SubstituteBindings.php(50): Illuminate\\Pipeline\\Pipeline->Illuminate\\Pipeline\\{closure}(Object(Illuminate\\Http\\Request))
#8 C:\\xampp\\htdocs\\LARAVEL\\API-CRUD-APP\\vendor\\laravel\\framework\\src\\Illuminate\\Pipeline\\Pipeline.php(180): Illuminate\\Routing\\Middleware\\SubstituteBindings->handle(Object(Illuminate\\Http\\Request), Object(Closure))
#9 C:\\xampp\\htdocs\\LARAVEL\\API-CRUD-APP\\vendor\\laravel\\framework\\src\\Illuminate\\Routing\\Middleware\\ThrottleRequests.php(126): Illuminate\\Pipeline\\Pipeline->Illuminate\\Pipeline\\{closure}(Object(Illuminate\\Http\\Request))
#10 C:\\xampp\\htdocs\\LARAVEL\\API-CRUD-APP\\vendor\\laravel\\framework\\src\\Illuminate\\Routing\\Middleware\\ThrottleRequests.php(102): Illuminate\\Routing\\Middleware\\ThrottleRequests->handleRequest(Object(Illuminate\\Http\\Request), Object(Closure), Array)
#11 C:\\xampp\\htdocs\\LARAVEL\\API-CRUD-APP\\vendor\\laravel\\framework\\src\\Illuminate\\Routing\\Middleware\\ThrottleRequests.php(54): Illuminate\\Routing\\Middleware\\ThrottleRequests->handleRequestUsingNamedLimiter(Object(Illuminate\\Http\\Request), Object(Closure), 'api', Object(Closure))
#12 C:\\xampp\\htdocs\\LARAVEL\\API-CRUD-APP\\vendor\\laravel\\framework\\src\\Illuminate\\Pipeline\\Pipeline.php(180): Illuminate\\Routing\\Middleware\\ThrottleRequests->handle(Object(Illuminate\\Http\\Request), Object(Closure), 'api')
#13 C:\\xampp\\htdocs\\LARAVEL\\API-CRUD-APP\\vendor\\laravel\\framework\\src\\Illuminate\\Pipeline\\Pipeline.php(116): Illuminate\\Pipeline\\Pipeline->Illuminate\\Pipeline\\{closure}(Object(Illuminate\\Http\\Request))
#14 C:\\xampp\\htdocs\\LARAVEL\\API-CRUD-APP\\vendor\\laravel\\framework\\src\\Illuminate\\Routing\\Router.php(799): Illuminate\\Pipeline\\Pipeline->then(Object(Closure))
#15 C:\\xampp\\htdocs\\LARAVEL\\API-CRUD-APP\\vendor\\laravel\\framework\\src\\Illuminate\\Routing\\Router.php(776): Illuminate\\Routing\\Router->runRouteWithinStack(Object(Illuminate\\Routing\\Route), Object(Illuminate\\Http\\Request))
#16 C:\\xampp\\htdocs\\LARAVEL\\API-CRUD-APP\\vendor\\laravel\\framework\\src\\Illuminate\\Routing\\Router.php(740): Illuminate\\Routing\\Router->runRoute(Object(Illuminate\\Http\\Request), Object(Illuminate\\Routing\\Route))
#17 C:\\xampp\\htdocs\\LARAVEL\\API-CRUD-APP\\vendor\\laravel\\framework\\src\\Illuminate\\Routing\\Router.php(729): Illuminate\\Routing\\Router->dispatchToRoute(Object(Illuminate\\Http\\Request))
#18 C:\\xampp\\htdocs\\LARAVEL\\API-CRUD-APP\\vendor\\laravel\\framework\\src\\Illuminate\\Foundation\\Http\\Kernel.php(190): Illuminate\\Routing\\Router->dispatch(Object(Illuminate\\Http\\Request))
#19 C:\\xampp\\htdocs\\LARAVEL\\API-CRUD-APP\\vendor\\laravel\\framework\\src\\Illuminate\\Pipeline\\Pipeline.php(141): Illuminate\\Foundation\\Http\\Kernel->Illuminate\\Foundation\\Http\\{closure}(Object(Illuminate\\Http\\Request))
#20 C:\\xampp\\htdocs\\LARAVEL\\API-CRUD-APP\\vendor\\laravel\\framework\\src\\Illuminate\\Foundation\\Http\\Middleware\\TransformsRequest.php(21): Illuminate\\Pipeline\\Pipeline->Illuminate\\Pipeline\\{closure}(Object(Illuminate\\Http\\Request))
#21 C:\\xampp\\htdocs\\LARAVEL\\API-CRUD-APP\\vendor\\laravel\\framework\\src\\Illuminate\\Foundation\\Http\\Middleware\\ConvertEmptyStringsToNull.php(31): Illuminate\\Foundation\\Http\\Middleware\\TransformsRequest->handle(Object(Illuminate\\Http\\Request), Object(Closure))
#22 C:\\xampp\\htdocs\\LARAVEL\\API-CRUD-APP\\vendor\\laravel\\framework\\src\\Illuminate\\Pipeline\\Pipeline.php(180): Illuminate\\Foundation\\Http\\Middleware\\ConvertEmptyStringsToNull->handle(Object(Illuminate\\Http\\Request), Object(Closure))
#23 C:\\xampp\\htdocs\\LARAVEL\\API-CRUD-APP\\vendor\\laravel\\framework\\src\\Illuminate\\Foundation\\Http\\Middleware\\TransformsRequest.php(21): Illuminate\\Pipeline\\Pipeline->Illuminate\\Pipeline\\{closure}(Object(Illuminate\\Http\\Request))
#24 C:\\xampp\\htdocs\\LARAVEL\\API-CRUD-APP\\vendor\\laravel\\framework\\src\\Illuminate\\Foundation\\Http\\Middleware\\TrimStrings.php(40): Illuminate\\Foundation\\Http\\Middleware\\TransformsRequest->handle(Object(Illuminate\\Http\\Request), Object(Closure))
#25 C:\\xampp\\htdocs\\LARAVEL\\API-CRUD-APP\\vendor\\laravel\\framework\\src\\Illuminate\\Pipeline\\Pipeline.php(180): Illuminate\\Foundation\\Http\\Middleware\\TrimStrings->handle(Object(Illuminate\\Http\\Request), Object(Closure))
#26 C:\\xampp\\htdocs\\LARAVEL\\API-CRUD-APP\\vendor\\laravel\\framework\\src\\Illuminate\\Foundation\\Http\\Middleware\\ValidatePostSize.php(27): Illuminate\\Pipeline\\Pipeline->Illuminate\\Pipeline\\{closure}(Object(Illuminate\\Http\\Request))
#27 C:\\xampp\\htdocs\\LARAVEL\\API-CRUD-APP\\vendor\\laravel\\framework\\src\\Illuminate\\Pipeline\\Pipeline.php(180): Illuminate\\Foundation\\Http\\Middleware\\ValidatePostSize->handle(Object(Illuminate\\Http\\Request), Object(Closure))
#28 C:\\xampp\\htdocs\\LARAVEL\\API-CRUD-APP\\vendor\\laravel\\framework\\src\\Illuminate\\Foundation\\Http\\Middleware\\PreventRequestsDuringMaintenance.php(86): Illuminate\\Pipeline\\Pipeline->Illuminate\\Pipeline\\{closure}(Object(Illuminate\\Http\\Request))
#29 C:\\xampp\\htdocs\\LARAVEL\\API-CRUD-APP\\vendor\\laravel\\framework\\src\\Illuminate\\Pipeline\\Pipeline.php(180): Illuminate\\Foundation\\Http\\Middleware\\PreventRequestsDuringMaintenance->handle(Object(Illuminate\\Http\\Request), Object(Closure))
#30 C:\\xampp\\htdocs\\LARAVEL\\API-CRUD-APP\\vendor\\laravel\\framework\\src\\Illuminate\\Http\\Middleware\\HandleCors.php(62): Illuminate\\Pipeline\\Pipeline->Illuminate\\Pipeline\\{closure}(Object(Illuminate\\Http\\Request))
#31 C:\\xampp\\htdocs\\LARAVEL\\API-CRUD-APP\\vendor\\laravel\\framework\\src\\Illuminate\\Pipeline\\Pipeline.php(180): Illuminate\\Http\\Middleware\\HandleCors->handle(Object(Illuminate\\Http\\Request), Object(Closure))
#32 C:\\xampp\\htdocs\\LARAVEL\\API-CRUD-APP\\vendor\\laravel\\framework\\src\\Illuminate\\Http\\Middleware\\TrustProxies.php(39): Illuminate\\Pipeline\\Pipeline->Illuminate\\Pipeline\\{closure}(Object(Illuminate\\Http\\Request))
#33 C:\\xampp\\htdocs\\LARAVEL\\API-CRUD-APP\\vendor\\laravel\\framework\\src\\Illuminate\\Pipeline\\Pipeline.php(180): Illuminate\\Http\\Middleware\\TrustProxies->handle(Object(Illuminate\\Http\\Request), Object(Closure))
#34 C:\\xampp\\htdocs\\LARAVEL\\API-CRUD-APP\\vendor\\laravel\\framework\\src\\Illuminate\\Pipeline\\Pipeline.php(116): Illuminate\\Pipeline\\Pipeline->Illuminate\\Pipeline\\{closure}(Object(Illuminate\\Http\\Request))
#35 C:\\xampp\\htdocs\\LARAVEL\\API-CRUD-APP\\vendor\\laravel\\framework\\src\\Illuminate\\Foundation\\Http\\Kernel.php(165): Illuminate\\Pipeline\\Pipeline->then(Object(Closure))
#36 C:\\xampp\\htdocs\\LARAVEL\\API-CRUD-APP\\vendor\\laravel\\framework\\src\\Illuminate\\Foundation\\Http\\Kernel.php(134): Illuminate\\Foundation\\Http\\Kernel->sendRequestThroughRouter(Object(Illuminate\\Http\\Request))
#37 C:\\xampp\\htdocs\\LARAVEL\\API-CRUD-APP\\public\\index.php(52): Illuminate\\Foundation\\Http\\Kernel->handle(Object(Illuminate\\Http\\Request))
#38 C:\\xampp\\htdocs\\LARAVEL\\API-CRUD-APP\\vendor\\laravel\\framework\\src\\Illuminate\\Foundation\\resources\\server.php(16): require_once('C:\\\\xampp\\\\htdocs...')
#39 {main}
"} 
[2024-10-04 05:07:40] local.ERROR: Property [name] does not exist on the Eloquent builder instance. {"exception":"[object] (Exception(code: 0): Property [name] does not exist on the Eloquent builder instance. at C:\\xampp\\htdocs\\LARAVEL\\API-CRUD-APP\\vendor\\laravel\\framework\\src\\Illuminate\\Database\\Eloquent\\Builder.php:1830)
[stacktrace]
#0 C:\\xampp\\htdocs\\LARAVEL\\API-CRUD-APP\\app\\Http\\Controllers\\StudentsController.php(49): Illuminate\\Database\\Eloquent\\Builder->__get('name')
#1 C:\\xampp\\htdocs\\LARAVEL\\API-CRUD-APP\\vendor\\laravel\\framework\\src\\Illuminate\\Routing\\Controller.php(54): App\\Http\\Controllers\\StudentsController->login(Object(Illuminate\\Http\\Request))
#2 C:\\xampp\\htdocs\\LARAVEL\\API-CRUD-APP\\vendor\\laravel\\framework\\src\\Illuminate\\Routing\\ControllerDispatcher.php(43): Illuminate\\Routing\\Controller->callAction('login', Array)
#3 C:\\xampp\\htdocs\\LARAVEL\\API-CRUD-APP\\vendor\\laravel\\framework\\src\\Illuminate\\Routing\\Route.php(260): Illuminate\\Routing\\ControllerDispatcher->dispatch(Object(Illuminate\\Routing\\Route), Object(App\\Http\\Controllers\\StudentsController), 'login')
#4 C:\\xampp\\htdocs\\LARAVEL\\API-CRUD-APP\\vendor\\laravel\\framework\\src\\Illuminate\\Routing\\Route.php(205): Illuminate\\Routing\\Route->runController()
#5 C:\\xampp\\htdocs\\LARAVEL\\API-CRUD-APP\\vendor\\laravel\\framework\\src\\Illuminate\\Routing\\Router.php(798): Illuminate\\Routing\\Route->run()
#6 C:\\xampp\\htdocs\\LARAVEL\\API-CRUD-APP\\vendor\\laravel\\framework\\src\\Illuminate\\Pipeline\\Pipeline.php(141): Illuminate\\Routing\\Router->Illuminate\\Routing\\{closure}(Object(Illuminate\\Http\\Request))
#7 C:\\xampp\\htdocs\\LARAVEL\\API-CRUD-APP\\vendor\\laravel\\framework\\src\\Illuminate\\Routing\\Middleware\\SubstituteBindings.php(50): Illuminate\\Pipeline\\Pipeline->Illuminate\\Pipeline\\{closure}(Object(Illuminate\\Http\\Request))
#8 C:\\xampp\\htdocs\\LARAVEL\\API-CRUD-APP\\vendor\\laravel\\framework\\src\\Illuminate\\Pipeline\\Pipeline.php(180): Illuminate\\Routing\\Middleware\\SubstituteBindings->handle(Object(Illuminate\\Http\\Request), Object(Closure))
#9 C:\\xampp\\htdocs\\LARAVEL\\API-CRUD-APP\\vendor\\laravel\\framework\\src\\Illuminate\\Routing\\Middleware\\ThrottleRequests.php(126): Illuminate\\Pipeline\\Pipeline->Illuminate\\Pipeline\\{closure}(Object(Illuminate\\Http\\Request))
#10 C:\\xampp\\htdocs\\LARAVEL\\API-CRUD-APP\\vendor\\laravel\\framework\\src\\Illuminate\\Routing\\Middleware\\ThrottleRequests.php(102): Illuminate\\Routing\\Middleware\\ThrottleRequests->handleRequest(Object(Illuminate\\Http\\Request), Object(Closure), Array)
#11 C:\\xampp\\htdocs\\LARAVEL\\API-CRUD-APP\\vendor\\laravel\\framework\\src\\Illuminate\\Routing\\Middleware\\ThrottleRequests.php(54): Illuminate\\Routing\\Middleware\\ThrottleRequests->handleRequestUsingNamedLimiter(Object(Illuminate\\Http\\Request), Object(Closure), 'api', Object(Closure))
#12 C:\\xampp\\htdocs\\LARAVEL\\API-CRUD-APP\\vendor\\laravel\\framework\\src\\Illuminate\\Pipeline\\Pipeline.php(180): Illuminate\\Routing\\Middleware\\ThrottleRequests->handle(Object(Illuminate\\Http\\Request), Object(Closure), 'api')
#13 C:\\xampp\\htdocs\\LARAVEL\\API-CRUD-APP\\vendor\\laravel\\framework\\src\\Illuminate\\Pipeline\\Pipeline.php(116): Illuminate\\Pipeline\\Pipeline->Illuminate\\Pipeline\\{closure}(Object(Illuminate\\Http\\Request))
#14 C:\\xampp\\htdocs\\LARAVEL\\API-CRUD-APP\\vendor\\laravel\\framework\\src\\Illuminate\\Routing\\Router.php(799): Illuminate\\Pipeline\\Pipeline->then(Object(Closure))
#15 C:\\xampp\\htdocs\\LARAVEL\\API-CRUD-APP\\vendor\\laravel\\framework\\src\\Illuminate\\Routing\\Router.php(776): Illuminate\\Routing\\Router->runRouteWithinStack(Object(Illuminate\\Routing\\Route), Object(Illuminate\\Http\\Request))
#16 C:\\xampp\\htdocs\\LARAVEL\\API-CRUD-APP\\vendor\\laravel\\framework\\src\\Illuminate\\Routing\\Router.php(740): Illuminate\\Routing\\Router->runRoute(Object(Illuminate\\Http\\Request), Object(Illuminate\\Routing\\Route))
#17 C:\\xampp\\htdocs\\LARAVEL\\API-CRUD-APP\\vendor\\laravel\\framework\\src\\Illuminate\\Routing\\Router.php(729): Illuminate\\Routing\\Router->dispatchToRoute(Object(Illuminate\\Http\\Request))
#18 C:\\xampp\\htdocs\\LARAVEL\\API-CRUD-APP\\vendor\\laravel\\framework\\src\\Illuminate\\Foundation\\Http\\Kernel.php(190): Illuminate\\Routing\\Router->dispatch(Object(Illuminate\\Http\\Request))
#19 C:\\xampp\\htdocs\\LARAVEL\\API-CRUD-APP\\vendor\\laravel\\framework\\src\\Illuminate\\Pipeline\\Pipeline.php(141): Illuminate\\Foundation\\Http\\Kernel->Illuminate\\Foundation\\Http\\{closure}(Object(Illuminate\\Http\\Request))
#20 C:\\xampp\\htdocs\\LARAVEL\\API-CRUD-APP\\vendor\\laravel\\framework\\src\\Illuminate\\Foundation\\Http\\Middleware\\TransformsRequest.php(21): Illuminate\\Pipeline\\Pipeline->Illuminate\\Pipeline\\{closure}(Object(Illuminate\\Http\\Request))
#21 C:\\xampp\\htdocs\\LARAVEL\\API-CRUD-APP\\vendor\\laravel\\framework\\src\\Illuminate\\Foundation\\Http\\Middleware\\ConvertEmptyStringsToNull.php(31): Illuminate\\Foundation\\Http\\Middleware\\TransformsRequest->handle(Object(Illuminate\\Http\\Request), Object(Closure))
#22 C:\\xampp\\htdocs\\LARAVEL\\API-CRUD-APP\\vendor\\laravel\\framework\\src\\Illuminate\\Pipeline\\Pipeline.php(180): Illuminate\\Foundation\\Http\\Middleware\\ConvertEmptyStringsToNull->handle(Object(Illuminate\\Http\\Request), Object(Closure))
#23 C:\\xampp\\htdocs\\LARAVEL\\API-CRUD-APP\\vendor\\laravel\\framework\\src\\Illuminate\\Foundation\\Http\\Middleware\\TransformsRequest.php(21): Illuminate\\Pipeline\\Pipeline->Illuminate\\Pipeline\\{closure}(Object(Illuminate\\Http\\Request))
#24 C:\\xampp\\htdocs\\LARAVEL\\API-CRUD-APP\\vendor\\laravel\\framework\\src\\Illuminate\\Foundation\\Http\\Middleware\\TrimStrings.php(40): Illuminate\\Foundation\\Http\\Middleware\\TransformsRequest->handle(Object(Illuminate\\Http\\Request), Object(Closure))
#25 C:\\xampp\\htdocs\\LARAVEL\\API-CRUD-APP\\vendor\\laravel\\framework\\src\\Illuminate\\Pipeline\\Pipeline.php(180): Illuminate\\Foundation\\Http\\Middleware\\TrimStrings->handle(Object(Illuminate\\Http\\Request), Object(Closure))
#26 C:\\xampp\\htdocs\\LARAVEL\\API-CRUD-APP\\vendor\\laravel\\framework\\src\\Illuminate\\Foundation\\Http\\Middleware\\ValidatePostSize.php(27): Illuminate\\Pipeline\\Pipeline->Illuminate\\Pipeline\\{closure}(Object(Illuminate\\Http\\Request))
#27 C:\\xampp\\htdocs\\LARAVEL\\API-CRUD-APP\\vendor\\laravel\\framework\\src\\Illuminate\\Pipeline\\Pipeline.php(180): Illuminate\\Foundation\\Http\\Middleware\\ValidatePostSize->handle(Object(Illuminate\\Http\\Request), Object(Closure))
#28 C:\\xampp\\htdocs\\LARAVEL\\API-CRUD-APP\\vendor\\laravel\\framework\\src\\Illuminate\\Foundation\\Http\\Middleware\\PreventRequestsDuringMaintenance.php(86): Illuminate\\Pipeline\\Pipeline->Illuminate\\Pipeline\\{closure}(Object(Illuminate\\Http\\Request))
#29 C:\\xampp\\htdocs\\LARAVEL\\API-CRUD-APP\\vendor\\laravel\\framework\\src\\Illuminate\\Pipeline\\Pipeline.php(180): Illuminate\\Foundation\\Http\\Middleware\\PreventRequestsDuringMaintenance->handle(Object(Illuminate\\Http\\Request), Object(Closure))
#30 C:\\xampp\\htdocs\\LARAVEL\\API-CRUD-APP\\vendor\\laravel\\framework\\src\\Illuminate\\Http\\Middleware\\HandleCors.php(62): Illuminate\\Pipeline\\Pipeline->Illuminate\\Pipeline\\{closure}(Object(Illuminate\\Http\\Request))
#31 C:\\xampp\\htdocs\\LARAVEL\\API-CRUD-APP\\vendor\\laravel\\framework\\src\\Illuminate\\Pipeline\\Pipeline.php(180): Illuminate\\Http\\Middleware\\HandleCors->handle(Object(Illuminate\\Http\\Request), Object(Closure))
#32 C:\\xampp\\htdocs\\LARAVEL\\API-CRUD-APP\\vendor\\laravel\\framework\\src\\Illuminate\\Http\\Middleware\\TrustProxies.php(39): Illuminate\\Pipeline\\Pipeline->Illuminate\\Pipeline\\{closure}(Object(Illuminate\\Http\\Request))
#33 C:\\xampp\\htdocs\\LARAVEL\\API-CRUD-APP\\vendor\\laravel\\framework\\src\\Illuminate\\Pipeline\\Pipeline.php(180): Illuminate\\Http\\Middleware\\TrustProxies->handle(Object(Illuminate\\Http\\Request), Object(Closure))
#34 C:\\xampp\\htdocs\\LARAVEL\\API-CRUD-APP\\vendor\\laravel\\framework\\src\\Illuminate\\Pipeline\\Pipeline.php(116): Illuminate\\Pipeline\\Pipeline->Illuminate\\Pipeline\\{closure}(Object(Illuminate\\Http\\Request))
#35 C:\\xampp\\htdocs\\LARAVEL\\API-CRUD-APP\\vendor\\laravel\\framework\\src\\Illuminate\\Foundation\\Http\\Kernel.php(165): Illuminate\\Pipeline\\Pipeline->then(Object(Closure))
#36 C:\\xampp\\htdocs\\LARAVEL\\API-CRUD-APP\\vendor\\laravel\\framework\\src\\Illuminate\\Foundation\\Http\\Kernel.php(134): Illuminate\\Foundation\\Http\\Kernel->sendRequestThroughRouter(Object(Illuminate\\Http\\Request))
#37 C:\\xampp\\htdocs\\LARAVEL\\API-CRUD-APP\\public\\index.php(52): Illuminate\\Foundation\\Http\\Kernel->handle(Object(Illuminate\\Http\\Request))
#38 C:\\xampp\\htdocs\\LARAVEL\\API-CRUD-APP\\vendor\\laravel\\framework\\src\\Illuminate\\Foundation\\resources\\server.php(16): require_once('C:\\\\xampp\\\\htdocs...')
#39 {main}
"} 
[2024-10-04 05:07:48] local.ERROR: Property [name] does not exist on the Eloquent builder instance. {"exception":"[object] (Exception(code: 0): Property [name] does not exist on the Eloquent builder instance. at C:\\xampp\\htdocs\\LARAVEL\\API-CRUD-APP\\vendor\\laravel\\framework\\src\\Illuminate\\Database\\Eloquent\\Builder.php:1830)
[stacktrace]
#0 C:\\xampp\\htdocs\\LARAVEL\\API-CRUD-APP\\app\\Http\\Controllers\\StudentsController.php(49): Illuminate\\Database\\Eloquent\\Builder->__get('name')
#1 C:\\xampp\\htdocs\\LARAVEL\\API-CRUD-APP\\vendor\\laravel\\framework\\src\\Illuminate\\Routing\\Controller.php(54): App\\Http\\Controllers\\StudentsController->login(Object(Illuminate\\Http\\Request))
#2 C:\\xampp\\htdocs\\LARAVEL\\API-CRUD-APP\\vendor\\laravel\\framework\\src\\Illuminate\\Routing\\ControllerDispatcher.php(43): Illuminate\\Routing\\Controller->callAction('login', Array)
#3 C:\\xampp\\htdocs\\LARAVEL\\API-CRUD-APP\\vendor\\laravel\\framework\\src\\Illuminate\\Routing\\Route.php(260): Illuminate\\Routing\\ControllerDispatcher->dispatch(Object(Illuminate\\Routing\\Route), Object(App\\Http\\Controllers\\StudentsController), 'login')
#4 C:\\xampp\\htdocs\\LARAVEL\\API-CRUD-APP\\vendor\\laravel\\framework\\src\\Illuminate\\Routing\\Route.php(205): Illuminate\\Routing\\Route->runController()
#5 C:\\xampp\\htdocs\\LARAVEL\\API-CRUD-APP\\vendor\\laravel\\framework\\src\\Illuminate\\Routing\\Router.php(798): Illuminate\\Routing\\Route->run()
#6 C:\\xampp\\htdocs\\LARAVEL\\API-CRUD-APP\\vendor\\laravel\\framework\\src\\Illuminate\\Pipeline\\Pipeline.php(141): Illuminate\\Routing\\Router->Illuminate\\Routing\\{closure}(Object(Illuminate\\Http\\Request))
#7 C:\\xampp\\htdocs\\LARAVEL\\API-CRUD-APP\\vendor\\laravel\\framework\\src\\Illuminate\\Routing\\Middleware\\SubstituteBindings.php(50): Illuminate\\Pipeline\\Pipeline->Illuminate\\Pipeline\\{closure}(Object(Illuminate\\Http\\Request))
#8 C:\\xampp\\htdocs\\LARAVEL\\API-CRUD-APP\\vendor\\laravel\\framework\\src\\Illuminate\\Pipeline\\Pipeline.php(180): Illuminate\\Routing\\Middleware\\SubstituteBindings->handle(Object(Illuminate\\Http\\Request), Object(Closure))
#9 C:\\xampp\\htdocs\\LARAVEL\\API-CRUD-APP\\vendor\\laravel\\framework\\src\\Illuminate\\Routing\\Middleware\\ThrottleRequests.php(126): Illuminate\\Pipeline\\Pipeline->Illuminate\\Pipeline\\{closure}(Object(Illuminate\\Http\\Request))
#10 C:\\xampp\\htdocs\\LARAVEL\\API-CRUD-APP\\vendor\\laravel\\framework\\src\\Illuminate\\Routing\\Middleware\\ThrottleRequests.php(102): Illuminate\\Routing\\Middleware\\ThrottleRequests->handleRequest(Object(Illuminate\\Http\\Request), Object(Closure), Array)
#11 C:\\xampp\\htdocs\\LARAVEL\\API-CRUD-APP\\vendor\\laravel\\framework\\src\\Illuminate\\Routing\\Middleware\\ThrottleRequests.php(54): Illuminate\\Routing\\Middleware\\ThrottleRequests->handleRequestUsingNamedLimiter(Object(Illuminate\\Http\\Request), Object(Closure), 'api', Object(Closure))
#12 C:\\xampp\\htdocs\\LARAVEL\\API-CRUD-APP\\vendor\\laravel\\framework\\src\\Illuminate\\Pipeline\\Pipeline.php(180): Illuminate\\Routing\\Middleware\\ThrottleRequests->handle(Object(Illuminate\\Http\\Request), Object(Closure), 'api')
#13 C:\\xampp\\htdocs\\LARAVEL\\API-CRUD-APP\\vendor\\laravel\\framework\\src\\Illuminate\\Pipeline\\Pipeline.php(116): Illuminate\\Pipeline\\Pipeline->Illuminate\\Pipeline\\{closure}(Object(Illuminate\\Http\\Request))
#14 C:\\xampp\\htdocs\\LARAVEL\\API-CRUD-APP\\vendor\\laravel\\framework\\src\\Illuminate\\Routing\\Router.php(799): Illuminate\\Pipeline\\Pipeline->then(Object(Closure))
#15 C:\\xampp\\htdocs\\LARAVEL\\API-CRUD-APP\\vendor\\laravel\\framework\\src\\Illuminate\\Routing\\Router.php(776): Illuminate\\Routing\\Router->runRouteWithinStack(Object(Illuminate\\Routing\\Route), Object(Illuminate\\Http\\Request))
#16 C:\\xampp\\htdocs\\LARAVEL\\API-CRUD-APP\\vendor\\laravel\\framework\\src\\Illuminate\\Routing\\Router.php(740): Illuminate\\Routing\\Router->runRoute(Object(Illuminate\\Http\\Request), Object(Illuminate\\Routing\\Route))
#17 C:\\xampp\\htdocs\\LARAVEL\\API-CRUD-APP\\vendor\\laravel\\framework\\src\\Illuminate\\Routing\\Router.php(729): Illuminate\\Routing\\Router->dispatchToRoute(Object(Illuminate\\Http\\Request))
#18 C:\\xampp\\htdocs\\LARAVEL\\API-CRUD-APP\\vendor\\laravel\\framework\\src\\Illuminate\\Foundation\\Http\\Kernel.php(190): Illuminate\\Routing\\Router->dispatch(Object(Illuminate\\Http\\Request))
#19 C:\\xampp\\htdocs\\LARAVEL\\API-CRUD-APP\\vendor\\laravel\\framework\\src\\Illuminate\\Pipeline\\Pipeline.php(141): Illuminate\\Foundation\\Http\\Kernel->Illuminate\\Foundation\\Http\\{closure}(Object(Illuminate\\Http\\Request))
#20 C:\\xampp\\htdocs\\LARAVEL\\API-CRUD-APP\\vendor\\laravel\\framework\\src\\Illuminate\\Foundation\\Http\\Middleware\\TransformsRequest.php(21): Illuminate\\Pipeline\\Pipeline->Illuminate\\Pipeline\\{closure}(Object(Illuminate\\Http\\Request))
#21 C:\\xampp\\htdocs\\LARAVEL\\API-CRUD-APP\\vendor\\laravel\\framework\\src\\Illuminate\\Foundation\\Http\\Middleware\\ConvertEmptyStringsToNull.php(31): Illuminate\\Foundation\\Http\\Middleware\\TransformsRequest->handle(Object(Illuminate\\Http\\Request), Object(Closure))
#22 C:\\xampp\\htdocs\\LARAVEL\\API-CRUD-APP\\vendor\\laravel\\framework\\src\\Illuminate\\Pipeline\\Pipeline.php(180): Illuminate\\Foundation\\Http\\Middleware\\ConvertEmptyStringsToNull->handle(Object(Illuminate\\Http\\Request), Object(Closure))
#23 C:\\xampp\\htdocs\\LARAVEL\\API-CRUD-APP\\vendor\\laravel\\framework\\src\\Illuminate\\Foundation\\Http\\Middleware\\TransformsRequest.php(21): Illuminate\\Pipeline\\Pipeline->Illuminate\\Pipeline\\{closure}(Object(Illuminate\\Http\\Request))
#24 C:\\xampp\\htdocs\\LARAVEL\\API-CRUD-APP\\vendor\\laravel\\framework\\src\\Illuminate\\Foundation\\Http\\Middleware\\TrimStrings.php(40): Illuminate\\Foundation\\Http\\Middleware\\TransformsRequest->handle(Object(Illuminate\\Http\\Request), Object(Closure))
#25 C:\\xampp\\htdocs\\LARAVEL\\API-CRUD-APP\\vendor\\laravel\\framework\\src\\Illuminate\\Pipeline\\Pipeline.php(180): Illuminate\\Foundation\\Http\\Middleware\\TrimStrings->handle(Object(Illuminate\\Http\\Request), Object(Closure))
#26 C:\\xampp\\htdocs\\LARAVEL\\API-CRUD-APP\\vendor\\laravel\\framework\\src\\Illuminate\\Foundation\\Http\\Middleware\\ValidatePostSize.php(27): Illuminate\\Pipeline\\Pipeline->Illuminate\\Pipeline\\{closure}(Object(Illuminate\\Http\\Request))
#27 C:\\xampp\\htdocs\\LARAVEL\\API-CRUD-APP\\vendor\\laravel\\framework\\src\\Illuminate\\Pipeline\\Pipeline.php(180): Illuminate\\Foundation\\Http\\Middleware\\ValidatePostSize->handle(Object(Illuminate\\Http\\Request), Object(Closure))
#28 C:\\xampp\\htdocs\\LARAVEL\\API-CRUD-APP\\vendor\\laravel\\framework\\src\\Illuminate\\Foundation\\Http\\Middleware\\PreventRequestsDuringMaintenance.php(86): Illuminate\\Pipeline\\Pipeline->Illuminate\\Pipeline\\{closure}(Object(Illuminate\\Http\\Request))
#29 C:\\xampp\\htdocs\\LARAVEL\\API-CRUD-APP\\vendor\\laravel\\framework\\src\\Illuminate\\Pipeline\\Pipeline.php(180): Illuminate\\Foundation\\Http\\Middleware\\PreventRequestsDuringMaintenance->handle(Object(Illuminate\\Http\\Request), Object(Closure))
#30 C:\\xampp\\htdocs\\LARAVEL\\API-CRUD-APP\\vendor\\laravel\\framework\\src\\Illuminate\\Http\\Middleware\\HandleCors.php(62): Illuminate\\Pipeline\\Pipeline->Illuminate\\Pipeline\\{closure}(Object(Illuminate\\Http\\Request))
#31 C:\\xampp\\htdocs\\LARAVEL\\API-CRUD-APP\\vendor\\laravel\\framework\\src\\Illuminate\\Pipeline\\Pipeline.php(180): Illuminate\\Http\\Middleware\\HandleCors->handle(Object(Illuminate\\Http\\Request), Object(Closure))
#32 C:\\xampp\\htdocs\\LARAVEL\\API-CRUD-APP\\vendor\\laravel\\framework\\src\\Illuminate\\Http\\Middleware\\TrustProxies.php(39): Illuminate\\Pipeline\\Pipeline->Illuminate\\Pipeline\\{closure}(Object(Illuminate\\Http\\Request))
#33 C:\\xampp\\htdocs\\LARAVEL\\API-CRUD-APP\\vendor\\laravel\\framework\\src\\Illuminate\\Pipeline\\Pipeline.php(180): Illuminate\\Http\\Middleware\\TrustProxies->handle(Object(Illuminate\\Http\\Request), Object(Closure))
#34 C:\\xampp\\htdocs\\LARAVEL\\API-CRUD-APP\\vendor\\laravel\\framework\\src\\Illuminate\\Pipeline\\Pipeline.php(116): Illuminate\\Pipeline\\Pipeline->Illuminate\\Pipeline\\{closure}(Object(Illuminate\\Http\\Request))
#35 C:\\xampp\\htdocs\\LARAVEL\\API-CRUD-APP\\vendor\\laravel\\framework\\src\\Illuminate\\Foundation\\Http\\Kernel.php(165): Illuminate\\Pipeline\\Pipeline->then(Object(Closure))
#36 C:\\xampp\\htdocs\\LARAVEL\\API-CRUD-APP\\vendor\\laravel\\framework\\src\\Illuminate\\Foundation\\Http\\Kernel.php(134): Illuminate\\Foundation\\Http\\Kernel->sendRequestThroughRouter(Object(Illuminate\\Http\\Request))
#37 C:\\xampp\\htdocs\\LARAVEL\\API-CRUD-APP\\public\\index.php(52): Illuminate\\Foundation\\Http\\Kernel->handle(Object(Illuminate\\Http\\Request))
#38 C:\\xampp\\htdocs\\LARAVEL\\API-CRUD-APP\\vendor\\laravel\\framework\\src\\Illuminate\\Foundation\\resources\\server.php(16): require_once('C:\\\\xampp\\\\htdocs...')
#39 {main}
"} 
[2024-10-04 05:19:25] local.ERROR: Attempt to read property "name" on null {"exception":"[object] (ErrorException(code: 0): Attempt to read property \"name\" on null at C:\\xampp\\htdocs\\LARAVEL\\API-CRUD-APP\\app\\Http\\Controllers\\StudentsController.php:52)
[stacktrace]
#0 C:\\xampp\\htdocs\\LARAVEL\\API-CRUD-APP\\vendor\\laravel\\framework\\src\\Illuminate\\Foundation\\Bootstrap\\HandleExceptions.php(270): Illuminate\\Foundation\\Bootstrap\\HandleExceptions->handleError(2, 'Attempt to read...', 'C:\\\\xampp\\\\htdocs...', 52)
#1 C:\\xampp\\htdocs\\LARAVEL\\API-CRUD-APP\\app\\Http\\Controllers\\StudentsController.php(52): Illuminate\\Foundation\\Bootstrap\\HandleExceptions->Illuminate\\Foundation\\Bootstrap\\{closure}(2, 'Attempt to read...', 'C:\\\\xampp\\\\htdocs...', 52)
#2 C:\\xampp\\htdocs\\LARAVEL\\API-CRUD-APP\\vendor\\laravel\\framework\\src\\Illuminate\\Routing\\Controller.php(54): App\\Http\\Controllers\\StudentsController->login(Object(Illuminate\\Http\\Request))
#3 C:\\xampp\\htdocs\\LARAVEL\\API-CRUD-APP\\vendor\\laravel\\framework\\src\\Illuminate\\Routing\\ControllerDispatcher.php(43): Illuminate\\Routing\\Controller->callAction('login', Array)
#4 C:\\xampp\\htdocs\\LARAVEL\\API-CRUD-APP\\vendor\\laravel\\framework\\src\\Illuminate\\Routing\\Route.php(260): Illuminate\\Routing\\ControllerDispatcher->dispatch(Object(Illuminate\\Routing\\Route), Object(App\\Http\\Controllers\\StudentsController), 'login')
#5 C:\\xampp\\htdocs\\LARAVEL\\API-CRUD-APP\\vendor\\laravel\\framework\\src\\Illuminate\\Routing\\Route.php(205): Illuminate\\Routing\\Route->runController()
#6 C:\\xampp\\htdocs\\LARAVEL\\API-CRUD-APP\\vendor\\laravel\\framework\\src\\Illuminate\\Routing\\Router.php(798): Illuminate\\Routing\\Route->run()
#7 C:\\xampp\\htdocs\\LARAVEL\\API-CRUD-APP\\vendor\\laravel\\framework\\src\\Illuminate\\Pipeline\\Pipeline.php(141): Illuminate\\Routing\\Router->Illuminate\\Routing\\{closure}(Object(Illuminate\\Http\\Request))
#8 C:\\xampp\\htdocs\\LARAVEL\\API-CRUD-APP\\vendor\\laravel\\framework\\src\\Illuminate\\Routing\\Middleware\\SubstituteBindings.php(50): Illuminate\\Pipeline\\Pipeline->Illuminate\\Pipeline\\{closure}(Object(Illuminate\\Http\\Request))
#9 C:\\xampp\\htdocs\\LARAVEL\\API-CRUD-APP\\vendor\\laravel\\framework\\src\\Illuminate\\Pipeline\\Pipeline.php(180): Illuminate\\Routing\\Middleware\\SubstituteBindings->handle(Object(Illuminate\\Http\\Request), Object(Closure))
#10 C:\\xampp\\htdocs\\LARAVEL\\API-CRUD-APP\\vendor\\laravel\\framework\\src\\Illuminate\\Routing\\Middleware\\ThrottleRequests.php(126): Illuminate\\Pipeline\\Pipeline->Illuminate\\Pipeline\\{closure}(Object(Illuminate\\Http\\Request))
#11 C:\\xampp\\htdocs\\LARAVEL\\API-CRUD-APP\\vendor\\laravel\\framework\\src\\Illuminate\\Routing\\Middleware\\ThrottleRequests.php(102): Illuminate\\Routing\\Middleware\\ThrottleRequests->handleRequest(Object(Illuminate\\Http\\Request), Object(Closure), Array)
#12 C:\\xampp\\htdocs\\LARAVEL\\API-CRUD-APP\\vendor\\laravel\\framework\\src\\Illuminate\\Routing\\Middleware\\ThrottleRequests.php(54): Illuminate\\Routing\\Middleware\\ThrottleRequests->handleRequestUsingNamedLimiter(Object(Illuminate\\Http\\Request), Object(Closure), 'api', Object(Closure))
#13 C:\\xampp\\htdocs\\LARAVEL\\API-CRUD-APP\\vendor\\laravel\\framework\\src\\Illuminate\\Pipeline\\Pipeline.php(180): Illuminate\\Routing\\Middleware\\ThrottleRequests->handle(Object(Illuminate\\Http\\Request), Object(Closure), 'api')
#14 C:\\xampp\\htdocs\\LARAVEL\\API-CRUD-APP\\vendor\\laravel\\framework\\src\\Illuminate\\Pipeline\\Pipeline.php(116): Illuminate\\Pipeline\\Pipeline->Illuminate\\Pipeline\\{closure}(Object(Illuminate\\Http\\Request))
#15 C:\\xampp\\htdocs\\LARAVEL\\API-CRUD-APP\\vendor\\laravel\\framework\\src\\Illuminate\\Routing\\Router.php(799): Illuminate\\Pipeline\\Pipeline->then(Object(Closure))
#16 C:\\xampp\\htdocs\\LARAVEL\\API-CRUD-APP\\vendor\\laravel\\framework\\src\\Illuminate\\Routing\\Router.php(776): Illuminate\\Routing\\Router->runRouteWithinStack(Object(Illuminate\\Routing\\Route), Object(Illuminate\\Http\\Request))
#17 C:\\xampp\\htdocs\\LARAVEL\\API-CRUD-APP\\vendor\\laravel\\framework\\src\\Illuminate\\Routing\\Router.php(740): Illuminate\\Routing\\Router->runRoute(Object(Illuminate\\Http\\Request), Object(Illuminate\\Routing\\Route))
#18 C:\\xampp\\htdocs\\LARAVEL\\API-CRUD-APP\\vendor\\laravel\\framework\\src\\Illuminate\\Routing\\Router.php(729): Illuminate\\Routing\\Router->dispatchToRoute(Object(Illuminate\\Http\\Request))
#19 C:\\xampp\\htdocs\\LARAVEL\\API-CRUD-APP\\vendor\\laravel\\framework\\src\\Illuminate\\Foundation\\Http\\Kernel.php(190): Illuminate\\Routing\\Router->dispatch(Object(Illuminate\\Http\\Request))
#20 C:\\xampp\\htdocs\\LARAVEL\\API-CRUD-APP\\vendor\\laravel\\framework\\src\\Illuminate\\Pipeline\\Pipeline.php(141): Illuminate\\Foundation\\Http\\Kernel->Illuminate\\Foundation\\Http\\{closure}(Object(Illuminate\\Http\\Request))
#21 C:\\xampp\\htdocs\\LARAVEL\\API-CRUD-APP\\vendor\\laravel\\framework\\src\\Illuminate\\Foundation\\Http\\Middleware\\TransformsRequest.php(21): Illuminate\\Pipeline\\Pipeline->Illuminate\\Pipeline\\{closure}(Object(Illuminate\\Http\\Request))
#22 C:\\xampp\\htdocs\\LARAVEL\\API-CRUD-APP\\vendor\\laravel\\framework\\src\\Illuminate\\Foundation\\Http\\Middleware\\ConvertEmptyStringsToNull.php(31): Illuminate\\Foundation\\Http\\Middleware\\TransformsRequest->handle(Object(Illuminate\\Http\\Request), Object(Closure))
#23 C:\\xampp\\htdocs\\LARAVEL\\API-CRUD-APP\\vendor\\laravel\\framework\\src\\Illuminate\\Pipeline\\Pipeline.php(180): Illuminate\\Foundation\\Http\\Middleware\\ConvertEmptyStringsToNull->handle(Object(Illuminate\\Http\\Request), Object(Closure))
#24 C:\\xampp\\htdocs\\LARAVEL\\API-CRUD-APP\\vendor\\laravel\\framework\\src\\Illuminate\\Foundation\\Http\\Middleware\\TransformsRequest.php(21): Illuminate\\Pipeline\\Pipeline->Illuminate\\Pipeline\\{closure}(Object(Illuminate\\Http\\Request))
#25 C:\\xampp\\htdocs\\LARAVEL\\API-CRUD-APP\\vendor\\laravel\\framework\\src\\Illuminate\\Foundation\\Http\\Middleware\\TrimStrings.php(40): Illuminate\\Foundation\\Http\\Middleware\\TransformsRequest->handle(Object(Illuminate\\Http\\Request), Object(Closure))
#26 C:\\xampp\\htdocs\\LARAVEL\\API-CRUD-APP\\vendor\\laravel\\framework\\src\\Illuminate\\Pipeline\\Pipeline.php(180): Illuminate\\Foundation\\Http\\Middleware\\TrimStrings->handle(Object(Illuminate\\Http\\Request), Object(Closure))
#27 C:\\xampp\\htdocs\\LARAVEL\\API-CRUD-APP\\vendor\\laravel\\framework\\src\\Illuminate\\Foundation\\Http\\Middleware\\ValidatePostSize.php(27): Illuminate\\Pipeline\\Pipeline->Illuminate\\Pipeline\\{closure}(Object(Illuminate\\Http\\Request))
#28 C:\\xampp\\htdocs\\LARAVEL\\API-CRUD-APP\\vendor\\laravel\\framework\\src\\Illuminate\\Pipeline\\Pipeline.php(180): Illuminate\\Foundation\\Http\\Middleware\\ValidatePostSize->handle(Object(Illuminate\\Http\\Request), Object(Closure))
#29 C:\\xampp\\htdocs\\LARAVEL\\API-CRUD-APP\\vendor\\laravel\\framework\\src\\Illuminate\\Foundation\\Http\\Middleware\\PreventRequestsDuringMaintenance.php(86): Illuminate\\Pipeline\\Pipeline->Illuminate\\Pipeline\\{closure}(Object(Illuminate\\Http\\Request))
#30 C:\\xampp\\htdocs\\LARAVEL\\API-CRUD-APP\\vendor\\laravel\\framework\\src\\Illuminate\\Pipeline\\Pipeline.php(180): Illuminate\\Foundation\\Http\\Middleware\\PreventRequestsDuringMaintenance->handle(Object(Illuminate\\Http\\Request), Object(Closure))
#31 C:\\xampp\\htdocs\\LARAVEL\\API-CRUD-APP\\vendor\\laravel\\framework\\src\\Illuminate\\Http\\Middleware\\HandleCors.php(62): Illuminate\\Pipeline\\Pipeline->Illuminate\\Pipeline\\{closure}(Object(Illuminate\\Http\\Request))
#32 C:\\xampp\\htdocs\\LARAVEL\\API-CRUD-APP\\vendor\\laravel\\framework\\src\\Illuminate\\Pipeline\\Pipeline.php(180): Illuminate\\Http\\Middleware\\HandleCors->handle(Object(Illuminate\\Http\\Request), Object(Closure))
#33 C:\\xampp\\htdocs\\LARAVEL\\API-CRUD-APP\\vendor\\laravel\\framework\\src\\Illuminate\\Http\\Middleware\\TrustProxies.php(39): Illuminate\\Pipeline\\Pipeline->Illuminate\\Pipeline\\{closure}(Object(Illuminate\\Http\\Request))
#34 C:\\xampp\\htdocs\\LARAVEL\\API-CRUD-APP\\vendor\\laravel\\framework\\src\\Illuminate\\Pipeline\\Pipeline.php(180): Illuminate\\Http\\Middleware\\TrustProxies->handle(Object(Illuminate\\Http\\Request), Object(Closure))
#35 C:\\xampp\\htdocs\\LARAVEL\\API-CRUD-APP\\vendor\\laravel\\framework\\src\\Illuminate\\Pipeline\\Pipeline.php(116): Illuminate\\Pipeline\\Pipeline->Illuminate\\Pipeline\\{closure}(Object(Illuminate\\Http\\Request))
#36 C:\\xampp\\htdocs\\LARAVEL\\API-CRUD-APP\\vendor\\laravel\\framework\\src\\Illuminate\\Foundation\\Http\\Kernel.php(165): Illuminate\\Pipeline\\Pipeline->then(Object(Closure))
#37 C:\\xampp\\htdocs\\LARAVEL\\API-CRUD-APP\\vendor\\laravel\\framework\\src\\Illuminate\\Foundation\\Http\\Kernel.php(134): Illuminate\\Foundation\\Http\\Kernel->sendRequestThroughRouter(Object(Illuminate\\Http\\Request))
#38 C:\\xampp\\htdocs\\LARAVEL\\API-CRUD-APP\\public\\index.php(52): Illuminate\\Foundation\\Http\\Kernel->handle(Object(Illuminate\\Http\\Request))
#39 C:\\xampp\\htdocs\\LARAVEL\\API-CRUD-APP\\vendor\\laravel\\framework\\src\\Illuminate\\Foundation\\resources\\server.php(16): require_once('C:\\\\xampp\\\\htdocs...')
#40 {main}
"} 
[2024-10-04 05:20:06] local.ERROR: Attempt to read property "name" on null {"exception":"[object] (ErrorException(code: 0): Attempt to read property \"name\" on null at C:\\xampp\\htdocs\\LARAVEL\\API-CRUD-APP\\app\\Http\\Controllers\\StudentsController.php:52)
[stacktrace]
#0 C:\\xampp\\htdocs\\LARAVEL\\API-CRUD-APP\\vendor\\laravel\\framework\\src\\Illuminate\\Foundation\\Bootstrap\\HandleExceptions.php(270): Illuminate\\Foundation\\Bootstrap\\HandleExceptions->handleError(2, 'Attempt to read...', 'C:\\\\xampp\\\\htdocs...', 52)
#1 C:\\xampp\\htdocs\\LARAVEL\\API-CRUD-APP\\app\\Http\\Controllers\\StudentsController.php(52): Illuminate\\Foundation\\Bootstrap\\HandleExceptions->Illuminate\\Foundation\\Bootstrap\\{closure}(2, 'Attempt to read...', 'C:\\\\xampp\\\\htdocs...', 52)
#2 C:\\xampp\\htdocs\\LARAVEL\\API-CRUD-APP\\vendor\\laravel\\framework\\src\\Illuminate\\Routing\\Controller.php(54): App\\Http\\Controllers\\StudentsController->login(Object(Illuminate\\Http\\Request))
#3 C:\\xampp\\htdocs\\LARAVEL\\API-CRUD-APP\\vendor\\laravel\\framework\\src\\Illuminate\\Routing\\ControllerDispatcher.php(43): Illuminate\\Routing\\Controller->callAction('login', Array)
#4 C:\\xampp\\htdocs\\LARAVEL\\API-CRUD-APP\\vendor\\laravel\\framework\\src\\Illuminate\\Routing\\Route.php(260): Illuminate\\Routing\\ControllerDispatcher->dispatch(Object(Illuminate\\Routing\\Route), Object(App\\Http\\Controllers\\StudentsController), 'login')
#5 C:\\xampp\\htdocs\\LARAVEL\\API-CRUD-APP\\vendor\\laravel\\framework\\src\\Illuminate\\Routing\\Route.php(205): Illuminate\\Routing\\Route->runController()
#6 C:\\xampp\\htdocs\\LARAVEL\\API-CRUD-APP\\vendor\\laravel\\framework\\src\\Illuminate\\Routing\\Router.php(798): Illuminate\\Routing\\Route->run()
#7 C:\\xampp\\htdocs\\LARAVEL\\API-CRUD-APP\\vendor\\laravel\\framework\\src\\Illuminate\\Pipeline\\Pipeline.php(141): Illuminate\\Routing\\Router->Illuminate\\Routing\\{closure}(Object(Illuminate\\Http\\Request))
#8 C:\\xampp\\htdocs\\LARAVEL\\API-CRUD-APP\\vendor\\laravel\\framework\\src\\Illuminate\\Routing\\Middleware\\SubstituteBindings.php(50): Illuminate\\Pipeline\\Pipeline->Illuminate\\Pipeline\\{closure}(Object(Illuminate\\Http\\Request))
#9 C:\\xampp\\htdocs\\LARAVEL\\API-CRUD-APP\\vendor\\laravel\\framework\\src\\Illuminate\\Pipeline\\Pipeline.php(180): Illuminate\\Routing\\Middleware\\SubstituteBindings->handle(Object(Illuminate\\Http\\Request), Object(Closure))
#10 C:\\xampp\\htdocs\\LARAVEL\\API-CRUD-APP\\vendor\\laravel\\framework\\src\\Illuminate\\Routing\\Middleware\\ThrottleRequests.php(126): Illuminate\\Pipeline\\Pipeline->Illuminate\\Pipeline\\{closure}(Object(Illuminate\\Http\\Request))
#11 C:\\xampp\\htdocs\\LARAVEL\\API-CRUD-APP\\vendor\\laravel\\framework\\src\\Illuminate\\Routing\\Middleware\\ThrottleRequests.php(102): Illuminate\\Routing\\Middleware\\ThrottleRequests->handleRequest(Object(Illuminate\\Http\\Request), Object(Closure), Array)
#12 C:\\xampp\\htdocs\\LARAVEL\\API-CRUD-APP\\vendor\\laravel\\framework\\src\\Illuminate\\Routing\\Middleware\\ThrottleRequests.php(54): Illuminate\\Routing\\Middleware\\ThrottleRequests->handleRequestUsingNamedLimiter(Object(Illuminate\\Http\\Request), Object(Closure), 'api', Object(Closure))
#13 C:\\xampp\\htdocs\\LARAVEL\\API-CRUD-APP\\vendor\\laravel\\framework\\src\\Illuminate\\Pipeline\\Pipeline.php(180): Illuminate\\Routing\\Middleware\\ThrottleRequests->handle(Object(Illuminate\\Http\\Request), Object(Closure), 'api')
#14 C:\\xampp\\htdocs\\LARAVEL\\API-CRUD-APP\\vendor\\laravel\\framework\\src\\Illuminate\\Pipeline\\Pipeline.php(116): Illuminate\\Pipeline\\Pipeline->Illuminate\\Pipeline\\{closure}(Object(Illuminate\\Http\\Request))
#15 C:\\xampp\\htdocs\\LARAVEL\\API-CRUD-APP\\vendor\\laravel\\framework\\src\\Illuminate\\Routing\\Router.php(799): Illuminate\\Pipeline\\Pipeline->then(Object(Closure))
#16 C:\\xampp\\htdocs\\LARAVEL\\API-CRUD-APP\\vendor\\laravel\\framework\\src\\Illuminate\\Routing\\Router.php(776): Illuminate\\Routing\\Router->runRouteWithinStack(Object(Illuminate\\Routing\\Route), Object(Illuminate\\Http\\Request))
#17 C:\\xampp\\htdocs\\LARAVEL\\API-CRUD-APP\\vendor\\laravel\\framework\\src\\Illuminate\\Routing\\Router.php(740): Illuminate\\Routing\\Router->runRoute(Object(Illuminate\\Http\\Request), Object(Illuminate\\Routing\\Route))
#18 C:\\xampp\\htdocs\\LARAVEL\\API-CRUD-APP\\vendor\\laravel\\framework\\src\\Illuminate\\Routing\\Router.php(729): Illuminate\\Routing\\Router->dispatchToRoute(Object(Illuminate\\Http\\Request))
#19 C:\\xampp\\htdocs\\LARAVEL\\API-CRUD-APP\\vendor\\laravel\\framework\\src\\Illuminate\\Foundation\\Http\\Kernel.php(190): Illuminate\\Routing\\Router->dispatch(Object(Illuminate\\Http\\Request))
#20 C:\\xampp\\htdocs\\LARAVEL\\API-CRUD-APP\\vendor\\laravel\\framework\\src\\Illuminate\\Pipeline\\Pipeline.php(141): Illuminate\\Foundation\\Http\\Kernel->Illuminate\\Foundation\\Http\\{closure}(Object(Illuminate\\Http\\Request))
#21 C:\\xampp\\htdocs\\LARAVEL\\API-CRUD-APP\\vendor\\laravel\\framework\\src\\Illuminate\\Foundation\\Http\\Middleware\\TransformsRequest.php(21): Illuminate\\Pipeline\\Pipeline->Illuminate\\Pipeline\\{closure}(Object(Illuminate\\Http\\Request))
#22 C:\\xampp\\htdocs\\LARAVEL\\API-CRUD-APP\\vendor\\laravel\\framework\\src\\Illuminate\\Foundation\\Http\\Middleware\\ConvertEmptyStringsToNull.php(31): Illuminate\\Foundation\\Http\\Middleware\\TransformsRequest->handle(Object(Illuminate\\Http\\Request), Object(Closure))
#23 C:\\xampp\\htdocs\\LARAVEL\\API-CRUD-APP\\vendor\\laravel\\framework\\src\\Illuminate\\Pipeline\\Pipeline.php(180): Illuminate\\Foundation\\Http\\Middleware\\ConvertEmptyStringsToNull->handle(Object(Illuminate\\Http\\Request), Object(Closure))
#24 C:\\xampp\\htdocs\\LARAVEL\\API-CRUD-APP\\vendor\\laravel\\framework\\src\\Illuminate\\Foundation\\Http\\Middleware\\TransformsRequest.php(21): Illuminate\\Pipeline\\Pipeline->Illuminate\\Pipeline\\{closure}(Object(Illuminate\\Http\\Request))
#25 C:\\xampp\\htdocs\\LARAVEL\\API-CRUD-APP\\vendor\\laravel\\framework\\src\\Illuminate\\Foundation\\Http\\Middleware\\TrimStrings.php(40): Illuminate\\Foundation\\Http\\Middleware\\TransformsRequest->handle(Object(Illuminate\\Http\\Request), Object(Closure))
#26 C:\\xampp\\htdocs\\LARAVEL\\API-CRUD-APP\\vendor\\laravel\\framework\\src\\Illuminate\\Pipeline\\Pipeline.php(180): Illuminate\\Foundation\\Http\\Middleware\\TrimStrings->handle(Object(Illuminate\\Http\\Request), Object(Closure))
#27 C:\\xampp\\htdocs\\LARAVEL\\API-CRUD-APP\\vendor\\laravel\\framework\\src\\Illuminate\\Foundation\\Http\\Middleware\\ValidatePostSize.php(27): Illuminate\\Pipeline\\Pipeline->Illuminate\\Pipeline\\{closure}(Object(Illuminate\\Http\\Request))
#28 C:\\xampp\\htdocs\\LARAVEL\\API-CRUD-APP\\vendor\\laravel\\framework\\src\\Illuminate\\Pipeline\\Pipeline.php(180): Illuminate\\Foundation\\Http\\Middleware\\ValidatePostSize->handle(Object(Illuminate\\Http\\Request), Object(Closure))
#29 C:\\xampp\\htdocs\\LARAVEL\\API-CRUD-APP\\vendor\\laravel\\framework\\src\\Illuminate\\Foundation\\Http\\Middleware\\PreventRequestsDuringMaintenance.php(86): Illuminate\\Pipeline\\Pipeline->Illuminate\\Pipeline\\{closure}(Object(Illuminate\\Http\\Request))
#30 C:\\xampp\\htdocs\\LARAVEL\\API-CRUD-APP\\vendor\\laravel\\framework\\src\\Illuminate\\Pipeline\\Pipeline.php(180): Illuminate\\Foundation\\Http\\Middleware\\PreventRequestsDuringMaintenance->handle(Object(Illuminate\\Http\\Request), Object(Closure))
#31 C:\\xampp\\htdocs\\LARAVEL\\API-CRUD-APP\\vendor\\laravel\\framework\\src\\Illuminate\\Http\\Middleware\\HandleCors.php(62): Illuminate\\Pipeline\\Pipeline->Illuminate\\Pipeline\\{closure}(Object(Illuminate\\Http\\Request))
#32 C:\\xampp\\htdocs\\LARAVEL\\API-CRUD-APP\\vendor\\laravel\\framework\\src\\Illuminate\\Pipeline\\Pipeline.php(180): Illuminate\\Http\\Middleware\\HandleCors->handle(Object(Illuminate\\Http\\Request), Object(Closure))
#33 C:\\xampp\\htdocs\\LARAVEL\\API-CRUD-APP\\vendor\\laravel\\framework\\src\\Illuminate\\Http\\Middleware\\TrustProxies.php(39): Illuminate\\Pipeline\\Pipeline->Illuminate\\Pipeline\\{closure}(Object(Illuminate\\Http\\Request))
#34 C:\\xampp\\htdocs\\LARAVEL\\API-CRUD-APP\\vendor\\laravel\\framework\\src\\Illuminate\\Pipeline\\Pipeline.php(180): Illuminate\\Http\\Middleware\\TrustProxies->handle(Object(Illuminate\\Http\\Request), Object(Closure))
#35 C:\\xampp\\htdocs\\LARAVEL\\API-CRUD-APP\\vendor\\laravel\\framework\\src\\Illuminate\\Pipeline\\Pipeline.php(116): Illuminate\\Pipeline\\Pipeline->Illuminate\\Pipeline\\{closure}(Object(Illuminate\\Http\\Request))
#36 C:\\xampp\\htdocs\\LARAVEL\\API-CRUD-APP\\vendor\\laravel\\framework\\src\\Illuminate\\Foundation\\Http\\Kernel.php(165): Illuminate\\Pipeline\\Pipeline->then(Object(Closure))
#37 C:\\xampp\\htdocs\\LARAVEL\\API-CRUD-APP\\vendor\\laravel\\framework\\src\\Illuminate\\Foundation\\Http\\Kernel.php(134): Illuminate\\Foundation\\Http\\Kernel->sendRequestThroughRouter(Object(Illuminate\\Http\\Request))
#38 C:\\xampp\\htdocs\\LARAVEL\\API-CRUD-APP\\public\\index.php(52): Illuminate\\Foundation\\Http\\Kernel->handle(Object(Illuminate\\Http\\Request))
#39 C:\\xampp\\htdocs\\LARAVEL\\API-CRUD-APP\\vendor\\laravel\\framework\\src\\Illuminate\\Foundation\\resources\\server.php(16): require_once('C:\\\\xampp\\\\htdocs...')
#40 {main}
"} 
[2024-10-04 05:21:01] local.ERROR: Attempt to read property "name" on null {"exception":"[object] (ErrorException(code: 0): Attempt to read property \"name\" on null at C:\\xampp\\htdocs\\LARAVEL\\API-CRUD-APP\\app\\Http\\Controllers\\StudentsController.php:52)
[stacktrace]
#0 C:\\xampp\\htdocs\\LARAVEL\\API-CRUD-APP\\vendor\\laravel\\framework\\src\\Illuminate\\Foundation\\Bootstrap\\HandleExceptions.php(270): Illuminate\\Foundation\\Bootstrap\\HandleExceptions->handleError(2, 'Attempt to read...', 'C:\\\\xampp\\\\htdocs...', 52)
#1 C:\\xampp\\htdocs\\LARAVEL\\API-CRUD-APP\\app\\Http\\Controllers\\StudentsController.php(52): Illuminate\\Foundation\\Bootstrap\\HandleExceptions->Illuminate\\Foundation\\Bootstrap\\{closure}(2, 'Attempt to read...', 'C:\\\\xampp\\\\htdocs...', 52)
#2 C:\\xampp\\htdocs\\LARAVEL\\API-CRUD-APP\\vendor\\laravel\\framework\\src\\Illuminate\\Routing\\Controller.php(54): App\\Http\\Controllers\\StudentsController->login(Object(Illuminate\\Http\\Request))
#3 C:\\xampp\\htdocs\\LARAVEL\\API-CRUD-APP\\vendor\\laravel\\framework\\src\\Illuminate\\Routing\\ControllerDispatcher.php(43): Illuminate\\Routing\\Controller->callAction('login', Array)
#4 C:\\xampp\\htdocs\\LARAVEL\\API-CRUD-APP\\vendor\\laravel\\framework\\src\\Illuminate\\Routing\\Route.php(260): Illuminate\\Routing\\ControllerDispatcher->dispatch(Object(Illuminate\\Routing\\Route), Object(App\\Http\\Controllers\\StudentsController), 'login')
#5 C:\\xampp\\htdocs\\LARAVEL\\API-CRUD-APP\\vendor\\laravel\\framework\\src\\Illuminate\\Routing\\Route.php(205): Illuminate\\Routing\\Route->runController()
#6 C:\\xampp\\htdocs\\LARAVEL\\API-CRUD-APP\\vendor\\laravel\\framework\\src\\Illuminate\\Routing\\Router.php(798): Illuminate\\Routing\\Route->run()
#7 C:\\xampp\\htdocs\\LARAVEL\\API-CRUD-APP\\vendor\\laravel\\framework\\src\\Illuminate\\Pipeline\\Pipeline.php(141): Illuminate\\Routing\\Router->Illuminate\\Routing\\{closure}(Object(Illuminate\\Http\\Request))
#8 C:\\xampp\\htdocs\\LARAVEL\\API-CRUD-APP\\vendor\\laravel\\framework\\src\\Illuminate\\Routing\\Middleware\\SubstituteBindings.php(50): Illuminate\\Pipeline\\Pipeline->Illuminate\\Pipeline\\{closure}(Object(Illuminate\\Http\\Request))
#9 C:\\xampp\\htdocs\\LARAVEL\\API-CRUD-APP\\vendor\\laravel\\framework\\src\\Illuminate\\Pipeline\\Pipeline.php(180): Illuminate\\Routing\\Middleware\\SubstituteBindings->handle(Object(Illuminate\\Http\\Request), Object(Closure))
#10 C:\\xampp\\htdocs\\LARAVEL\\API-CRUD-APP\\vendor\\laravel\\framework\\src\\Illuminate\\Routing\\Middleware\\ThrottleRequests.php(126): Illuminate\\Pipeline\\Pipeline->Illuminate\\Pipeline\\{closure}(Object(Illuminate\\Http\\Request))
#11 C:\\xampp\\htdocs\\LARAVEL\\API-CRUD-APP\\vendor\\laravel\\framework\\src\\Illuminate\\Routing\\Middleware\\ThrottleRequests.php(102): Illuminate\\Routing\\Middleware\\ThrottleRequests->handleRequest(Object(Illuminate\\Http\\Request), Object(Closure), Array)
#12 C:\\xampp\\htdocs\\LARAVEL\\API-CRUD-APP\\vendor\\laravel\\framework\\src\\Illuminate\\Routing\\Middleware\\ThrottleRequests.php(54): Illuminate\\Routing\\Middleware\\ThrottleRequests->handleRequestUsingNamedLimiter(Object(Illuminate\\Http\\Request), Object(Closure), 'api', Object(Closure))
#13 C:\\xampp\\htdocs\\LARAVEL\\API-CRUD-APP\\vendor\\laravel\\framework\\src\\Illuminate\\Pipeline\\Pipeline.php(180): Illuminate\\Routing\\Middleware\\ThrottleRequests->handle(Object(Illuminate\\Http\\Request), Object(Closure), 'api')
#14 C:\\xampp\\htdocs\\LARAVEL\\API-CRUD-APP\\vendor\\laravel\\framework\\src\\Illuminate\\Pipeline\\Pipeline.php(116): Illuminate\\Pipeline\\Pipeline->Illuminate\\Pipeline\\{closure}(Object(Illuminate\\Http\\Request))
#15 C:\\xampp\\htdocs\\LARAVEL\\API-CRUD-APP\\vendor\\laravel\\framework\\src\\Illuminate\\Routing\\Router.php(799): Illuminate\\Pipeline\\Pipeline->then(Object(Closure))
#16 C:\\xampp\\htdocs\\LARAVEL\\API-CRUD-APP\\vendor\\laravel\\framework\\src\\Illuminate\\Routing\\Router.php(776): Illuminate\\Routing\\Router->runRouteWithinStack(Object(Illuminate\\Routing\\Route), Object(Illuminate\\Http\\Request))
#17 C:\\xampp\\htdocs\\LARAVEL\\API-CRUD-APP\\vendor\\laravel\\framework\\src\\Illuminate\\Routing\\Router.php(740): Illuminate\\Routing\\Router->runRoute(Object(Illuminate\\Http\\Request), Object(Illuminate\\Routing\\Route))
#18 C:\\xampp\\htdocs\\LARAVEL\\API-CRUD-APP\\vendor\\laravel\\framework\\src\\Illuminate\\Routing\\Router.php(729): Illuminate\\Routing\\Router->dispatchToRoute(Object(Illuminate\\Http\\Request))
#19 C:\\xampp\\htdocs\\LARAVEL\\API-CRUD-APP\\vendor\\laravel\\framework\\src\\Illuminate\\Foundation\\Http\\Kernel.php(190): Illuminate\\Routing\\Router->dispatch(Object(Illuminate\\Http\\Request))
#20 C:\\xampp\\htdocs\\LARAVEL\\API-CRUD-APP\\vendor\\laravel\\framework\\src\\Illuminate\\Pipeline\\Pipeline.php(141): Illuminate\\Foundation\\Http\\Kernel->Illuminate\\Foundation\\Http\\{closure}(Object(Illuminate\\Http\\Request))
#21 C:\\xampp\\htdocs\\LARAVEL\\API-CRUD-APP\\vendor\\laravel\\framework\\src\\Illuminate\\Foundation\\Http\\Middleware\\TransformsRequest.php(21): Illuminate\\Pipeline\\Pipeline->Illuminate\\Pipeline\\{closure}(Object(Illuminate\\Http\\Request))
#22 C:\\xampp\\htdocs\\LARAVEL\\API-CRUD-APP\\vendor\\laravel\\framework\\src\\Illuminate\\Foundation\\Http\\Middleware\\ConvertEmptyStringsToNull.php(31): Illuminate\\Foundation\\Http\\Middleware\\TransformsRequest->handle(Object(Illuminate\\Http\\Request), Object(Closure))
#23 C:\\xampp\\htdocs\\LARAVEL\\API-CRUD-APP\\vendor\\laravel\\framework\\src\\Illuminate\\Pipeline\\Pipeline.php(180): Illuminate\\Foundation\\Http\\Middleware\\ConvertEmptyStringsToNull->handle(Object(Illuminate\\Http\\Request), Object(Closure))
#24 C:\\xampp\\htdocs\\LARAVEL\\API-CRUD-APP\\vendor\\laravel\\framework\\src\\Illuminate\\Foundation\\Http\\Middleware\\TransformsRequest.php(21): Illuminate\\Pipeline\\Pipeline->Illuminate\\Pipeline\\{closure}(Object(Illuminate\\Http\\Request))
#25 C:\\xampp\\htdocs\\LARAVEL\\API-CRUD-APP\\vendor\\laravel\\framework\\src\\Illuminate\\Foundation\\Http\\Middleware\\TrimStrings.php(40): Illuminate\\Foundation\\Http\\Middleware\\TransformsRequest->handle(Object(Illuminate\\Http\\Request), Object(Closure))
#26 C:\\xampp\\htdocs\\LARAVEL\\API-CRUD-APP\\vendor\\laravel\\framework\\src\\Illuminate\\Pipeline\\Pipeline.php(180): Illuminate\\Foundation\\Http\\Middleware\\TrimStrings->handle(Object(Illuminate\\Http\\Request), Object(Closure))
#27 C:\\xampp\\htdocs\\LARAVEL\\API-CRUD-APP\\vendor\\laravel\\framework\\src\\Illuminate\\Foundation\\Http\\Middleware\\ValidatePostSize.php(27): Illuminate\\Pipeline\\Pipeline->Illuminate\\Pipeline\\{closure}(Object(Illuminate\\Http\\Request))
#28 C:\\xampp\\htdocs\\LARAVEL\\API-CRUD-APP\\vendor\\laravel\\framework\\src\\Illuminate\\Pipeline\\Pipeline.php(180): Illuminate\\Foundation\\Http\\Middleware\\ValidatePostSize->handle(Object(Illuminate\\Http\\Request), Object(Closure))
#29 C:\\xampp\\htdocs\\LARAVEL\\API-CRUD-APP\\vendor\\laravel\\framework\\src\\Illuminate\\Foundation\\Http\\Middleware\\PreventRequestsDuringMaintenance.php(86): Illuminate\\Pipeline\\Pipeline->Illuminate\\Pipeline\\{closure}(Object(Illuminate\\Http\\Request))
#30 C:\\xampp\\htdocs\\LARAVEL\\API-CRUD-APP\\vendor\\laravel\\framework\\src\\Illuminate\\Pipeline\\Pipeline.php(180): Illuminate\\Foundation\\Http\\Middleware\\PreventRequestsDuringMaintenance->handle(Object(Illuminate\\Http\\Request), Object(Closure))
#31 C:\\xampp\\htdocs\\LARAVEL\\API-CRUD-APP\\vendor\\laravel\\framework\\src\\Illuminate\\Http\\Middleware\\HandleCors.php(62): Illuminate\\Pipeline\\Pipeline->Illuminate\\Pipeline\\{closure}(Object(Illuminate\\Http\\Request))
#32 C:\\xampp\\htdocs\\LARAVEL\\API-CRUD-APP\\vendor\\laravel\\framework\\src\\Illuminate\\Pipeline\\Pipeline.php(180): Illuminate\\Http\\Middleware\\HandleCors->handle(Object(Illuminate\\Http\\Request), Object(Closure))
#33 C:\\xampp\\htdocs\\LARAVEL\\API-CRUD-APP\\vendor\\laravel\\framework\\src\\Illuminate\\Http\\Middleware\\TrustProxies.php(39): Illuminate\\Pipeline\\Pipeline->Illuminate\\Pipeline\\{closure}(Object(Illuminate\\Http\\Request))
#34 C:\\xampp\\htdocs\\LARAVEL\\API-CRUD-APP\\vendor\\laravel\\framework\\src\\Illuminate\\Pipeline\\Pipeline.php(180): Illuminate\\Http\\Middleware\\TrustProxies->handle(Object(Illuminate\\Http\\Request), Object(Closure))
#35 C:\\xampp\\htdocs\\LARAVEL\\API-CRUD-APP\\vendor\\laravel\\framework\\src\\Illuminate\\Pipeline\\Pipeline.php(116): Illuminate\\Pipeline\\Pipeline->Illuminate\\Pipeline\\{closure}(Object(Illuminate\\Http\\Request))
#36 C:\\xampp\\htdocs\\LARAVEL\\API-CRUD-APP\\vendor\\laravel\\framework\\src\\Illuminate\\Foundation\\Http\\Kernel.php(165): Illuminate\\Pipeline\\Pipeline->then(Object(Closure))
#37 C:\\xampp\\htdocs\\LARAVEL\\API-CRUD-APP\\vendor\\laravel\\framework\\src\\Illuminate\\Foundation\\Http\\Kernel.php(134): Illuminate\\Foundation\\Http\\Kernel->sendRequestThroughRouter(Object(Illuminate\\Http\\Request))
#38 C:\\xampp\\htdocs\\LARAVEL\\API-CRUD-APP\\public\\index.php(52): Illuminate\\Foundation\\Http\\Kernel->handle(Object(Illuminate\\Http\\Request))
#39 C:\\xampp\\htdocs\\LARAVEL\\API-CRUD-APP\\vendor\\laravel\\framework\\src\\Illuminate\\Foundation\\resources\\server.php(16): require_once('C:\\\\xampp\\\\htdocs...')
#40 {main}
"} 
[2024-10-04 06:15:08] local.ERROR: SQLSTATE[42S22]: Column not found: 1054 Unknown column 'updated_at' in 'field list' (SQL: insert into `users` (`updated_at`, `created_at`) values (2024-10-04 06:15:08, 2024-10-04 06:15:08)) {"exception":"[object] (Illuminate\\Database\\QueryException(code: 42S22): SQLSTATE[42S22]: Column not found: 1054 Unknown column 'updated_at' in 'field list' (SQL: insert into `users` (`updated_at`, `created_at`) values (2024-10-04 06:15:08, 2024-10-04 06:15:08)) at C:\\xampp\\htdocs\\LARAVEL\\API-CRUD-APP\\vendor\\laravel\\framework\\src\\Illuminate\\Database\\Connection.php:760)
[stacktrace]
#0 C:\\xampp\\htdocs\\LARAVEL\\API-CRUD-APP\\vendor\\laravel\\framework\\src\\Illuminate\\Database\\Connection.php(720): Illuminate\\Database\\Connection->runQueryCallback('insert into `us...', Array, Object(Closure))
#1 C:\\xampp\\htdocs\\LARAVEL\\API-CRUD-APP\\vendor\\laravel\\framework\\src\\Illuminate\\Database\\Connection.php(546): Illuminate\\Database\\Connection->run('insert into `us...', Array, Object(Closure))
#2 C:\\xampp\\htdocs\\LARAVEL\\API-CRUD-APP\\vendor\\laravel\\framework\\src\\Illuminate\\Database\\Connection.php(498): Illuminate\\Database\\Connection->statement('insert into `us...', Array)
#3 C:\\xampp\\htdocs\\LARAVEL\\API-CRUD-APP\\vendor\\laravel\\framework\\src\\Illuminate\\Database\\Query\\Processors\\Processor.php(32): Illuminate\\Database\\Connection->insert('insert into `us...', Array)
#4 C:\\xampp\\htdocs\\LARAVEL\\API-CRUD-APP\\vendor\\laravel\\framework\\src\\Illuminate\\Database\\Query\\Builder.php(3322): Illuminate\\Database\\Query\\Processors\\Processor->processInsertGetId(Object(Illuminate\\Database\\Query\\Builder), 'insert into `us...', Array, 'id')
#5 C:\\xampp\\htdocs\\LARAVEL\\API-CRUD-APP\\vendor\\laravel\\framework\\src\\Illuminate\\Database\\Eloquent\\Builder.php(1869): Illuminate\\Database\\Query\\Builder->insertGetId(Array, 'id')
#6 C:\\xampp\\htdocs\\LARAVEL\\API-CRUD-APP\\vendor\\laravel\\framework\\src\\Illuminate\\Database\\Eloquent\\Model.php(1330): Illuminate\\Database\\Eloquent\\Builder->__call('insertGetId', Array)
#7 C:\\xampp\\htdocs\\LARAVEL\\API-CRUD-APP\\vendor\\laravel\\framework\\src\\Illuminate\\Database\\Eloquent\\Model.php(1295): Illuminate\\Database\\Eloquent\\Model->insertAndSetId(Object(Illuminate\\Database\\Eloquent\\Builder), Array)
#8 C:\\xampp\\htdocs\\LARAVEL\\API-CRUD-APP\\vendor\\laravel\\framework\\src\\Illuminate\\Database\\Eloquent\\Model.php(1138): Illuminate\\Database\\Eloquent\\Model->performInsert(Object(Illuminate\\Database\\Eloquent\\Builder))
#9 C:\\xampp\\htdocs\\LARAVEL\\API-CRUD-APP\\app\\Http\\Controllers\\UserController.php(82): Illuminate\\Database\\Eloquent\\Model->save(Array)
#10 C:\\xampp\\htdocs\\LARAVEL\\API-CRUD-APP\\vendor\\laravel\\framework\\src\\Illuminate\\Routing\\Controller.php(54): App\\Http\\Controllers\\UserController->register(Object(Illuminate\\Http\\Request))
#11 C:\\xampp\\htdocs\\LARAVEL\\API-CRUD-APP\\vendor\\laravel\\framework\\src\\Illuminate\\Routing\\ControllerDispatcher.php(43): Illuminate\\Routing\\Controller->callAction('register', Array)
#12 C:\\xampp\\htdocs\\LARAVEL\\API-CRUD-APP\\vendor\\laravel\\framework\\src\\Illuminate\\Routing\\Route.php(260): Illuminate\\Routing\\ControllerDispatcher->dispatch(Object(Illuminate\\Routing\\Route), Object(App\\Http\\Controllers\\UserController), 'register')
#13 C:\\xampp\\htdocs\\LARAVEL\\API-CRUD-APP\\vendor\\laravel\\framework\\src\\Illuminate\\Routing\\Route.php(205): Illuminate\\Routing\\Route->runController()
#14 C:\\xampp\\htdocs\\LARAVEL\\API-CRUD-APP\\vendor\\laravel\\framework\\src\\Illuminate\\Routing\\Router.php(798): Illuminate\\Routing\\Route->run()
#15 C:\\xampp\\htdocs\\LARAVEL\\API-CRUD-APP\\vendor\\laravel\\framework\\src\\Illuminate\\Pipeline\\Pipeline.php(141): Illuminate\\Routing\\Router->Illuminate\\Routing\\{closure}(Object(Illuminate\\Http\\Request))
#16 C:\\xampp\\htdocs\\LARAVEL\\API-CRUD-APP\\vendor\\laravel\\framework\\src\\Illuminate\\Routing\\Middleware\\SubstituteBindings.php(50): Illuminate\\Pipeline\\Pipeline->Illuminate\\Pipeline\\{closure}(Object(Illuminate\\Http\\Request))
#17 C:\\xampp\\htdocs\\LARAVEL\\API-CRUD-APP\\vendor\\laravel\\framework\\src\\Illuminate\\Pipeline\\Pipeline.php(180): Illuminate\\Routing\\Middleware\\SubstituteBindings->handle(Object(Illuminate\\Http\\Request), Object(Closure))
#18 C:\\xampp\\htdocs\\LARAVEL\\API-CRUD-APP\\vendor\\laravel\\framework\\src\\Illuminate\\Routing\\Middleware\\ThrottleRequests.php(126): Illuminate\\Pipeline\\Pipeline->Illuminate\\Pipeline\\{closure}(Object(Illuminate\\Http\\Request))
#19 C:\\xampp\\htdocs\\LARAVEL\\API-CRUD-APP\\vendor\\laravel\\framework\\src\\Illuminate\\Routing\\Middleware\\ThrottleRequests.php(102): Illuminate\\Routing\\Middleware\\ThrottleRequests->handleRequest(Object(Illuminate\\Http\\Request), Object(Closure), Array)
#20 C:\\xampp\\htdocs\\LARAVEL\\API-CRUD-APP\\vendor\\laravel\\framework\\src\\Illuminate\\Routing\\Middleware\\ThrottleRequests.php(54): Illuminate\\Routing\\Middleware\\ThrottleRequests->handleRequestUsingNamedLimiter(Object(Illuminate\\Http\\Request), Object(Closure), 'api', Object(Closure))
#21 C:\\xampp\\htdocs\\LARAVEL\\API-CRUD-APP\\vendor\\laravel\\framework\\src\\Illuminate\\Pipeline\\Pipeline.php(180): Illuminate\\Routing\\Middleware\\ThrottleRequests->handle(Object(Illuminate\\Http\\Request), Object(Closure), 'api')
#22 C:\\xampp\\htdocs\\LARAVEL\\API-CRUD-APP\\vendor\\laravel\\framework\\src\\Illuminate\\Pipeline\\Pipeline.php(116): Illuminate\\Pipeline\\Pipeline->Illuminate\\Pipeline\\{closure}(Object(Illuminate\\Http\\Request))
#23 C:\\xampp\\htdocs\\LARAVEL\\API-CRUD-APP\\vendor\\laravel\\framework\\src\\Illuminate\\Routing\\Router.php(799): Illuminate\\Pipeline\\Pipeline->then(Object(Closure))
#24 C:\\xampp\\htdocs\\LARAVEL\\API-CRUD-APP\\vendor\\laravel\\framework\\src\\Illuminate\\Routing\\Router.php(776): Illuminate\\Routing\\Router->runRouteWithinStack(Object(Illuminate\\Routing\\Route), Object(Illuminate\\Http\\Request))
#25 C:\\xampp\\htdocs\\LARAVEL\\API-CRUD-APP\\vendor\\laravel\\framework\\src\\Illuminate\\Routing\\Router.php(740): Illuminate\\Routing\\Router->runRoute(Object(Illuminate\\Http\\Request), Object(Illuminate\\Routing\\Route))
#26 C:\\xampp\\htdocs\\LARAVEL\\API-CRUD-APP\\vendor\\laravel\\framework\\src\\Illuminate\\Routing\\Router.php(729): Illuminate\\Routing\\Router->dispatchToRoute(Object(Illuminate\\Http\\Request))
#27 C:\\xampp\\htdocs\\LARAVEL\\API-CRUD-APP\\vendor\\laravel\\framework\\src\\Illuminate\\Foundation\\Http\\Kernel.php(190): Illuminate\\Routing\\Router->dispatch(Object(Illuminate\\Http\\Request))
#28 C:\\xampp\\htdocs\\LARAVEL\\API-CRUD-APP\\vendor\\laravel\\framework\\src\\Illuminate\\Pipeline\\Pipeline.php(141): Illuminate\\Foundation\\Http\\Kernel->Illuminate\\Foundation\\Http\\{closure}(Object(Illuminate\\Http\\Request))
#29 C:\\xampp\\htdocs\\LARAVEL\\API-CRUD-APP\\vendor\\laravel\\framework\\src\\Illuminate\\Foundation\\Http\\Middleware\\TransformsRequest.php(21): Illuminate\\Pipeline\\Pipeline->Illuminate\\Pipeline\\{closure}(Object(Illuminate\\Http\\Request))
#30 C:\\xampp\\htdocs\\LARAVEL\\API-CRUD-APP\\vendor\\laravel\\framework\\src\\Illuminate\\Foundation\\Http\\Middleware\\ConvertEmptyStringsToNull.php(31): Illuminate\\Foundation\\Http\\Middleware\\TransformsRequest->handle(Object(Illuminate\\Http\\Request), Object(Closure))
#31 C:\\xampp\\htdocs\\LARAVEL\\API-CRUD-APP\\vendor\\laravel\\framework\\src\\Illuminate\\Pipeline\\Pipeline.php(180): Illuminate\\Foundation\\Http\\Middleware\\ConvertEmptyStringsToNull->handle(Object(Illuminate\\Http\\Request), Object(Closure))
#32 C:\\xampp\\htdocs\\LARAVEL\\API-CRUD-APP\\vendor\\laravel\\framework\\src\\Illuminate\\Foundation\\Http\\Middleware\\TransformsRequest.php(21): Illuminate\\Pipeline\\Pipeline->Illuminate\\Pipeline\\{closure}(Object(Illuminate\\Http\\Request))
#33 C:\\xampp\\htdocs\\LARAVEL\\API-CRUD-APP\\vendor\\laravel\\framework\\src\\Illuminate\\Foundation\\Http\\Middleware\\TrimStrings.php(40): Illuminate\\Foundation\\Http\\Middleware\\TransformsRequest->handle(Object(Illuminate\\Http\\Request), Object(Closure))
#34 C:\\xampp\\htdocs\\LARAVEL\\API-CRUD-APP\\vendor\\laravel\\framework\\src\\Illuminate\\Pipeline\\Pipeline.php(180): Illuminate\\Foundation\\Http\\Middleware\\TrimStrings->handle(Object(Illuminate\\Http\\Request), Object(Closure))
#35 C:\\xampp\\htdocs\\LARAVEL\\API-CRUD-APP\\vendor\\laravel\\framework\\src\\Illuminate\\Foundation\\Http\\Middleware\\ValidatePostSize.php(27): Illuminate\\Pipeline\\Pipeline->Illuminate\\Pipeline\\{closure}(Object(Illuminate\\Http\\Request))
#36 C:\\xampp\\htdocs\\LARAVEL\\API-CRUD-APP\\vendor\\laravel\\framework\\src\\Illuminate\\Pipeline\\Pipeline.php(180): Illuminate\\Foundation\\Http\\Middleware\\ValidatePostSize->handle(Object(Illuminate\\Http\\Request), Object(Closure))
#37 C:\\xampp\\htdocs\\LARAVEL\\API-CRUD-APP\\vendor\\laravel\\framework\\src\\Illuminate\\Foundation\\Http\\Middleware\\PreventRequestsDuringMaintenance.php(86): Illuminate\\Pipeline\\Pipeline->Illuminate\\Pipeline\\{closure}(Object(Illuminate\\Http\\Request))
#38 C:\\xampp\\htdocs\\LARAVEL\\API-CRUD-APP\\vendor\\laravel\\framework\\src\\Illuminate\\Pipeline\\Pipeline.php(180): Illuminate\\Foundation\\Http\\Middleware\\PreventRequestsDuringMaintenance->handle(Object(Illuminate\\Http\\Request), Object(Closure))
#39 C:\\xampp\\htdocs\\LARAVEL\\API-CRUD-APP\\vendor\\laravel\\framework\\src\\Illuminate\\Http\\Middleware\\HandleCors.php(62): Illuminate\\Pipeline\\Pipeline->Illuminate\\Pipeline\\{closure}(Object(Illuminate\\Http\\Request))
#40 C:\\xampp\\htdocs\\LARAVEL\\API-CRUD-APP\\vendor\\laravel\\framework\\src\\Illuminate\\Pipeline\\Pipeline.php(180): Illuminate\\Http\\Middleware\\HandleCors->handle(Object(Illuminate\\Http\\Request), Object(Closure))
#41 C:\\xampp\\htdocs\\LARAVEL\\API-CRUD-APP\\vendor\\laravel\\framework\\src\\Illuminate\\Http\\Middleware\\TrustProxies.php(39): Illuminate\\Pipeline\\Pipeline->Illuminate\\Pipeline\\{closure}(Object(Illuminate\\Http\\Request))
#42 C:\\xampp\\htdocs\\LARAVEL\\API-CRUD-APP\\vendor\\laravel\\framework\\src\\Illuminate\\Pipeline\\Pipeline.php(180): Illuminate\\Http\\Middleware\\TrustProxies->handle(Object(Illuminate\\Http\\Request), Object(Closure))
#43 C:\\xampp\\htdocs\\LARAVEL\\API-CRUD-APP\\vendor\\laravel\\framework\\src\\Illuminate\\Pipeline\\Pipeline.php(116): Illuminate\\Pipeline\\Pipeline->Illuminate\\Pipeline\\{closure}(Object(Illuminate\\Http\\Request))
#44 C:\\xampp\\htdocs\\LARAVEL\\API-CRUD-APP\\vendor\\laravel\\framework\\src\\Illuminate\\Foundation\\Http\\Kernel.php(165): Illuminate\\Pipeline\\Pipeline->then(Object(Closure))
#45 C:\\xampp\\htdocs\\LARAVEL\\API-CRUD-APP\\vendor\\laravel\\framework\\src\\Illuminate\\Foundation\\Http\\Kernel.php(134): Illuminate\\Foundation\\Http\\Kernel->sendRequestThroughRouter(Object(Illuminate\\Http\\Request))
#46 C:\\xampp\\htdocs\\LARAVEL\\API-CRUD-APP\\public\\index.php(52): Illuminate\\Foundation\\Http\\Kernel->handle(Object(Illuminate\\Http\\Request))
#47 C:\\xampp\\htdocs\\LARAVEL\\API-CRUD-APP\\vendor\\laravel\\framework\\src\\Illuminate\\Foundation\\resources\\server.php(16): require_once('C:\\\\xampp\\\\htdocs...')
#48 {main}

[previous exception] [object] (PDOException(code: 42S22): SQLSTATE[42S22]: Column not found: 1054 Unknown column 'updated_at' in 'field list' at C:\\xampp\\htdocs\\LARAVEL\\API-CRUD-APP\\vendor\\laravel\\framework\\src\\Illuminate\\Database\\Connection.php:539)
[stacktrace]
#0 C:\\xampp\\htdocs\\LARAVEL\\API-CRUD-APP\\vendor\\laravel\\framework\\src\\Illuminate\\Database\\Connection.php(539): PDO->prepare('insert into `us...')
#1 C:\\xampp\\htdocs\\LARAVEL\\API-CRUD-APP\\vendor\\laravel\\framework\\src\\Illuminate\\Database\\Connection.php(753): Illuminate\\Database\\Connection->Illuminate\\Database\\{closure}('insert into `us...', Array)
#2 C:\\xampp\\htdocs\\LARAVEL\\API-CRUD-APP\\vendor\\laravel\\framework\\src\\Illuminate\\Database\\Connection.php(720): Illuminate\\Database\\Connection->runQueryCallback('insert into `us...', Array, Object(Closure))
#3 C:\\xampp\\htdocs\\LARAVEL\\API-CRUD-APP\\vendor\\laravel\\framework\\src\\Illuminate\\Database\\Connection.php(546): Illuminate\\Database\\Connection->run('insert into `us...', Array, Object(Closure))
#4 C:\\xampp\\htdocs\\LARAVEL\\API-CRUD-APP\\vendor\\laravel\\framework\\src\\Illuminate\\Database\\Connection.php(498): Illuminate\\Database\\Connection->statement('insert into `us...', Array)
#5 C:\\xampp\\htdocs\\LARAVEL\\API-CRUD-APP\\vendor\\laravel\\framework\\src\\Illuminate\\Database\\Query\\Processors\\Processor.php(32): Illuminate\\Database\\Connection->insert('insert into `us...', Array)
#6 C:\\xampp\\htdocs\\LARAVEL\\API-CRUD-APP\\vendor\\laravel\\framework\\src\\Illuminate\\Database\\Query\\Builder.php(3322): Illuminate\\Database\\Query\\Processors\\Processor->processInsertGetId(Object(Illuminate\\Database\\Query\\Builder), 'insert into `us...', Array, 'id')
#7 C:\\xampp\\htdocs\\LARAVEL\\API-CRUD-APP\\vendor\\laravel\\framework\\src\\Illuminate\\Database\\Eloquent\\Builder.php(1869): Illuminate\\Database\\Query\\Builder->insertGetId(Array, 'id')
#8 C:\\xampp\\htdocs\\LARAVEL\\API-CRUD-APP\\vendor\\laravel\\framework\\src\\Illuminate\\Database\\Eloquent\\Model.php(1330): Illuminate\\Database\\Eloquent\\Builder->__call('insertGetId', Array)
#9 C:\\xampp\\htdocs\\LARAVEL\\API-CRUD-APP\\vendor\\laravel\\framework\\src\\Illuminate\\Database\\Eloquent\\Model.php(1295): Illuminate\\Database\\Eloquent\\Model->insertAndSetId(Object(Illuminate\\Database\\Eloquent\\Builder), Array)
#10 C:\\xampp\\htdocs\\LARAVEL\\API-CRUD-APP\\vendor\\laravel\\framework\\src\\Illuminate\\Database\\Eloquent\\Model.php(1138): Illuminate\\Database\\Eloquent\\Model->performInsert(Object(Illuminate\\Database\\Eloquent\\Builder))
#11 C:\\xampp\\htdocs\\LARAVEL\\API-CRUD-APP\\app\\Http\\Controllers\\UserController.php(82): Illuminate\\Database\\Eloquent\\Model->save(Array)
#12 C:\\xampp\\htdocs\\LARAVEL\\API-CRUD-APP\\vendor\\laravel\\framework\\src\\Illuminate\\Routing\\Controller.php(54): App\\Http\\Controllers\\UserController->register(Object(Illuminate\\Http\\Request))
#13 C:\\xampp\\htdocs\\LARAVEL\\API-CRUD-APP\\vendor\\laravel\\framework\\src\\Illuminate\\Routing\\ControllerDispatcher.php(43): Illuminate\\Routing\\Controller->callAction('register', Array)
#14 C:\\xampp\\htdocs\\LARAVEL\\API-CRUD-APP\\vendor\\laravel\\framework\\src\\Illuminate\\Routing\\Route.php(260): Illuminate\\Routing\\ControllerDispatcher->dispatch(Object(Illuminate\\Routing\\Route), Object(App\\Http\\Controllers\\UserController), 'register')
#15 C:\\xampp\\htdocs\\LARAVEL\\API-CRUD-APP\\vendor\\laravel\\framework\\src\\Illuminate\\Routing\\Route.php(205): Illuminate\\Routing\\Route->runController()
#16 C:\\xampp\\htdocs\\LARAVEL\\API-CRUD-APP\\vendor\\laravel\\framework\\src\\Illuminate\\Routing\\Router.php(798): Illuminate\\Routing\\Route->run()
#17 C:\\xampp\\htdocs\\LARAVEL\\API-CRUD-APP\\vendor\\laravel\\framework\\src\\Illuminate\\Pipeline\\Pipeline.php(141): Illuminate\\Routing\\Router->Illuminate\\Routing\\{closure}(Object(Illuminate\\Http\\Request))
#18 C:\\xampp\\htdocs\\LARAVEL\\API-CRUD-APP\\vendor\\laravel\\framework\\src\\Illuminate\\Routing\\Middleware\\SubstituteBindings.php(50): Illuminate\\Pipeline\\Pipeline->Illuminate\\Pipeline\\{closure}(Object(Illuminate\\Http\\Request))
#19 C:\\xampp\\htdocs\\LARAVEL\\API-CRUD-APP\\vendor\\laravel\\framework\\src\\Illuminate\\Pipeline\\Pipeline.php(180): Illuminate\\Routing\\Middleware\\SubstituteBindings->handle(Object(Illuminate\\Http\\Request), Object(Closure))
#20 C:\\xampp\\htdocs\\LARAVEL\\API-CRUD-APP\\vendor\\laravel\\framework\\src\\Illuminate\\Routing\\Middleware\\ThrottleRequests.php(126): Illuminate\\Pipeline\\Pipeline->Illuminate\\Pipeline\\{closure}(Object(Illuminate\\Http\\Request))
#21 C:\\xampp\\htdocs\\LARAVEL\\API-CRUD-APP\\vendor\\laravel\\framework\\src\\Illuminate\\Routing\\Middleware\\ThrottleRequests.php(102): Illuminate\\Routing\\Middleware\\ThrottleRequests->handleRequest(Object(Illuminate\\Http\\Request), Object(Closure), Array)
#22 C:\\xampp\\htdocs\\LARAVEL\\API-CRUD-APP\\vendor\\laravel\\framework\\src\\Illuminate\\Routing\\Middleware\\ThrottleRequests.php(54): Illuminate\\Routing\\Middleware\\ThrottleRequests->handleRequestUsingNamedLimiter(Object(Illuminate\\Http\\Request), Object(Closure), 'api', Object(Closure))
#23 C:\\xampp\\htdocs\\LARAVEL\\API-CRUD-APP\\vendor\\laravel\\framework\\src\\Illuminate\\Pipeline\\Pipeline.php(180): Illuminate\\Routing\\Middleware\\ThrottleRequests->handle(Object(Illuminate\\Http\\Request), Object(Closure), 'api')
#24 C:\\xampp\\htdocs\\LARAVEL\\API-CRUD-APP\\vendor\\laravel\\framework\\src\\Illuminate\\Pipeline\\Pipeline.php(116): Illuminate\\Pipeline\\Pipeline->Illuminate\\Pipeline\\{closure}(Object(Illuminate\\Http\\Request))
#25 C:\\xampp\\htdocs\\LARAVEL\\API-CRUD-APP\\vendor\\laravel\\framework\\src\\Illuminate\\Routing\\Router.php(799): Illuminate\\Pipeline\\Pipeline->then(Object(Closure))
#26 C:\\xampp\\htdocs\\LARAVEL\\API-CRUD-APP\\vendor\\laravel\\framework\\src\\Illuminate\\Routing\\Router.php(776): Illuminate\\Routing\\Router->runRouteWithinStack(Object(Illuminate\\Routing\\Route), Object(Illuminate\\Http\\Request))
#27 C:\\xampp\\htdocs\\LARAVEL\\API-CRUD-APP\\vendor\\laravel\\framework\\src\\Illuminate\\Routing\\Router.php(740): Illuminate\\Routing\\Router->runRoute(Object(Illuminate\\Http\\Request), Object(Illuminate\\Routing\\Route))
#28 C:\\xampp\\htdocs\\LARAVEL\\API-CRUD-APP\\vendor\\laravel\\framework\\src\\Illuminate\\Routing\\Router.php(729): Illuminate\\Routing\\Router->dispatchToRoute(Object(Illuminate\\Http\\Request))
#29 C:\\xampp\\htdocs\\LARAVEL\\API-CRUD-APP\\vendor\\laravel\\framework\\src\\Illuminate\\Foundation\\Http\\Kernel.php(190): Illuminate\\Routing\\Router->dispatch(Object(Illuminate\\Http\\Request))
#30 C:\\xampp\\htdocs\\LARAVEL\\API-CRUD-APP\\vendor\\laravel\\framework\\src\\Illuminate\\Pipeline\\Pipeline.php(141): Illuminate\\Foundation\\Http\\Kernel->Illuminate\\Foundation\\Http\\{closure}(Object(Illuminate\\Http\\Request))
#31 C:\\xampp\\htdocs\\LARAVEL\\API-CRUD-APP\\vendor\\laravel\\framework\\src\\Illuminate\\Foundation\\Http\\Middleware\\TransformsRequest.php(21): Illuminate\\Pipeline\\Pipeline->Illuminate\\Pipeline\\{closure}(Object(Illuminate\\Http\\Request))
#32 C:\\xampp\\htdocs\\LARAVEL\\API-CRUD-APP\\vendor\\laravel\\framework\\src\\Illuminate\\Foundation\\Http\\Middleware\\ConvertEmptyStringsToNull.php(31): Illuminate\\Foundation\\Http\\Middleware\\TransformsRequest->handle(Object(Illuminate\\Http\\Request), Object(Closure))
#33 C:\\xampp\\htdocs\\LARAVEL\\API-CRUD-APP\\vendor\\laravel\\framework\\src\\Illuminate\\Pipeline\\Pipeline.php(180): Illuminate\\Foundation\\Http\\Middleware\\ConvertEmptyStringsToNull->handle(Object(Illuminate\\Http\\Request), Object(Closure))
#34 C:\\xampp\\htdocs\\LARAVEL\\API-CRUD-APP\\vendor\\laravel\\framework\\src\\Illuminate\\Foundation\\Http\\Middleware\\TransformsRequest.php(21): Illuminate\\Pipeline\\Pipeline->Illuminate\\Pipeline\\{closure}(Object(Illuminate\\Http\\Request))
#35 C:\\xampp\\htdocs\\LARAVEL\\API-CRUD-APP\\vendor\\laravel\\framework\\src\\Illuminate\\Foundation\\Http\\Middleware\\TrimStrings.php(40): Illuminate\\Foundation\\Http\\Middleware\\TransformsRequest->handle(Object(Illuminate\\Http\\Request), Object(Closure))
#36 C:\\xampp\\htdocs\\LARAVEL\\API-CRUD-APP\\vendor\\laravel\\framework\\src\\Illuminate\\Pipeline\\Pipeline.php(180): Illuminate\\Foundation\\Http\\Middleware\\TrimStrings->handle(Object(Illuminate\\Http\\Request), Object(Closure))
#37 C:\\xampp\\htdocs\\LARAVEL\\API-CRUD-APP\\vendor\\laravel\\framework\\src\\Illuminate\\Foundation\\Http\\Middleware\\ValidatePostSize.php(27): Illuminate\\Pipeline\\Pipeline->Illuminate\\Pipeline\\{closure}(Object(Illuminate\\Http\\Request))
#38 C:\\xampp\\htdocs\\LARAVEL\\API-CRUD-APP\\vendor\\laravel\\framework\\src\\Illuminate\\Pipeline\\Pipeline.php(180): Illuminate\\Foundation\\Http\\Middleware\\ValidatePostSize->handle(Object(Illuminate\\Http\\Request), Object(Closure))
#39 C:\\xampp\\htdocs\\LARAVEL\\API-CRUD-APP\\vendor\\laravel\\framework\\src\\Illuminate\\Foundation\\Http\\Middleware\\PreventRequestsDuringMaintenance.php(86): Illuminate\\Pipeline\\Pipeline->Illuminate\\Pipeline\\{closure}(Object(Illuminate\\Http\\Request))
#40 C:\\xampp\\htdocs\\LARAVEL\\API-CRUD-APP\\vendor\\laravel\\framework\\src\\Illuminate\\Pipeline\\Pipeline.php(180): Illuminate\\Foundation\\Http\\Middleware\\PreventRequestsDuringMaintenance->handle(Object(Illuminate\\Http\\Request), Object(Closure))
#41 C:\\xampp\\htdocs\\LARAVEL\\API-CRUD-APP\\vendor\\laravel\\framework\\src\\Illuminate\\Http\\Middleware\\HandleCors.php(62): Illuminate\\Pipeline\\Pipeline->Illuminate\\Pipeline\\{closure}(Object(Illuminate\\Http\\Request))
#42 C:\\xampp\\htdocs\\LARAVEL\\API-CRUD-APP\\vendor\\laravel\\framework\\src\\Illuminate\\Pipeline\\Pipeline.php(180): Illuminate\\Http\\Middleware\\HandleCors->handle(Object(Illuminate\\Http\\Request), Object(Closure))
#43 C:\\xampp\\htdocs\\LARAVEL\\API-CRUD-APP\\vendor\\laravel\\framework\\src\\Illuminate\\Http\\Middleware\\TrustProxies.php(39): Illuminate\\Pipeline\\Pipeline->Illuminate\\Pipeline\\{closure}(Object(Illuminate\\Http\\Request))
#44 C:\\xampp\\htdocs\\LARAVEL\\API-CRUD-APP\\vendor\\laravel\\framework\\src\\Illuminate\\Pipeline\\Pipeline.php(180): Illuminate\\Http\\Middleware\\TrustProxies->handle(Object(Illuminate\\Http\\Request), Object(Closure))
#45 C:\\xampp\\htdocs\\LARAVEL\\API-CRUD-APP\\vendor\\laravel\\framework\\src\\Illuminate\\Pipeline\\Pipeline.php(116): Illuminate\\Pipeline\\Pipeline->Illuminate\\Pipeline\\{closure}(Object(Illuminate\\Http\\Request))
#46 C:\\xampp\\htdocs\\LARAVEL\\API-CRUD-APP\\vendor\\laravel\\framework\\src\\Illuminate\\Foundation\\Http\\Kernel.php(165): Illuminate\\Pipeline\\Pipeline->then(Object(Closure))
#47 C:\\xampp\\htdocs\\LARAVEL\\API-CRUD-APP\\vendor\\laravel\\framework\\src\\Illuminate\\Foundation\\Http\\Kernel.php(134): Illuminate\\Foundation\\Http\\Kernel->sendRequestThroughRouter(Object(Illuminate\\Http\\Request))
#48 C:\\xampp\\htdocs\\LARAVEL\\API-CRUD-APP\\public\\index.php(52): Illuminate\\Foundation\\Http\\Kernel->handle(Object(Illuminate\\Http\\Request))
#49 C:\\xampp\\htdocs\\LARAVEL\\API-CRUD-APP\\vendor\\laravel\\framework\\src\\Illuminate\\Foundation\\resources\\server.php(16): require_once('C:\\\\xampp\\\\htdocs...')
#50 {main}
"} 
[2024-10-04 06:15:45] local.ERROR: SQLSTATE[42S22]: Column not found: 1054 Unknown column 'updated_at' in 'field list' (SQL: insert into `users` (`name`, `email`, `password`, `c_password`, `updated_at`, `created_at`) values (Dharam, Dharam@gmail.com, 1234, 1234, 2024-10-04 06:15:45, 2024-10-04 06:15:45)) {"exception":"[object] (Illuminate\\Database\\QueryException(code: 42S22): SQLSTATE[42S22]: Column not found: 1054 Unknown column 'updated_at' in 'field list' (SQL: insert into `users` (`name`, `email`, `password`, `c_password`, `updated_at`, `created_at`) values (Dharam, Dharam@gmail.com, 1234, 1234, 2024-10-04 06:15:45, 2024-10-04 06:15:45)) at C:\\xampp\\htdocs\\LARAVEL\\API-CRUD-APP\\vendor\\laravel\\framework\\src\\Illuminate\\Database\\Connection.php:760)
[stacktrace]
#0 C:\\xampp\\htdocs\\LARAVEL\\API-CRUD-APP\\vendor\\laravel\\framework\\src\\Illuminate\\Database\\Connection.php(720): Illuminate\\Database\\Connection->runQueryCallback('insert into `us...', Array, Object(Closure))
#1 C:\\xampp\\htdocs\\LARAVEL\\API-CRUD-APP\\vendor\\laravel\\framework\\src\\Illuminate\\Database\\Connection.php(546): Illuminate\\Database\\Connection->run('insert into `us...', Array, Object(Closure))
#2 C:\\xampp\\htdocs\\LARAVEL\\API-CRUD-APP\\vendor\\laravel\\framework\\src\\Illuminate\\Database\\Connection.php(498): Illuminate\\Database\\Connection->statement('insert into `us...', Array)
#3 C:\\xampp\\htdocs\\LARAVEL\\API-CRUD-APP\\vendor\\laravel\\framework\\src\\Illuminate\\Database\\Query\\Processors\\Processor.php(32): Illuminate\\Database\\Connection->insert('insert into `us...', Array)
#4 C:\\xampp\\htdocs\\LARAVEL\\API-CRUD-APP\\vendor\\laravel\\framework\\src\\Illuminate\\Database\\Query\\Builder.php(3322): Illuminate\\Database\\Query\\Processors\\Processor->processInsertGetId(Object(Illuminate\\Database\\Query\\Builder), 'insert into `us...', Array, 'id')
#5 C:\\xampp\\htdocs\\LARAVEL\\API-CRUD-APP\\vendor\\laravel\\framework\\src\\Illuminate\\Database\\Eloquent\\Builder.php(1869): Illuminate\\Database\\Query\\Builder->insertGetId(Array, 'id')
#6 C:\\xampp\\htdocs\\LARAVEL\\API-CRUD-APP\\vendor\\laravel\\framework\\src\\Illuminate\\Database\\Eloquent\\Model.php(1330): Illuminate\\Database\\Eloquent\\Builder->__call('insertGetId', Array)
#7 C:\\xampp\\htdocs\\LARAVEL\\API-CRUD-APP\\vendor\\laravel\\framework\\src\\Illuminate\\Database\\Eloquent\\Model.php(1295): Illuminate\\Database\\Eloquent\\Model->insertAndSetId(Object(Illuminate\\Database\\Eloquent\\Builder), Array)
#8 C:\\xampp\\htdocs\\LARAVEL\\API-CRUD-APP\\vendor\\laravel\\framework\\src\\Illuminate\\Database\\Eloquent\\Model.php(1138): Illuminate\\Database\\Eloquent\\Model->performInsert(Object(Illuminate\\Database\\Eloquent\\Builder))
#9 C:\\xampp\\htdocs\\LARAVEL\\API-CRUD-APP\\vendor\\laravel\\framework\\src\\Illuminate\\Database\\Eloquent\\Builder.php(986): Illuminate\\Database\\Eloquent\\Model->save()
#10 C:\\xampp\\htdocs\\LARAVEL\\API-CRUD-APP\\vendor\\laravel\\framework\\src\\Illuminate\\Support\\helpers.php(306): Illuminate\\Database\\Eloquent\\Builder->Illuminate\\Database\\Eloquent\\{closure}(Object(App\\Models\\User))
#11 C:\\xampp\\htdocs\\LARAVEL\\API-CRUD-APP\\vendor\\laravel\\framework\\src\\Illuminate\\Database\\Eloquent\\Builder.php(987): tap(Object(App\\Models\\User), Object(Closure))
#12 C:\\xampp\\htdocs\\LARAVEL\\API-CRUD-APP\\vendor\\laravel\\framework\\src\\Illuminate\\Support\\Traits\\ForwardsCalls.php(23): Illuminate\\Database\\Eloquent\\Builder->create(Array)
#13 C:\\xampp\\htdocs\\LARAVEL\\API-CRUD-APP\\vendor\\laravel\\framework\\src\\Illuminate\\Database\\Eloquent\\Model.php(2330): Illuminate\\Database\\Eloquent\\Model->forwardCallTo(Object(Illuminate\\Database\\Eloquent\\Builder), 'create', Array)
#14 C:\\xampp\\htdocs\\LARAVEL\\API-CRUD-APP\\app\\Http\\Controllers\\UserController.php(82): Illuminate\\Database\\Eloquent\\Model->__call('create', Array)
#15 C:\\xampp\\htdocs\\LARAVEL\\API-CRUD-APP\\vendor\\laravel\\framework\\src\\Illuminate\\Routing\\Controller.php(54): App\\Http\\Controllers\\UserController->register(Object(Illuminate\\Http\\Request))
#16 C:\\xampp\\htdocs\\LARAVEL\\API-CRUD-APP\\vendor\\laravel\\framework\\src\\Illuminate\\Routing\\ControllerDispatcher.php(43): Illuminate\\Routing\\Controller->callAction('register', Array)
#17 C:\\xampp\\htdocs\\LARAVEL\\API-CRUD-APP\\vendor\\laravel\\framework\\src\\Illuminate\\Routing\\Route.php(260): Illuminate\\Routing\\ControllerDispatcher->dispatch(Object(Illuminate\\Routing\\Route), Object(App\\Http\\Controllers\\UserController), 'register')
#18 C:\\xampp\\htdocs\\LARAVEL\\API-CRUD-APP\\vendor\\laravel\\framework\\src\\Illuminate\\Routing\\Route.php(205): Illuminate\\Routing\\Route->runController()
#19 C:\\xampp\\htdocs\\LARAVEL\\API-CRUD-APP\\vendor\\laravel\\framework\\src\\Illuminate\\Routing\\Router.php(798): Illuminate\\Routing\\Route->run()
#20 C:\\xampp\\htdocs\\LARAVEL\\API-CRUD-APP\\vendor\\laravel\\framework\\src\\Illuminate\\Pipeline\\Pipeline.php(141): Illuminate\\Routing\\Router->Illuminate\\Routing\\{closure}(Object(Illuminate\\Http\\Request))
#21 C:\\xampp\\htdocs\\LARAVEL\\API-CRUD-APP\\vendor\\laravel\\framework\\src\\Illuminate\\Routing\\Middleware\\SubstituteBindings.php(50): Illuminate\\Pipeline\\Pipeline->Illuminate\\Pipeline\\{closure}(Object(Illuminate\\Http\\Request))
#22 C:\\xampp\\htdocs\\LARAVEL\\API-CRUD-APP\\vendor\\laravel\\framework\\src\\Illuminate\\Pipeline\\Pipeline.php(180): Illuminate\\Routing\\Middleware\\SubstituteBindings->handle(Object(Illuminate\\Http\\Request), Object(Closure))
#23 C:\\xampp\\htdocs\\LARAVEL\\API-CRUD-APP\\vendor\\laravel\\framework\\src\\Illuminate\\Routing\\Middleware\\ThrottleRequests.php(126): Illuminate\\Pipeline\\Pipeline->Illuminate\\Pipeline\\{closure}(Object(Illuminate\\Http\\Request))
#24 C:\\xampp\\htdocs\\LARAVEL\\API-CRUD-APP\\vendor\\laravel\\framework\\src\\Illuminate\\Routing\\Middleware\\ThrottleRequests.php(102): Illuminate\\Routing\\Middleware\\ThrottleRequests->handleRequest(Object(Illuminate\\Http\\Request), Object(Closure), Array)
#25 C:\\xampp\\htdocs\\LARAVEL\\API-CRUD-APP\\vendor\\laravel\\framework\\src\\Illuminate\\Routing\\Middleware\\ThrottleRequests.php(54): Illuminate\\Routing\\Middleware\\ThrottleRequests->handleRequestUsingNamedLimiter(Object(Illuminate\\Http\\Request), Object(Closure), 'api', Object(Closure))
#26 C:\\xampp\\htdocs\\LARAVEL\\API-CRUD-APP\\vendor\\laravel\\framework\\src\\Illuminate\\Pipeline\\Pipeline.php(180): Illuminate\\Routing\\Middleware\\ThrottleRequests->handle(Object(Illuminate\\Http\\Request), Object(Closure), 'api')
#27 C:\\xampp\\htdocs\\LARAVEL\\API-CRUD-APP\\vendor\\laravel\\framework\\src\\Illuminate\\Pipeline\\Pipeline.php(116): Illuminate\\Pipeline\\Pipeline->Illuminate\\Pipeline\\{closure}(Object(Illuminate\\Http\\Request))
#28 C:\\xampp\\htdocs\\LARAVEL\\API-CRUD-APP\\vendor\\laravel\\framework\\src\\Illuminate\\Routing\\Router.php(799): Illuminate\\Pipeline\\Pipeline->then(Object(Closure))
#29 C:\\xampp\\htdocs\\LARAVEL\\API-CRUD-APP\\vendor\\laravel\\framework\\src\\Illuminate\\Routing\\Router.php(776): Illuminate\\Routing\\Router->runRouteWithinStack(Object(Illuminate\\Routing\\Route), Object(Illuminate\\Http\\Request))
#30 C:\\xampp\\htdocs\\LARAVEL\\API-CRUD-APP\\vendor\\laravel\\framework\\src\\Illuminate\\Routing\\Router.php(740): Illuminate\\Routing\\Router->runRoute(Object(Illuminate\\Http\\Request), Object(Illuminate\\Routing\\Route))
#31 C:\\xampp\\htdocs\\LARAVEL\\API-CRUD-APP\\vendor\\laravel\\framework\\src\\Illuminate\\Routing\\Router.php(729): Illuminate\\Routing\\Router->dispatchToRoute(Object(Illuminate\\Http\\Request))
#32 C:\\xampp\\htdocs\\LARAVEL\\API-CRUD-APP\\vendor\\laravel\\framework\\src\\Illuminate\\Foundation\\Http\\Kernel.php(190): Illuminate\\Routing\\Router->dispatch(Object(Illuminate\\Http\\Request))
#33 C:\\xampp\\htdocs\\LARAVEL\\API-CRUD-APP\\vendor\\laravel\\framework\\src\\Illuminate\\Pipeline\\Pipeline.php(141): Illuminate\\Foundation\\Http\\Kernel->Illuminate\\Foundation\\Http\\{closure}(Object(Illuminate\\Http\\Request))
#34 C:\\xampp\\htdocs\\LARAVEL\\API-CRUD-APP\\vendor\\laravel\\framework\\src\\Illuminate\\Foundation\\Http\\Middleware\\TransformsRequest.php(21): Illuminate\\Pipeline\\Pipeline->Illuminate\\Pipeline\\{closure}(Object(Illuminate\\Http\\Request))
#35 C:\\xampp\\htdocs\\LARAVEL\\API-CRUD-APP\\vendor\\laravel\\framework\\src\\Illuminate\\Foundation\\Http\\Middleware\\ConvertEmptyStringsToNull.php(31): Illuminate\\Foundation\\Http\\Middleware\\TransformsRequest->handle(Object(Illuminate\\Http\\Request), Object(Closure))
#36 C:\\xampp\\htdocs\\LARAVEL\\API-CRUD-APP\\vendor\\laravel\\framework\\src\\Illuminate\\Pipeline\\Pipeline.php(180): Illuminate\\Foundation\\Http\\Middleware\\ConvertEmptyStringsToNull->handle(Object(Illuminate\\Http\\Request), Object(Closure))
#37 C:\\xampp\\htdocs\\LARAVEL\\API-CRUD-APP\\vendor\\laravel\\framework\\src\\Illuminate\\Foundation\\Http\\Middleware\\TransformsRequest.php(21): Illuminate\\Pipeline\\Pipeline->Illuminate\\Pipeline\\{closure}(Object(Illuminate\\Http\\Request))
#38 C:\\xampp\\htdocs\\LARAVEL\\API-CRUD-APP\\vendor\\laravel\\framework\\src\\Illuminate\\Foundation\\Http\\Middleware\\TrimStrings.php(40): Illuminate\\Foundation\\Http\\Middleware\\TransformsRequest->handle(Object(Illuminate\\Http\\Request), Object(Closure))
#39 C:\\xampp\\htdocs\\LARAVEL\\API-CRUD-APP\\vendor\\laravel\\framework\\src\\Illuminate\\Pipeline\\Pipeline.php(180): Illuminate\\Foundation\\Http\\Middleware\\TrimStrings->handle(Object(Illuminate\\Http\\Request), Object(Closure))
#40 C:\\xampp\\htdocs\\LARAVEL\\API-CRUD-APP\\vendor\\laravel\\framework\\src\\Illuminate\\Foundation\\Http\\Middleware\\ValidatePostSize.php(27): Illuminate\\Pipeline\\Pipeline->Illuminate\\Pipeline\\{closure}(Object(Illuminate\\Http\\Request))
#41 C:\\xampp\\htdocs\\LARAVEL\\API-CRUD-APP\\vendor\\laravel\\framework\\src\\Illuminate\\Pipeline\\Pipeline.php(180): Illuminate\\Foundation\\Http\\Middleware\\ValidatePostSize->handle(Object(Illuminate\\Http\\Request), Object(Closure))
#42 C:\\xampp\\htdocs\\LARAVEL\\API-CRUD-APP\\vendor\\laravel\\framework\\src\\Illuminate\\Foundation\\Http\\Middleware\\PreventRequestsDuringMaintenance.php(86): Illuminate\\Pipeline\\Pipeline->Illuminate\\Pipeline\\{closure}(Object(Illuminate\\Http\\Request))
#43 C:\\xampp\\htdocs\\LARAVEL\\API-CRUD-APP\\vendor\\laravel\\framework\\src\\Illuminate\\Pipeline\\Pipeline.php(180): Illuminate\\Foundation\\Http\\Middleware\\PreventRequestsDuringMaintenance->handle(Object(Illuminate\\Http\\Request), Object(Closure))
#44 C:\\xampp\\htdocs\\LARAVEL\\API-CRUD-APP\\vendor\\laravel\\framework\\src\\Illuminate\\Http\\Middleware\\HandleCors.php(62): Illuminate\\Pipeline\\Pipeline->Illuminate\\Pipeline\\{closure}(Object(Illuminate\\Http\\Request))
#45 C:\\xampp\\htdocs\\LARAVEL\\API-CRUD-APP\\vendor\\laravel\\framework\\src\\Illuminate\\Pipeline\\Pipeline.php(180): Illuminate\\Http\\Middleware\\HandleCors->handle(Object(Illuminate\\Http\\Request), Object(Closure))
#46 C:\\xampp\\htdocs\\LARAVEL\\API-CRUD-APP\\vendor\\laravel\\framework\\src\\Illuminate\\Http\\Middleware\\TrustProxies.php(39): Illuminate\\Pipeline\\Pipeline->Illuminate\\Pipeline\\{closure}(Object(Illuminate\\Http\\Request))
#47 C:\\xampp\\htdocs\\LARAVEL\\API-CRUD-APP\\vendor\\laravel\\framework\\src\\Illuminate\\Pipeline\\Pipeline.php(180): Illuminate\\Http\\Middleware\\TrustProxies->handle(Object(Illuminate\\Http\\Request), Object(Closure))
#48 C:\\xampp\\htdocs\\LARAVEL\\API-CRUD-APP\\vendor\\laravel\\framework\\src\\Illuminate\\Pipeline\\Pipeline.php(116): Illuminate\\Pipeline\\Pipeline->Illuminate\\Pipeline\\{closure}(Object(Illuminate\\Http\\Request))
#49 C:\\xampp\\htdocs\\LARAVEL\\API-CRUD-APP\\vendor\\laravel\\framework\\src\\Illuminate\\Foundation\\Http\\Kernel.php(165): Illuminate\\Pipeline\\Pipeline->then(Object(Closure))
#50 C:\\xampp\\htdocs\\LARAVEL\\API-CRUD-APP\\vendor\\laravel\\framework\\src\\Illuminate\\Foundation\\Http\\Kernel.php(134): Illuminate\\Foundation\\Http\\Kernel->sendRequestThroughRouter(Object(Illuminate\\Http\\Request))
#51 C:\\xampp\\htdocs\\LARAVEL\\API-CRUD-APP\\public\\index.php(52): Illuminate\\Foundation\\Http\\Kernel->handle(Object(Illuminate\\Http\\Request))
#52 C:\\xampp\\htdocs\\LARAVEL\\API-CRUD-APP\\vendor\\laravel\\framework\\src\\Illuminate\\Foundation\\resources\\server.php(16): require_once('C:\\\\xampp\\\\htdocs...')
#53 {main}

[previous exception] [object] (PDOException(code: 42S22): SQLSTATE[42S22]: Column not found: 1054 Unknown column 'updated_at' in 'field list' at C:\\xampp\\htdocs\\LARAVEL\\API-CRUD-APP\\vendor\\laravel\\framework\\src\\Illuminate\\Database\\Connection.php:539)
[stacktrace]
#0 C:\\xampp\\htdocs\\LARAVEL\\API-CRUD-APP\\vendor\\laravel\\framework\\src\\Illuminate\\Database\\Connection.php(539): PDO->prepare('insert into `us...')
#1 C:\\xampp\\htdocs\\LARAVEL\\API-CRUD-APP\\vendor\\laravel\\framework\\src\\Illuminate\\Database\\Connection.php(753): Illuminate\\Database\\Connection->Illuminate\\Database\\{closure}('insert into `us...', Array)
#2 C:\\xampp\\htdocs\\LARAVEL\\API-CRUD-APP\\vendor\\laravel\\framework\\src\\Illuminate\\Database\\Connection.php(720): Illuminate\\Database\\Connection->runQueryCallback('insert into `us...', Array, Object(Closure))
#3 C:\\xampp\\htdocs\\LARAVEL\\API-CRUD-APP\\vendor\\laravel\\framework\\src\\Illuminate\\Database\\Connection.php(546): Illuminate\\Database\\Connection->run('insert into `us...', Array, Object(Closure))
#4 C:\\xampp\\htdocs\\LARAVEL\\API-CRUD-APP\\vendor\\laravel\\framework\\src\\Illuminate\\Database\\Connection.php(498): Illuminate\\Database\\Connection->statement('insert into `us...', Array)
#5 C:\\xampp\\htdocs\\LARAVEL\\API-CRUD-APP\\vendor\\laravel\\framework\\src\\Illuminate\\Database\\Query\\Processors\\Processor.php(32): Illuminate\\Database\\Connection->insert('insert into `us...', Array)
#6 C:\\xampp\\htdocs\\LARAVEL\\API-CRUD-APP\\vendor\\laravel\\framework\\src\\Illuminate\\Database\\Query\\Builder.php(3322): Illuminate\\Database\\Query\\Processors\\Processor->processInsertGetId(Object(Illuminate\\Database\\Query\\Builder), 'insert into `us...', Array, 'id')
#7 C:\\xampp\\htdocs\\LARAVEL\\API-CRUD-APP\\vendor\\laravel\\framework\\src\\Illuminate\\Database\\Eloquent\\Builder.php(1869): Illuminate\\Database\\Query\\Builder->insertGetId(Array, 'id')
#8 C:\\xampp\\htdocs\\LARAVEL\\API-CRUD-APP\\vendor\\laravel\\framework\\src\\Illuminate\\Database\\Eloquent\\Model.php(1330): Illuminate\\Database\\Eloquent\\Builder->__call('insertGetId', Array)
#9 C:\\xampp\\htdocs\\LARAVEL\\API-CRUD-APP\\vendor\\laravel\\framework\\src\\Illuminate\\Database\\Eloquent\\Model.php(1295): Illuminate\\Database\\Eloquent\\Model->insertAndSetId(Object(Illuminate\\Database\\Eloquent\\Builder), Array)
#10 C:\\xampp\\htdocs\\LARAVEL\\API-CRUD-APP\\vendor\\laravel\\framework\\src\\Illuminate\\Database\\Eloquent\\Model.php(1138): Illuminate\\Database\\Eloquent\\Model->performInsert(Object(Illuminate\\Database\\Eloquent\\Builder))
#11 C:\\xampp\\htdocs\\LARAVEL\\API-CRUD-APP\\vendor\\laravel\\framework\\src\\Illuminate\\Database\\Eloquent\\Builder.php(986): Illuminate\\Database\\Eloquent\\Model->save()
#12 C:\\xampp\\htdocs\\LARAVEL\\API-CRUD-APP\\vendor\\laravel\\framework\\src\\Illuminate\\Support\\helpers.php(306): Illuminate\\Database\\Eloquent\\Builder->Illuminate\\Database\\Eloquent\\{closure}(Object(App\\Models\\User))
#13 C:\\xampp\\htdocs\\LARAVEL\\API-CRUD-APP\\vendor\\laravel\\framework\\src\\Illuminate\\Database\\Eloquent\\Builder.php(987): tap(Object(App\\Models\\User), Object(Closure))
#14 C:\\xampp\\htdocs\\LARAVEL\\API-CRUD-APP\\vendor\\laravel\\framework\\src\\Illuminate\\Support\\Traits\\ForwardsCalls.php(23): Illuminate\\Database\\Eloquent\\Builder->create(Array)
#15 C:\\xampp\\htdocs\\LARAVEL\\API-CRUD-APP\\vendor\\laravel\\framework\\src\\Illuminate\\Database\\Eloquent\\Model.php(2330): Illuminate\\Database\\Eloquent\\Model->forwardCallTo(Object(Illuminate\\Database\\Eloquent\\Builder), 'create', Array)
#16 C:\\xampp\\htdocs\\LARAVEL\\API-CRUD-APP\\app\\Http\\Controllers\\UserController.php(82): Illuminate\\Database\\Eloquent\\Model->__call('create', Array)
#17 C:\\xampp\\htdocs\\LARAVEL\\API-CRUD-APP\\vendor\\laravel\\framework\\src\\Illuminate\\Routing\\Controller.php(54): App\\Http\\Controllers\\UserController->register(Object(Illuminate\\Http\\Request))
#18 C:\\xampp\\htdocs\\LARAVEL\\API-CRUD-APP\\vendor\\laravel\\framework\\src\\Illuminate\\Routing\\ControllerDispatcher.php(43): Illuminate\\Routing\\Controller->callAction('register', Array)
#19 C:\\xampp\\htdocs\\LARAVEL\\API-CRUD-APP\\vendor\\laravel\\framework\\src\\Illuminate\\Routing\\Route.php(260): Illuminate\\Routing\\ControllerDispatcher->dispatch(Object(Illuminate\\Routing\\Route), Object(App\\Http\\Controllers\\UserController), 'register')
#20 C:\\xampp\\htdocs\\LARAVEL\\API-CRUD-APP\\vendor\\laravel\\framework\\src\\Illuminate\\Routing\\Route.php(205): Illuminate\\Routing\\Route->runController()
#21 C:\\xampp\\htdocs\\LARAVEL\\API-CRUD-APP\\vendor\\laravel\\framework\\src\\Illuminate\\Routing\\Router.php(798): Illuminate\\Routing\\Route->run()
#22 C:\\xampp\\htdocs\\LARAVEL\\API-CRUD-APP\\vendor\\laravel\\framework\\src\\Illuminate\\Pipeline\\Pipeline.php(141): Illuminate\\Routing\\Router->Illuminate\\Routing\\{closure}(Object(Illuminate\\Http\\Request))
#23 C:\\xampp\\htdocs\\LARAVEL\\API-CRUD-APP\\vendor\\laravel\\framework\\src\\Illuminate\\Routing\\Middleware\\SubstituteBindings.php(50): Illuminate\\Pipeline\\Pipeline->Illuminate\\Pipeline\\{closure}(Object(Illuminate\\Http\\Request))
#24 C:\\xampp\\htdocs\\LARAVEL\\API-CRUD-APP\\vendor\\laravel\\framework\\src\\Illuminate\\Pipeline\\Pipeline.php(180): Illuminate\\Routing\\Middleware\\SubstituteBindings->handle(Object(Illuminate\\Http\\Request), Object(Closure))
#25 C:\\xampp\\htdocs\\LARAVEL\\API-CRUD-APP\\vendor\\laravel\\framework\\src\\Illuminate\\Routing\\Middleware\\ThrottleRequests.php(126): Illuminate\\Pipeline\\Pipeline->Illuminate\\Pipeline\\{closure}(Object(Illuminate\\Http\\Request))
#26 C:\\xampp\\htdocs\\LARAVEL\\API-CRUD-APP\\vendor\\laravel\\framework\\src\\Illuminate\\Routing\\Middleware\\ThrottleRequests.php(102): Illuminate\\Routing\\Middleware\\ThrottleRequests->handleRequest(Object(Illuminate\\Http\\Request), Object(Closure), Array)
#27 C:\\xampp\\htdocs\\LARAVEL\\API-CRUD-APP\\vendor\\laravel\\framework\\src\\Illuminate\\Routing\\Middleware\\ThrottleRequests.php(54): Illuminate\\Routing\\Middleware\\ThrottleRequests->handleRequestUsingNamedLimiter(Object(Illuminate\\Http\\Request), Object(Closure), 'api', Object(Closure))
#28 C:\\xampp\\htdocs\\LARAVEL\\API-CRUD-APP\\vendor\\laravel\\framework\\src\\Illuminate\\Pipeline\\Pipeline.php(180): Illuminate\\Routing\\Middleware\\ThrottleRequests->handle(Object(Illuminate\\Http\\Request), Object(Closure), 'api')
#29 C:\\xampp\\htdocs\\LARAVEL\\API-CRUD-APP\\vendor\\laravel\\framework\\src\\Illuminate\\Pipeline\\Pipeline.php(116): Illuminate\\Pipeline\\Pipeline->Illuminate\\Pipeline\\{closure}(Object(Illuminate\\Http\\Request))
#30 C:\\xampp\\htdocs\\LARAVEL\\API-CRUD-APP\\vendor\\laravel\\framework\\src\\Illuminate\\Routing\\Router.php(799): Illuminate\\Pipeline\\Pipeline->then(Object(Closure))
#31 C:\\xampp\\htdocs\\LARAVEL\\API-CRUD-APP\\vendor\\laravel\\framework\\src\\Illuminate\\Routing\\Router.php(776): Illuminate\\Routing\\Router->runRouteWithinStack(Object(Illuminate\\Routing\\Route), Object(Illuminate\\Http\\Request))
#32 C:\\xampp\\htdocs\\LARAVEL\\API-CRUD-APP\\vendor\\laravel\\framework\\src\\Illuminate\\Routing\\Router.php(740): Illuminate\\Routing\\Router->runRoute(Object(Illuminate\\Http\\Request), Object(Illuminate\\Routing\\Route))
#33 C:\\xampp\\htdocs\\LARAVEL\\API-CRUD-APP\\vendor\\laravel\\framework\\src\\Illuminate\\Routing\\Router.php(729): Illuminate\\Routing\\Router->dispatchToRoute(Object(Illuminate\\Http\\Request))
#34 C:\\xampp\\htdocs\\LARAVEL\\API-CRUD-APP\\vendor\\laravel\\framework\\src\\Illuminate\\Foundation\\Http\\Kernel.php(190): Illuminate\\Routing\\Router->dispatch(Object(Illuminate\\Http\\Request))
#35 C:\\xampp\\htdocs\\LARAVEL\\API-CRUD-APP\\vendor\\laravel\\framework\\src\\Illuminate\\Pipeline\\Pipeline.php(141): Illuminate\\Foundation\\Http\\Kernel->Illuminate\\Foundation\\Http\\{closure}(Object(Illuminate\\Http\\Request))
#36 C:\\xampp\\htdocs\\LARAVEL\\API-CRUD-APP\\vendor\\laravel\\framework\\src\\Illuminate\\Foundation\\Http\\Middleware\\TransformsRequest.php(21): Illuminate\\Pipeline\\Pipeline->Illuminate\\Pipeline\\{closure}(Object(Illuminate\\Http\\Request))
#37 C:\\xampp\\htdocs\\LARAVEL\\API-CRUD-APP\\vendor\\laravel\\framework\\src\\Illuminate\\Foundation\\Http\\Middleware\\ConvertEmptyStringsToNull.php(31): Illuminate\\Foundation\\Http\\Middleware\\TransformsRequest->handle(Object(Illuminate\\Http\\Request), Object(Closure))
#38 C:\\xampp\\htdocs\\LARAVEL\\API-CRUD-APP\\vendor\\laravel\\framework\\src\\Illuminate\\Pipeline\\Pipeline.php(180): Illuminate\\Foundation\\Http\\Middleware\\ConvertEmptyStringsToNull->handle(Object(Illuminate\\Http\\Request), Object(Closure))
#39 C:\\xampp\\htdocs\\LARAVEL\\API-CRUD-APP\\vendor\\laravel\\framework\\src\\Illuminate\\Foundation\\Http\\Middleware\\TransformsRequest.php(21): Illuminate\\Pipeline\\Pipeline->Illuminate\\Pipeline\\{closure}(Object(Illuminate\\Http\\Request))
#40 C:\\xampp\\htdocs\\LARAVEL\\API-CRUD-APP\\vendor\\laravel\\framework\\src\\Illuminate\\Foundation\\Http\\Middleware\\TrimStrings.php(40): Illuminate\\Foundation\\Http\\Middleware\\TransformsRequest->handle(Object(Illuminate\\Http\\Request), Object(Closure))
#41 C:\\xampp\\htdocs\\LARAVEL\\API-CRUD-APP\\vendor\\laravel\\framework\\src\\Illuminate\\Pipeline\\Pipeline.php(180): Illuminate\\Foundation\\Http\\Middleware\\TrimStrings->handle(Object(Illuminate\\Http\\Request), Object(Closure))
#42 C:\\xampp\\htdocs\\LARAVEL\\API-CRUD-APP\\vendor\\laravel\\framework\\src\\Illuminate\\Foundation\\Http\\Middleware\\ValidatePostSize.php(27): Illuminate\\Pipeline\\Pipeline->Illuminate\\Pipeline\\{closure}(Object(Illuminate\\Http\\Request))
#43 C:\\xampp\\htdocs\\LARAVEL\\API-CRUD-APP\\vendor\\laravel\\framework\\src\\Illuminate\\Pipeline\\Pipeline.php(180): Illuminate\\Foundation\\Http\\Middleware\\ValidatePostSize->handle(Object(Illuminate\\Http\\Request), Object(Closure))
#44 C:\\xampp\\htdocs\\LARAVEL\\API-CRUD-APP\\vendor\\laravel\\framework\\src\\Illuminate\\Foundation\\Http\\Middleware\\PreventRequestsDuringMaintenance.php(86): Illuminate\\Pipeline\\Pipeline->Illuminate\\Pipeline\\{closure}(Object(Illuminate\\Http\\Request))
#45 C:\\xampp\\htdocs\\LARAVEL\\API-CRUD-APP\\vendor\\laravel\\framework\\src\\Illuminate\\Pipeline\\Pipeline.php(180): Illuminate\\Foundation\\Http\\Middleware\\PreventRequestsDuringMaintenance->handle(Object(Illuminate\\Http\\Request), Object(Closure))
#46 C:\\xampp\\htdocs\\LARAVEL\\API-CRUD-APP\\vendor\\laravel\\framework\\src\\Illuminate\\Http\\Middleware\\HandleCors.php(62): Illuminate\\Pipeline\\Pipeline->Illuminate\\Pipeline\\{closure}(Object(Illuminate\\Http\\Request))
#47 C:\\xampp\\htdocs\\LARAVEL\\API-CRUD-APP\\vendor\\laravel\\framework\\src\\Illuminate\\Pipeline\\Pipeline.php(180): Illuminate\\Http\\Middleware\\HandleCors->handle(Object(Illuminate\\Http\\Request), Object(Closure))
#48 C:\\xampp\\htdocs\\LARAVEL\\API-CRUD-APP\\vendor\\laravel\\framework\\src\\Illuminate\\Http\\Middleware\\TrustProxies.php(39): Illuminate\\Pipeline\\Pipeline->Illuminate\\Pipeline\\{closure}(Object(Illuminate\\Http\\Request))
#49 C:\\xampp\\htdocs\\LARAVEL\\API-CRUD-APP\\vendor\\laravel\\framework\\src\\Illuminate\\Pipeline\\Pipeline.php(180): Illuminate\\Http\\Middleware\\TrustProxies->handle(Object(Illuminate\\Http\\Request), Object(Closure))
#50 C:\\xampp\\htdocs\\LARAVEL\\API-CRUD-APP\\vendor\\laravel\\framework\\src\\Illuminate\\Pipeline\\Pipeline.php(116): Illuminate\\Pipeline\\Pipeline->Illuminate\\Pipeline\\{closure}(Object(Illuminate\\Http\\Request))
#51 C:\\xampp\\htdocs\\LARAVEL\\API-CRUD-APP\\vendor\\laravel\\framework\\src\\Illuminate\\Foundation\\Http\\Kernel.php(165): Illuminate\\Pipeline\\Pipeline->then(Object(Closure))
#52 C:\\xampp\\htdocs\\LARAVEL\\API-CRUD-APP\\vendor\\laravel\\framework\\src\\Illuminate\\Foundation\\Http\\Kernel.php(134): Illuminate\\Foundation\\Http\\Kernel->sendRequestThroughRouter(Object(Illuminate\\Http\\Request))
#53 C:\\xampp\\htdocs\\LARAVEL\\API-CRUD-APP\\public\\index.php(52): Illuminate\\Foundation\\Http\\Kernel->handle(Object(Illuminate\\Http\\Request))
#54 C:\\xampp\\htdocs\\LARAVEL\\API-CRUD-APP\\vendor\\laravel\\framework\\src\\Illuminate\\Foundation\\resources\\server.php(16): require_once('C:\\\\xampp\\\\htdocs...')
#55 {main}
"} 
[2024-10-04 06:16:59] local.ERROR: SQLSTATE[42S22]: Column not found: 1054 Unknown column 'updated_at' in 'field list' (SQL: insert into `users` (`updated_at`, `created_at`) values (2024-10-04 06:16:59, 2024-10-04 06:16:59)) {"exception":"[object] (Illuminate\\Database\\QueryException(code: 42S22): SQLSTATE[42S22]: Column not found: 1054 Unknown column 'updated_at' in 'field list' (SQL: insert into `users` (`updated_at`, `created_at`) values (2024-10-04 06:16:59, 2024-10-04 06:16:59)) at C:\\xampp\\htdocs\\LARAVEL\\API-CRUD-APP\\vendor\\laravel\\framework\\src\\Illuminate\\Database\\Connection.php:760)
[stacktrace]
#0 C:\\xampp\\htdocs\\LARAVEL\\API-CRUD-APP\\vendor\\laravel\\framework\\src\\Illuminate\\Database\\Connection.php(720): Illuminate\\Database\\Connection->runQueryCallback('insert into `us...', Array, Object(Closure))
#1 C:\\xampp\\htdocs\\LARAVEL\\API-CRUD-APP\\vendor\\laravel\\framework\\src\\Illuminate\\Database\\Connection.php(546): Illuminate\\Database\\Connection->run('insert into `us...', Array, Object(Closure))
#2 C:\\xampp\\htdocs\\LARAVEL\\API-CRUD-APP\\vendor\\laravel\\framework\\src\\Illuminate\\Database\\Connection.php(498): Illuminate\\Database\\Connection->statement('insert into `us...', Array)
#3 C:\\xampp\\htdocs\\LARAVEL\\API-CRUD-APP\\vendor\\laravel\\framework\\src\\Illuminate\\Database\\Query\\Processors\\Processor.php(32): Illuminate\\Database\\Connection->insert('insert into `us...', Array)
#4 C:\\xampp\\htdocs\\LARAVEL\\API-CRUD-APP\\vendor\\laravel\\framework\\src\\Illuminate\\Database\\Query\\Builder.php(3322): Illuminate\\Database\\Query\\Processors\\Processor->processInsertGetId(Object(Illuminate\\Database\\Query\\Builder), 'insert into `us...', Array, 'id')
#5 C:\\xampp\\htdocs\\LARAVEL\\API-CRUD-APP\\vendor\\laravel\\framework\\src\\Illuminate\\Database\\Eloquent\\Builder.php(1869): Illuminate\\Database\\Query\\Builder->insertGetId(Array, 'id')
#6 C:\\xampp\\htdocs\\LARAVEL\\API-CRUD-APP\\vendor\\laravel\\framework\\src\\Illuminate\\Database\\Eloquent\\Model.php(1330): Illuminate\\Database\\Eloquent\\Builder->__call('insertGetId', Array)
#7 C:\\xampp\\htdocs\\LARAVEL\\API-CRUD-APP\\vendor\\laravel\\framework\\src\\Illuminate\\Database\\Eloquent\\Model.php(1295): Illuminate\\Database\\Eloquent\\Model->insertAndSetId(Object(Illuminate\\Database\\Eloquent\\Builder), Array)
#8 C:\\xampp\\htdocs\\LARAVEL\\API-CRUD-APP\\vendor\\laravel\\framework\\src\\Illuminate\\Database\\Eloquent\\Model.php(1138): Illuminate\\Database\\Eloquent\\Model->performInsert(Object(Illuminate\\Database\\Eloquent\\Builder))
#9 C:\\xampp\\htdocs\\LARAVEL\\API-CRUD-APP\\vendor\\laravel\\framework\\src\\Illuminate\\Database\\Eloquent\\Builder.php(986): Illuminate\\Database\\Eloquent\\Model->save()
#10 C:\\xampp\\htdocs\\LARAVEL\\API-CRUD-APP\\vendor\\laravel\\framework\\src\\Illuminate\\Support\\helpers.php(306): Illuminate\\Database\\Eloquent\\Builder->Illuminate\\Database\\Eloquent\\{closure}(Object(App\\Models\\User))
#11 C:\\xampp\\htdocs\\LARAVEL\\API-CRUD-APP\\vendor\\laravel\\framework\\src\\Illuminate\\Database\\Eloquent\\Builder.php(987): tap(Object(App\\Models\\User), Object(Closure))
#12 C:\\xampp\\htdocs\\LARAVEL\\API-CRUD-APP\\vendor\\laravel\\framework\\src\\Illuminate\\Support\\Traits\\ForwardsCalls.php(23): Illuminate\\Database\\Eloquent\\Builder->create()
#13 C:\\xampp\\htdocs\\LARAVEL\\API-CRUD-APP\\vendor\\laravel\\framework\\src\\Illuminate\\Database\\Eloquent\\Model.php(2330): Illuminate\\Database\\Eloquent\\Model->forwardCallTo(Object(Illuminate\\Database\\Eloquent\\Builder), 'create', Array)
#14 C:\\xampp\\htdocs\\LARAVEL\\API-CRUD-APP\\app\\Http\\Controllers\\UserController.php(82): Illuminate\\Database\\Eloquent\\Model->__call('create', Array)
#15 C:\\xampp\\htdocs\\LARAVEL\\API-CRUD-APP\\vendor\\laravel\\framework\\src\\Illuminate\\Routing\\Controller.php(54): App\\Http\\Controllers\\UserController->register(Object(Illuminate\\Http\\Request))
#16 C:\\xampp\\htdocs\\LARAVEL\\API-CRUD-APP\\vendor\\laravel\\framework\\src\\Illuminate\\Routing\\ControllerDispatcher.php(43): Illuminate\\Routing\\Controller->callAction('register', Array)
#17 C:\\xampp\\htdocs\\LARAVEL\\API-CRUD-APP\\vendor\\laravel\\framework\\src\\Illuminate\\Routing\\Route.php(260): Illuminate\\Routing\\ControllerDispatcher->dispatch(Object(Illuminate\\Routing\\Route), Object(App\\Http\\Controllers\\UserController), 'register')
#18 C:\\xampp\\htdocs\\LARAVEL\\API-CRUD-APP\\vendor\\laravel\\framework\\src\\Illuminate\\Routing\\Route.php(205): Illuminate\\Routing\\Route->runController()
#19 C:\\xampp\\htdocs\\LARAVEL\\API-CRUD-APP\\vendor\\laravel\\framework\\src\\Illuminate\\Routing\\Router.php(798): Illuminate\\Routing\\Route->run()
#20 C:\\xampp\\htdocs\\LARAVEL\\API-CRUD-APP\\vendor\\laravel\\framework\\src\\Illuminate\\Pipeline\\Pipeline.php(141): Illuminate\\Routing\\Router->Illuminate\\Routing\\{closure}(Object(Illuminate\\Http\\Request))
#21 C:\\xampp\\htdocs\\LARAVEL\\API-CRUD-APP\\vendor\\laravel\\framework\\src\\Illuminate\\Routing\\Middleware\\SubstituteBindings.php(50): Illuminate\\Pipeline\\Pipeline->Illuminate\\Pipeline\\{closure}(Object(Illuminate\\Http\\Request))
#22 C:\\xampp\\htdocs\\LARAVEL\\API-CRUD-APP\\vendor\\laravel\\framework\\src\\Illuminate\\Pipeline\\Pipeline.php(180): Illuminate\\Routing\\Middleware\\SubstituteBindings->handle(Object(Illuminate\\Http\\Request), Object(Closure))
#23 C:\\xampp\\htdocs\\LARAVEL\\API-CRUD-APP\\vendor\\laravel\\framework\\src\\Illuminate\\Routing\\Middleware\\ThrottleRequests.php(126): Illuminate\\Pipeline\\Pipeline->Illuminate\\Pipeline\\{closure}(Object(Illuminate\\Http\\Request))
#24 C:\\xampp\\htdocs\\LARAVEL\\API-CRUD-APP\\vendor\\laravel\\framework\\src\\Illuminate\\Routing\\Middleware\\ThrottleRequests.php(102): Illuminate\\Routing\\Middleware\\ThrottleRequests->handleRequest(Object(Illuminate\\Http\\Request), Object(Closure), Array)
#25 C:\\xampp\\htdocs\\LARAVEL\\API-CRUD-APP\\vendor\\laravel\\framework\\src\\Illuminate\\Routing\\Middleware\\ThrottleRequests.php(54): Illuminate\\Routing\\Middleware\\ThrottleRequests->handleRequestUsingNamedLimiter(Object(Illuminate\\Http\\Request), Object(Closure), 'api', Object(Closure))
#26 C:\\xampp\\htdocs\\LARAVEL\\API-CRUD-APP\\vendor\\laravel\\framework\\src\\Illuminate\\Pipeline\\Pipeline.php(180): Illuminate\\Routing\\Middleware\\ThrottleRequests->handle(Object(Illuminate\\Http\\Request), Object(Closure), 'api')
#27 C:\\xampp\\htdocs\\LARAVEL\\API-CRUD-APP\\vendor\\laravel\\framework\\src\\Illuminate\\Pipeline\\Pipeline.php(116): Illuminate\\Pipeline\\Pipeline->Illuminate\\Pipeline\\{closure}(Object(Illuminate\\Http\\Request))
#28 C:\\xampp\\htdocs\\LARAVEL\\API-CRUD-APP\\vendor\\laravel\\framework\\src\\Illuminate\\Routing\\Router.php(799): Illuminate\\Pipeline\\Pipeline->then(Object(Closure))
#29 C:\\xampp\\htdocs\\LARAVEL\\API-CRUD-APP\\vendor\\laravel\\framework\\src\\Illuminate\\Routing\\Router.php(776): Illuminate\\Routing\\Router->runRouteWithinStack(Object(Illuminate\\Routing\\Route), Object(Illuminate\\Http\\Request))
#30 C:\\xampp\\htdocs\\LARAVEL\\API-CRUD-APP\\vendor\\laravel\\framework\\src\\Illuminate\\Routing\\Router.php(740): Illuminate\\Routing\\Router->runRoute(Object(Illuminate\\Http\\Request), Object(Illuminate\\Routing\\Route))
#31 C:\\xampp\\htdocs\\LARAVEL\\API-CRUD-APP\\vendor\\laravel\\framework\\src\\Illuminate\\Routing\\Router.php(729): Illuminate\\Routing\\Router->dispatchToRoute(Object(Illuminate\\Http\\Request))
#32 C:\\xampp\\htdocs\\LARAVEL\\API-CRUD-APP\\vendor\\laravel\\framework\\src\\Illuminate\\Foundation\\Http\\Kernel.php(190): Illuminate\\Routing\\Router->dispatch(Object(Illuminate\\Http\\Request))
#33 C:\\xampp\\htdocs\\LARAVEL\\API-CRUD-APP\\vendor\\laravel\\framework\\src\\Illuminate\\Pipeline\\Pipeline.php(141): Illuminate\\Foundation\\Http\\Kernel->Illuminate\\Foundation\\Http\\{closure}(Object(Illuminate\\Http\\Request))
#34 C:\\xampp\\htdocs\\LARAVEL\\API-CRUD-APP\\vendor\\laravel\\framework\\src\\Illuminate\\Foundation\\Http\\Middleware\\TransformsRequest.php(21): Illuminate\\Pipeline\\Pipeline->Illuminate\\Pipeline\\{closure}(Object(Illuminate\\Http\\Request))
#35 C:\\xampp\\htdocs\\LARAVEL\\API-CRUD-APP\\vendor\\laravel\\framework\\src\\Illuminate\\Foundation\\Http\\Middleware\\ConvertEmptyStringsToNull.php(31): Illuminate\\Foundation\\Http\\Middleware\\TransformsRequest->handle(Object(Illuminate\\Http\\Request), Object(Closure))
#36 C:\\xampp\\htdocs\\LARAVEL\\API-CRUD-APP\\vendor\\laravel\\framework\\src\\Illuminate\\Pipeline\\Pipeline.php(180): Illuminate\\Foundation\\Http\\Middleware\\ConvertEmptyStringsToNull->handle(Object(Illuminate\\Http\\Request), Object(Closure))
#37 C:\\xampp\\htdocs\\LARAVEL\\API-CRUD-APP\\vendor\\laravel\\framework\\src\\Illuminate\\Foundation\\Http\\Middleware\\TransformsRequest.php(21): Illuminate\\Pipeline\\Pipeline->Illuminate\\Pipeline\\{closure}(Object(Illuminate\\Http\\Request))
#38 C:\\xampp\\htdocs\\LARAVEL\\API-CRUD-APP\\vendor\\laravel\\framework\\src\\Illuminate\\Foundation\\Http\\Middleware\\TrimStrings.php(40): Illuminate\\Foundation\\Http\\Middleware\\TransformsRequest->handle(Object(Illuminate\\Http\\Request), Object(Closure))
#39 C:\\xampp\\htdocs\\LARAVEL\\API-CRUD-APP\\vendor\\laravel\\framework\\src\\Illuminate\\Pipeline\\Pipeline.php(180): Illuminate\\Foundation\\Http\\Middleware\\TrimStrings->handle(Object(Illuminate\\Http\\Request), Object(Closure))
#40 C:\\xampp\\htdocs\\LARAVEL\\API-CRUD-APP\\vendor\\laravel\\framework\\src\\Illuminate\\Foundation\\Http\\Middleware\\ValidatePostSize.php(27): Illuminate\\Pipeline\\Pipeline->Illuminate\\Pipeline\\{closure}(Object(Illuminate\\Http\\Request))
#41 C:\\xampp\\htdocs\\LARAVEL\\API-CRUD-APP\\vendor\\laravel\\framework\\src\\Illuminate\\Pipeline\\Pipeline.php(180): Illuminate\\Foundation\\Http\\Middleware\\ValidatePostSize->handle(Object(Illuminate\\Http\\Request), Object(Closure))
#42 C:\\xampp\\htdocs\\LARAVEL\\API-CRUD-APP\\vendor\\laravel\\framework\\src\\Illuminate\\Foundation\\Http\\Middleware\\PreventRequestsDuringMaintenance.php(86): Illuminate\\Pipeline\\Pipeline->Illuminate\\Pipeline\\{closure}(Object(Illuminate\\Http\\Request))
#43 C:\\xampp\\htdocs\\LARAVEL\\API-CRUD-APP\\vendor\\laravel\\framework\\src\\Illuminate\\Pipeline\\Pipeline.php(180): Illuminate\\Foundation\\Http\\Middleware\\PreventRequestsDuringMaintenance->handle(Object(Illuminate\\Http\\Request), Object(Closure))
#44 C:\\xampp\\htdocs\\LARAVEL\\API-CRUD-APP\\vendor\\laravel\\framework\\src\\Illuminate\\Http\\Middleware\\HandleCors.php(62): Illuminate\\Pipeline\\Pipeline->Illuminate\\Pipeline\\{closure}(Object(Illuminate\\Http\\Request))
#45 C:\\xampp\\htdocs\\LARAVEL\\API-CRUD-APP\\vendor\\laravel\\framework\\src\\Illuminate\\Pipeline\\Pipeline.php(180): Illuminate\\Http\\Middleware\\HandleCors->handle(Object(Illuminate\\Http\\Request), Object(Closure))
#46 C:\\xampp\\htdocs\\LARAVEL\\API-CRUD-APP\\vendor\\laravel\\framework\\src\\Illuminate\\Http\\Middleware\\TrustProxies.php(39): Illuminate\\Pipeline\\Pipeline->Illuminate\\Pipeline\\{closure}(Object(Illuminate\\Http\\Request))
#47 C:\\xampp\\htdocs\\LARAVEL\\API-CRUD-APP\\vendor\\laravel\\framework\\src\\Illuminate\\Pipeline\\Pipeline.php(180): Illuminate\\Http\\Middleware\\TrustProxies->handle(Object(Illuminate\\Http\\Request), Object(Closure))
#48 C:\\xampp\\htdocs\\LARAVEL\\API-CRUD-APP\\vendor\\laravel\\framework\\src\\Illuminate\\Pipeline\\Pipeline.php(116): Illuminate\\Pipeline\\Pipeline->Illuminate\\Pipeline\\{closure}(Object(Illuminate\\Http\\Request))
#49 C:\\xampp\\htdocs\\LARAVEL\\API-CRUD-APP\\vendor\\laravel\\framework\\src\\Illuminate\\Foundation\\Http\\Kernel.php(165): Illuminate\\Pipeline\\Pipeline->then(Object(Closure))
#50 C:\\xampp\\htdocs\\LARAVEL\\API-CRUD-APP\\vendor\\laravel\\framework\\src\\Illuminate\\Foundation\\Http\\Kernel.php(134): Illuminate\\Foundation\\Http\\Kernel->sendRequestThroughRouter(Object(Illuminate\\Http\\Request))
#51 C:\\xampp\\htdocs\\LARAVEL\\API-CRUD-APP\\public\\index.php(52): Illuminate\\Foundation\\Http\\Kernel->handle(Object(Illuminate\\Http\\Request))
#52 C:\\xampp\\htdocs\\LARAVEL\\API-CRUD-APP\\vendor\\laravel\\framework\\src\\Illuminate\\Foundation\\resources\\server.php(16): require_once('C:\\\\xampp\\\\htdocs...')
#53 {main}

[previous exception] [object] (PDOException(code: 42S22): SQLSTATE[42S22]: Column not found: 1054 Unknown column 'updated_at' in 'field list' at C:\\xampp\\htdocs\\LARAVEL\\API-CRUD-APP\\vendor\\laravel\\framework\\src\\Illuminate\\Database\\Connection.php:539)
[stacktrace]
#0 C:\\xampp\\htdocs\\LARAVEL\\API-CRUD-APP\\vendor\\laravel\\framework\\src\\Illuminate\\Database\\Connection.php(539): PDO->prepare('insert into `us...')
#1 C:\\xampp\\htdocs\\LARAVEL\\API-CRUD-APP\\vendor\\laravel\\framework\\src\\Illuminate\\Database\\Connection.php(753): Illuminate\\Database\\Connection->Illuminate\\Database\\{closure}('insert into `us...', Array)
#2 C:\\xampp\\htdocs\\LARAVEL\\API-CRUD-APP\\vendor\\laravel\\framework\\src\\Illuminate\\Database\\Connection.php(720): Illuminate\\Database\\Connection->runQueryCallback('insert into `us...', Array, Object(Closure))
#3 C:\\xampp\\htdocs\\LARAVEL\\API-CRUD-APP\\vendor\\laravel\\framework\\src\\Illuminate\\Database\\Connection.php(546): Illuminate\\Database\\Connection->run('insert into `us...', Array, Object(Closure))
#4 C:\\xampp\\htdocs\\LARAVEL\\API-CRUD-APP\\vendor\\laravel\\framework\\src\\Illuminate\\Database\\Connection.php(498): Illuminate\\Database\\Connection->statement('insert into `us...', Array)
#5 C:\\xampp\\htdocs\\LARAVEL\\API-CRUD-APP\\vendor\\laravel\\framework\\src\\Illuminate\\Database\\Query\\Processors\\Processor.php(32): Illuminate\\Database\\Connection->insert('insert into `us...', Array)
#6 C:\\xampp\\htdocs\\LARAVEL\\API-CRUD-APP\\vendor\\laravel\\framework\\src\\Illuminate\\Database\\Query\\Builder.php(3322): Illuminate\\Database\\Query\\Processors\\Processor->processInsertGetId(Object(Illuminate\\Database\\Query\\Builder), 'insert into `us...', Array, 'id')
#7 C:\\xampp\\htdocs\\LARAVEL\\API-CRUD-APP\\vendor\\laravel\\framework\\src\\Illuminate\\Database\\Eloquent\\Builder.php(1869): Illuminate\\Database\\Query\\Builder->insertGetId(Array, 'id')
#8 C:\\xampp\\htdocs\\LARAVEL\\API-CRUD-APP\\vendor\\laravel\\framework\\src\\Illuminate\\Database\\Eloquent\\Model.php(1330): Illuminate\\Database\\Eloquent\\Builder->__call('insertGetId', Array)
#9 C:\\xampp\\htdocs\\LARAVEL\\API-CRUD-APP\\vendor\\laravel\\framework\\src\\Illuminate\\Database\\Eloquent\\Model.php(1295): Illuminate\\Database\\Eloquent\\Model->insertAndSetId(Object(Illuminate\\Database\\Eloquent\\Builder), Array)
#10 C:\\xampp\\htdocs\\LARAVEL\\API-CRUD-APP\\vendor\\laravel\\framework\\src\\Illuminate\\Database\\Eloquent\\Model.php(1138): Illuminate\\Database\\Eloquent\\Model->performInsert(Object(Illuminate\\Database\\Eloquent\\Builder))
#11 C:\\xampp\\htdocs\\LARAVEL\\API-CRUD-APP\\vendor\\laravel\\framework\\src\\Illuminate\\Database\\Eloquent\\Builder.php(986): Illuminate\\Database\\Eloquent\\Model->save()
#12 C:\\xampp\\htdocs\\LARAVEL\\API-CRUD-APP\\vendor\\laravel\\framework\\src\\Illuminate\\Support\\helpers.php(306): Illuminate\\Database\\Eloquent\\Builder->Illuminate\\Database\\Eloquent\\{closure}(Object(App\\Models\\User))
#13 C:\\xampp\\htdocs\\LARAVEL\\API-CRUD-APP\\vendor\\laravel\\framework\\src\\Illuminate\\Database\\Eloquent\\Builder.php(987): tap(Object(App\\Models\\User), Object(Closure))
#14 C:\\xampp\\htdocs\\LARAVEL\\API-CRUD-APP\\vendor\\laravel\\framework\\src\\Illuminate\\Support\\Traits\\ForwardsCalls.php(23): Illuminate\\Database\\Eloquent\\Builder->create()
#15 C:\\xampp\\htdocs\\LARAVEL\\API-CRUD-APP\\vendor\\laravel\\framework\\src\\Illuminate\\Database\\Eloquent\\Model.php(2330): Illuminate\\Database\\Eloquent\\Model->forwardCallTo(Object(Illuminate\\Database\\Eloquent\\Builder), 'create', Array)
#16 C:\\xampp\\htdocs\\LARAVEL\\API-CRUD-APP\\app\\Http\\Controllers\\UserController.php(82): Illuminate\\Database\\Eloquent\\Model->__call('create', Array)
#17 C:\\xampp\\htdocs\\LARAVEL\\API-CRUD-APP\\vendor\\laravel\\framework\\src\\Illuminate\\Routing\\Controller.php(54): App\\Http\\Controllers\\UserController->register(Object(Illuminate\\Http\\Request))
#18 C:\\xampp\\htdocs\\LARAVEL\\API-CRUD-APP\\vendor\\laravel\\framework\\src\\Illuminate\\Routing\\ControllerDispatcher.php(43): Illuminate\\Routing\\Controller->callAction('register', Array)
#19 C:\\xampp\\htdocs\\LARAVEL\\API-CRUD-APP\\vendor\\laravel\\framework\\src\\Illuminate\\Routing\\Route.php(260): Illuminate\\Routing\\ControllerDispatcher->dispatch(Object(Illuminate\\Routing\\Route), Object(App\\Http\\Controllers\\UserController), 'register')
#20 C:\\xampp\\htdocs\\LARAVEL\\API-CRUD-APP\\vendor\\laravel\\framework\\src\\Illuminate\\Routing\\Route.php(205): Illuminate\\Routing\\Route->runController()
#21 C:\\xampp\\htdocs\\LARAVEL\\API-CRUD-APP\\vendor\\laravel\\framework\\src\\Illuminate\\Routing\\Router.php(798): Illuminate\\Routing\\Route->run()
#22 C:\\xampp\\htdocs\\LARAVEL\\API-CRUD-APP\\vendor\\laravel\\framework\\src\\Illuminate\\Pipeline\\Pipeline.php(141): Illuminate\\Routing\\Router->Illuminate\\Routing\\{closure}(Object(Illuminate\\Http\\Request))
#23 C:\\xampp\\htdocs\\LARAVEL\\API-CRUD-APP\\vendor\\laravel\\framework\\src\\Illuminate\\Routing\\Middleware\\SubstituteBindings.php(50): Illuminate\\Pipeline\\Pipeline->Illuminate\\Pipeline\\{closure}(Object(Illuminate\\Http\\Request))
#24 C:\\xampp\\htdocs\\LARAVEL\\API-CRUD-APP\\vendor\\laravel\\framework\\src\\Illuminate\\Pipeline\\Pipeline.php(180): Illuminate\\Routing\\Middleware\\SubstituteBindings->handle(Object(Illuminate\\Http\\Request), Object(Closure))
#25 C:\\xampp\\htdocs\\LARAVEL\\API-CRUD-APP\\vendor\\laravel\\framework\\src\\Illuminate\\Routing\\Middleware\\ThrottleRequests.php(126): Illuminate\\Pipeline\\Pipeline->Illuminate\\Pipeline\\{closure}(Object(Illuminate\\Http\\Request))
#26 C:\\xampp\\htdocs\\LARAVEL\\API-CRUD-APP\\vendor\\laravel\\framework\\src\\Illuminate\\Routing\\Middleware\\ThrottleRequests.php(102): Illuminate\\Routing\\Middleware\\ThrottleRequests->handleRequest(Object(Illuminate\\Http\\Request), Object(Closure), Array)
#27 C:\\xampp\\htdocs\\LARAVEL\\API-CRUD-APP\\vendor\\laravel\\framework\\src\\Illuminate\\Routing\\Middleware\\ThrottleRequests.php(54): Illuminate\\Routing\\Middleware\\ThrottleRequests->handleRequestUsingNamedLimiter(Object(Illuminate\\Http\\Request), Object(Closure), 'api', Object(Closure))
#28 C:\\xampp\\htdocs\\LARAVEL\\API-CRUD-APP\\vendor\\laravel\\framework\\src\\Illuminate\\Pipeline\\Pipeline.php(180): Illuminate\\Routing\\Middleware\\ThrottleRequests->handle(Object(Illuminate\\Http\\Request), Object(Closure), 'api')
#29 C:\\xampp\\htdocs\\LARAVEL\\API-CRUD-APP\\vendor\\laravel\\framework\\src\\Illuminate\\Pipeline\\Pipeline.php(116): Illuminate\\Pipeline\\Pipeline->Illuminate\\Pipeline\\{closure}(Object(Illuminate\\Http\\Request))
#30 C:\\xampp\\htdocs\\LARAVEL\\API-CRUD-APP\\vendor\\laravel\\framework\\src\\Illuminate\\Routing\\Router.php(799): Illuminate\\Pipeline\\Pipeline->then(Object(Closure))
#31 C:\\xampp\\htdocs\\LARAVEL\\API-CRUD-APP\\vendor\\laravel\\framework\\src\\Illuminate\\Routing\\Router.php(776): Illuminate\\Routing\\Router->runRouteWithinStack(Object(Illuminate\\Routing\\Route), Object(Illuminate\\Http\\Request))
#32 C:\\xampp\\htdocs\\LARAVEL\\API-CRUD-APP\\vendor\\laravel\\framework\\src\\Illuminate\\Routing\\Router.php(740): Illuminate\\Routing\\Router->runRoute(Object(Illuminate\\Http\\Request), Object(Illuminate\\Routing\\Route))
#33 C:\\xampp\\htdocs\\LARAVEL\\API-CRUD-APP\\vendor\\laravel\\framework\\src\\Illuminate\\Routing\\Router.php(729): Illuminate\\Routing\\Router->dispatchToRoute(Object(Illuminate\\Http\\Request))
#34 C:\\xampp\\htdocs\\LARAVEL\\API-CRUD-APP\\vendor\\laravel\\framework\\src\\Illuminate\\Foundation\\Http\\Kernel.php(190): Illuminate\\Routing\\Router->dispatch(Object(Illuminate\\Http\\Request))
#35 C:\\xampp\\htdocs\\LARAVEL\\API-CRUD-APP\\vendor\\laravel\\framework\\src\\Illuminate\\Pipeline\\Pipeline.php(141): Illuminate\\Foundation\\Http\\Kernel->Illuminate\\Foundation\\Http\\{closure}(Object(Illuminate\\Http\\Request))
#36 C:\\xampp\\htdocs\\LARAVEL\\API-CRUD-APP\\vendor\\laravel\\framework\\src\\Illuminate\\Foundation\\Http\\Middleware\\TransformsRequest.php(21): Illuminate\\Pipeline\\Pipeline->Illuminate\\Pipeline\\{closure}(Object(Illuminate\\Http\\Request))
#37 C:\\xampp\\htdocs\\LARAVEL\\API-CRUD-APP\\vendor\\laravel\\framework\\src\\Illuminate\\Foundation\\Http\\Middleware\\ConvertEmptyStringsToNull.php(31): Illuminate\\Foundation\\Http\\Middleware\\TransformsRequest->handle(Object(Illuminate\\Http\\Request), Object(Closure))
#38 C:\\xampp\\htdocs\\LARAVEL\\API-CRUD-APP\\vendor\\laravel\\framework\\src\\Illuminate\\Pipeline\\Pipeline.php(180): Illuminate\\Foundation\\Http\\Middleware\\ConvertEmptyStringsToNull->handle(Object(Illuminate\\Http\\Request), Object(Closure))
#39 C:\\xampp\\htdocs\\LARAVEL\\API-CRUD-APP\\vendor\\laravel\\framework\\src\\Illuminate\\Foundation\\Http\\Middleware\\TransformsRequest.php(21): Illuminate\\Pipeline\\Pipeline->Illuminate\\Pipeline\\{closure}(Object(Illuminate\\Http\\Request))
#40 C:\\xampp\\htdocs\\LARAVEL\\API-CRUD-APP\\vendor\\laravel\\framework\\src\\Illuminate\\Foundation\\Http\\Middleware\\TrimStrings.php(40): Illuminate\\Foundation\\Http\\Middleware\\TransformsRequest->handle(Object(Illuminate\\Http\\Request), Object(Closure))
#41 C:\\xampp\\htdocs\\LARAVEL\\API-CRUD-APP\\vendor\\laravel\\framework\\src\\Illuminate\\Pipeline\\Pipeline.php(180): Illuminate\\Foundation\\Http\\Middleware\\TrimStrings->handle(Object(Illuminate\\Http\\Request), Object(Closure))
#42 C:\\xampp\\htdocs\\LARAVEL\\API-CRUD-APP\\vendor\\laravel\\framework\\src\\Illuminate\\Foundation\\Http\\Middleware\\ValidatePostSize.php(27): Illuminate\\Pipeline\\Pipeline->Illuminate\\Pipeline\\{closure}(Object(Illuminate\\Http\\Request))
#43 C:\\xampp\\htdocs\\LARAVEL\\API-CRUD-APP\\vendor\\laravel\\framework\\src\\Illuminate\\Pipeline\\Pipeline.php(180): Illuminate\\Foundation\\Http\\Middleware\\ValidatePostSize->handle(Object(Illuminate\\Http\\Request), Object(Closure))
#44 C:\\xampp\\htdocs\\LARAVEL\\API-CRUD-APP\\vendor\\laravel\\framework\\src\\Illuminate\\Foundation\\Http\\Middleware\\PreventRequestsDuringMaintenance.php(86): Illuminate\\Pipeline\\Pipeline->Illuminate\\Pipeline\\{closure}(Object(Illuminate\\Http\\Request))
#45 C:\\xampp\\htdocs\\LARAVEL\\API-CRUD-APP\\vendor\\laravel\\framework\\src\\Illuminate\\Pipeline\\Pipeline.php(180): Illuminate\\Foundation\\Http\\Middleware\\PreventRequestsDuringMaintenance->handle(Object(Illuminate\\Http\\Request), Object(Closure))
#46 C:\\xampp\\htdocs\\LARAVEL\\API-CRUD-APP\\vendor\\laravel\\framework\\src\\Illuminate\\Http\\Middleware\\HandleCors.php(62): Illuminate\\Pipeline\\Pipeline->Illuminate\\Pipeline\\{closure}(Object(Illuminate\\Http\\Request))
#47 C:\\xampp\\htdocs\\LARAVEL\\API-CRUD-APP\\vendor\\laravel\\framework\\src\\Illuminate\\Pipeline\\Pipeline.php(180): Illuminate\\Http\\Middleware\\HandleCors->handle(Object(Illuminate\\Http\\Request), Object(Closure))
#48 C:\\xampp\\htdocs\\LARAVEL\\API-CRUD-APP\\vendor\\laravel\\framework\\src\\Illuminate\\Http\\Middleware\\TrustProxies.php(39): Illuminate\\Pipeline\\Pipeline->Illuminate\\Pipeline\\{closure}(Object(Illuminate\\Http\\Request))
#49 C:\\xampp\\htdocs\\LARAVEL\\API-CRUD-APP\\vendor\\laravel\\framework\\src\\Illuminate\\Pipeline\\Pipeline.php(180): Illuminate\\Http\\Middleware\\TrustProxies->handle(Object(Illuminate\\Http\\Request), Object(Closure))
#50 C:\\xampp\\htdocs\\LARAVEL\\API-CRUD-APP\\vendor\\laravel\\framework\\src\\Illuminate\\Pipeline\\Pipeline.php(116): Illuminate\\Pipeline\\Pipeline->Illuminate\\Pipeline\\{closure}(Object(Illuminate\\Http\\Request))
#51 C:\\xampp\\htdocs\\LARAVEL\\API-CRUD-APP\\vendor\\laravel\\framework\\src\\Illuminate\\Foundation\\Http\\Kernel.php(165): Illuminate\\Pipeline\\Pipeline->then(Object(Closure))
#52 C:\\xampp\\htdocs\\LARAVEL\\API-CRUD-APP\\vendor\\laravel\\framework\\src\\Illuminate\\Foundation\\Http\\Kernel.php(134): Illuminate\\Foundation\\Http\\Kernel->sendRequestThroughRouter(Object(Illuminate\\Http\\Request))
#53 C:\\xampp\\htdocs\\LARAVEL\\API-CRUD-APP\\public\\index.php(52): Illuminate\\Foundation\\Http\\Kernel->handle(Object(Illuminate\\Http\\Request))
#54 C:\\xampp\\htdocs\\LARAVEL\\API-CRUD-APP\\vendor\\laravel\\framework\\src\\Illuminate\\Foundation\\resources\\server.php(16): require_once('C:\\\\xampp\\\\htdocs...')
#55 {main}
"} 
[2024-10-04 06:17:50] local.ERROR: SQLSTATE[42S22]: Column not found: 1054 Unknown column 'updated_at' in 'field list' (SQL: insert into `users` (`name`, `email`, `password`, `c_password`, `updated_at`, `created_at`) values (Dharam, Dharam@gmail.com, 1234, 1234, 2024-10-04 06:17:50, 2024-10-04 06:17:50)) {"exception":"[object] (Illuminate\\Database\\QueryException(code: 42S22): SQLSTATE[42S22]: Column not found: 1054 Unknown column 'updated_at' in 'field list' (SQL: insert into `users` (`name`, `email`, `password`, `c_password`, `updated_at`, `created_at`) values (Dharam, Dharam@gmail.com, 1234, 1234, 2024-10-04 06:17:50, 2024-10-04 06:17:50)) at C:\\xampp\\htdocs\\LARAVEL\\API-CRUD-APP\\vendor\\laravel\\framework\\src\\Illuminate\\Database\\Connection.php:760)
[stacktrace]
#0 C:\\xampp\\htdocs\\LARAVEL\\API-CRUD-APP\\vendor\\laravel\\framework\\src\\Illuminate\\Database\\Connection.php(720): Illuminate\\Database\\Connection->runQueryCallback('insert into `us...', Array, Object(Closure))
#1 C:\\xampp\\htdocs\\LARAVEL\\API-CRUD-APP\\vendor\\laravel\\framework\\src\\Illuminate\\Database\\Connection.php(546): Illuminate\\Database\\Connection->run('insert into `us...', Array, Object(Closure))
#2 C:\\xampp\\htdocs\\LARAVEL\\API-CRUD-APP\\vendor\\laravel\\framework\\src\\Illuminate\\Database\\Connection.php(498): Illuminate\\Database\\Connection->statement('insert into `us...', Array)
#3 C:\\xampp\\htdocs\\LARAVEL\\API-CRUD-APP\\vendor\\laravel\\framework\\src\\Illuminate\\Database\\Query\\Processors\\Processor.php(32): Illuminate\\Database\\Connection->insert('insert into `us...', Array)
#4 C:\\xampp\\htdocs\\LARAVEL\\API-CRUD-APP\\vendor\\laravel\\framework\\src\\Illuminate\\Database\\Query\\Builder.php(3322): Illuminate\\Database\\Query\\Processors\\Processor->processInsertGetId(Object(Illuminate\\Database\\Query\\Builder), 'insert into `us...', Array, 'id')
#5 C:\\xampp\\htdocs\\LARAVEL\\API-CRUD-APP\\vendor\\laravel\\framework\\src\\Illuminate\\Database\\Eloquent\\Builder.php(1869): Illuminate\\Database\\Query\\Builder->insertGetId(Array, 'id')
#6 C:\\xampp\\htdocs\\LARAVEL\\API-CRUD-APP\\vendor\\laravel\\framework\\src\\Illuminate\\Database\\Eloquent\\Model.php(1330): Illuminate\\Database\\Eloquent\\Builder->__call('insertGetId', Array)
#7 C:\\xampp\\htdocs\\LARAVEL\\API-CRUD-APP\\vendor\\laravel\\framework\\src\\Illuminate\\Database\\Eloquent\\Model.php(1295): Illuminate\\Database\\Eloquent\\Model->insertAndSetId(Object(Illuminate\\Database\\Eloquent\\Builder), Array)
#8 C:\\xampp\\htdocs\\LARAVEL\\API-CRUD-APP\\vendor\\laravel\\framework\\src\\Illuminate\\Database\\Eloquent\\Model.php(1138): Illuminate\\Database\\Eloquent\\Model->performInsert(Object(Illuminate\\Database\\Eloquent\\Builder))
#9 C:\\xampp\\htdocs\\LARAVEL\\API-CRUD-APP\\vendor\\laravel\\framework\\src\\Illuminate\\Database\\Eloquent\\Builder.php(986): Illuminate\\Database\\Eloquent\\Model->save()
#10 C:\\xampp\\htdocs\\LARAVEL\\API-CRUD-APP\\vendor\\laravel\\framework\\src\\Illuminate\\Support\\helpers.php(306): Illuminate\\Database\\Eloquent\\Builder->Illuminate\\Database\\Eloquent\\{closure}(Object(App\\Models\\User))
#11 C:\\xampp\\htdocs\\LARAVEL\\API-CRUD-APP\\vendor\\laravel\\framework\\src\\Illuminate\\Database\\Eloquent\\Builder.php(987): tap(Object(App\\Models\\User), Object(Closure))
#12 C:\\xampp\\htdocs\\LARAVEL\\API-CRUD-APP\\vendor\\laravel\\framework\\src\\Illuminate\\Support\\Traits\\ForwardsCalls.php(23): Illuminate\\Database\\Eloquent\\Builder->create(Array)
#13 C:\\xampp\\htdocs\\LARAVEL\\API-CRUD-APP\\vendor\\laravel\\framework\\src\\Illuminate\\Database\\Eloquent\\Model.php(2330): Illuminate\\Database\\Eloquent\\Model->forwardCallTo(Object(Illuminate\\Database\\Eloquent\\Builder), 'create', Array)
#14 C:\\xampp\\htdocs\\LARAVEL\\API-CRUD-APP\\app\\Http\\Controllers\\UserController.php(82): Illuminate\\Database\\Eloquent\\Model->__call('create', Array)
#15 C:\\xampp\\htdocs\\LARAVEL\\API-CRUD-APP\\vendor\\laravel\\framework\\src\\Illuminate\\Routing\\Controller.php(54): App\\Http\\Controllers\\UserController->register(Object(Illuminate\\Http\\Request))
#16 C:\\xampp\\htdocs\\LARAVEL\\API-CRUD-APP\\vendor\\laravel\\framework\\src\\Illuminate\\Routing\\ControllerDispatcher.php(43): Illuminate\\Routing\\Controller->callAction('register', Array)
#17 C:\\xampp\\htdocs\\LARAVEL\\API-CRUD-APP\\vendor\\laravel\\framework\\src\\Illuminate\\Routing\\Route.php(260): Illuminate\\Routing\\ControllerDispatcher->dispatch(Object(Illuminate\\Routing\\Route), Object(App\\Http\\Controllers\\UserController), 'register')
#18 C:\\xampp\\htdocs\\LARAVEL\\API-CRUD-APP\\vendor\\laravel\\framework\\src\\Illuminate\\Routing\\Route.php(205): Illuminate\\Routing\\Route->runController()
#19 C:\\xampp\\htdocs\\LARAVEL\\API-CRUD-APP\\vendor\\laravel\\framework\\src\\Illuminate\\Routing\\Router.php(798): Illuminate\\Routing\\Route->run()
#20 C:\\xampp\\htdocs\\LARAVEL\\API-CRUD-APP\\vendor\\laravel\\framework\\src\\Illuminate\\Pipeline\\Pipeline.php(141): Illuminate\\Routing\\Router->Illuminate\\Routing\\{closure}(Object(Illuminate\\Http\\Request))
#21 C:\\xampp\\htdocs\\LARAVEL\\API-CRUD-APP\\vendor\\laravel\\framework\\src\\Illuminate\\Routing\\Middleware\\SubstituteBindings.php(50): Illuminate\\Pipeline\\Pipeline->Illuminate\\Pipeline\\{closure}(Object(Illuminate\\Http\\Request))
#22 C:\\xampp\\htdocs\\LARAVEL\\API-CRUD-APP\\vendor\\laravel\\framework\\src\\Illuminate\\Pipeline\\Pipeline.php(180): Illuminate\\Routing\\Middleware\\SubstituteBindings->handle(Object(Illuminate\\Http\\Request), Object(Closure))
#23 C:\\xampp\\htdocs\\LARAVEL\\API-CRUD-APP\\vendor\\laravel\\framework\\src\\Illuminate\\Routing\\Middleware\\ThrottleRequests.php(126): Illuminate\\Pipeline\\Pipeline->Illuminate\\Pipeline\\{closure}(Object(Illuminate\\Http\\Request))
#24 C:\\xampp\\htdocs\\LARAVEL\\API-CRUD-APP\\vendor\\laravel\\framework\\src\\Illuminate\\Routing\\Middleware\\ThrottleRequests.php(102): Illuminate\\Routing\\Middleware\\ThrottleRequests->handleRequest(Object(Illuminate\\Http\\Request), Object(Closure), Array)
#25 C:\\xampp\\htdocs\\LARAVEL\\API-CRUD-APP\\vendor\\laravel\\framework\\src\\Illuminate\\Routing\\Middleware\\ThrottleRequests.php(54): Illuminate\\Routing\\Middleware\\ThrottleRequests->handleRequestUsingNamedLimiter(Object(Illuminate\\Http\\Request), Object(Closure), 'api', Object(Closure))
#26 C:\\xampp\\htdocs\\LARAVEL\\API-CRUD-APP\\vendor\\laravel\\framework\\src\\Illuminate\\Pipeline\\Pipeline.php(180): Illuminate\\Routing\\Middleware\\ThrottleRequests->handle(Object(Illuminate\\Http\\Request), Object(Closure), 'api')
#27 C:\\xampp\\htdocs\\LARAVEL\\API-CRUD-APP\\vendor\\laravel\\framework\\src\\Illuminate\\Pipeline\\Pipeline.php(116): Illuminate\\Pipeline\\Pipeline->Illuminate\\Pipeline\\{closure}(Object(Illuminate\\Http\\Request))
#28 C:\\xampp\\htdocs\\LARAVEL\\API-CRUD-APP\\vendor\\laravel\\framework\\src\\Illuminate\\Routing\\Router.php(799): Illuminate\\Pipeline\\Pipeline->then(Object(Closure))
#29 C:\\xampp\\htdocs\\LARAVEL\\API-CRUD-APP\\vendor\\laravel\\framework\\src\\Illuminate\\Routing\\Router.php(776): Illuminate\\Routing\\Router->runRouteWithinStack(Object(Illuminate\\Routing\\Route), Object(Illuminate\\Http\\Request))
#30 C:\\xampp\\htdocs\\LARAVEL\\API-CRUD-APP\\vendor\\laravel\\framework\\src\\Illuminate\\Routing\\Router.php(740): Illuminate\\Routing\\Router->runRoute(Object(Illuminate\\Http\\Request), Object(Illuminate\\Routing\\Route))
#31 C:\\xampp\\htdocs\\LARAVEL\\API-CRUD-APP\\vendor\\laravel\\framework\\src\\Illuminate\\Routing\\Router.php(729): Illuminate\\Routing\\Router->dispatchToRoute(Object(Illuminate\\Http\\Request))
#32 C:\\xampp\\htdocs\\LARAVEL\\API-CRUD-APP\\vendor\\laravel\\framework\\src\\Illuminate\\Foundation\\Http\\Kernel.php(190): Illuminate\\Routing\\Router->dispatch(Object(Illuminate\\Http\\Request))
#33 C:\\xampp\\htdocs\\LARAVEL\\API-CRUD-APP\\vendor\\laravel\\framework\\src\\Illuminate\\Pipeline\\Pipeline.php(141): Illuminate\\Foundation\\Http\\Kernel->Illuminate\\Foundation\\Http\\{closure}(Object(Illuminate\\Http\\Request))
#34 C:\\xampp\\htdocs\\LARAVEL\\API-CRUD-APP\\vendor\\laravel\\framework\\src\\Illuminate\\Foundation\\Http\\Middleware\\TransformsRequest.php(21): Illuminate\\Pipeline\\Pipeline->Illuminate\\Pipeline\\{closure}(Object(Illuminate\\Http\\Request))
#35 C:\\xampp\\htdocs\\LARAVEL\\API-CRUD-APP\\vendor\\laravel\\framework\\src\\Illuminate\\Foundation\\Http\\Middleware\\ConvertEmptyStringsToNull.php(31): Illuminate\\Foundation\\Http\\Middleware\\TransformsRequest->handle(Object(Illuminate\\Http\\Request), Object(Closure))
#36 C:\\xampp\\htdocs\\LARAVEL\\API-CRUD-APP\\vendor\\laravel\\framework\\src\\Illuminate\\Pipeline\\Pipeline.php(180): Illuminate\\Foundation\\Http\\Middleware\\ConvertEmptyStringsToNull->handle(Object(Illuminate\\Http\\Request), Object(Closure))
#37 C:\\xampp\\htdocs\\LARAVEL\\API-CRUD-APP\\vendor\\laravel\\framework\\src\\Illuminate\\Foundation\\Http\\Middleware\\TransformsRequest.php(21): Illuminate\\Pipeline\\Pipeline->Illuminate\\Pipeline\\{closure}(Object(Illuminate\\Http\\Request))
#38 C:\\xampp\\htdocs\\LARAVEL\\API-CRUD-APP\\vendor\\laravel\\framework\\src\\Illuminate\\Foundation\\Http\\Middleware\\TrimStrings.php(40): Illuminate\\Foundation\\Http\\Middleware\\TransformsRequest->handle(Object(Illuminate\\Http\\Request), Object(Closure))
#39 C:\\xampp\\htdocs\\LARAVEL\\API-CRUD-APP\\vendor\\laravel\\framework\\src\\Illuminate\\Pipeline\\Pipeline.php(180): Illuminate\\Foundation\\Http\\Middleware\\TrimStrings->handle(Object(Illuminate\\Http\\Request), Object(Closure))
#40 C:\\xampp\\htdocs\\LARAVEL\\API-CRUD-APP\\vendor\\laravel\\framework\\src\\Illuminate\\Foundation\\Http\\Middleware\\ValidatePostSize.php(27): Illuminate\\Pipeline\\Pipeline->Illuminate\\Pipeline\\{closure}(Object(Illuminate\\Http\\Request))
#41 C:\\xampp\\htdocs\\LARAVEL\\API-CRUD-APP\\vendor\\laravel\\framework\\src\\Illuminate\\Pipeline\\Pipeline.php(180): Illuminate\\Foundation\\Http\\Middleware\\ValidatePostSize->handle(Object(Illuminate\\Http\\Request), Object(Closure))
#42 C:\\xampp\\htdocs\\LARAVEL\\API-CRUD-APP\\vendor\\laravel\\framework\\src\\Illuminate\\Foundation\\Http\\Middleware\\PreventRequestsDuringMaintenance.php(86): Illuminate\\Pipeline\\Pipeline->Illuminate\\Pipeline\\{closure}(Object(Illuminate\\Http\\Request))
#43 C:\\xampp\\htdocs\\LARAVEL\\API-CRUD-APP\\vendor\\laravel\\framework\\src\\Illuminate\\Pipeline\\Pipeline.php(180): Illuminate\\Foundation\\Http\\Middleware\\PreventRequestsDuringMaintenance->handle(Object(Illuminate\\Http\\Request), Object(Closure))
#44 C:\\xampp\\htdocs\\LARAVEL\\API-CRUD-APP\\vendor\\laravel\\framework\\src\\Illuminate\\Http\\Middleware\\HandleCors.php(62): Illuminate\\Pipeline\\Pipeline->Illuminate\\Pipeline\\{closure}(Object(Illuminate\\Http\\Request))
#45 C:\\xampp\\htdocs\\LARAVEL\\API-CRUD-APP\\vendor\\laravel\\framework\\src\\Illuminate\\Pipeline\\Pipeline.php(180): Illuminate\\Http\\Middleware\\HandleCors->handle(Object(Illuminate\\Http\\Request), Object(Closure))
#46 C:\\xampp\\htdocs\\LARAVEL\\API-CRUD-APP\\vendor\\laravel\\framework\\src\\Illuminate\\Http\\Middleware\\TrustProxies.php(39): Illuminate\\Pipeline\\Pipeline->Illuminate\\Pipeline\\{closure}(Object(Illuminate\\Http\\Request))
#47 C:\\xampp\\htdocs\\LARAVEL\\API-CRUD-APP\\vendor\\laravel\\framework\\src\\Illuminate\\Pipeline\\Pipeline.php(180): Illuminate\\Http\\Middleware\\TrustProxies->handle(Object(Illuminate\\Http\\Request), Object(Closure))
#48 C:\\xampp\\htdocs\\LARAVEL\\API-CRUD-APP\\vendor\\laravel\\framework\\src\\Illuminate\\Pipeline\\Pipeline.php(116): Illuminate\\Pipeline\\Pipeline->Illuminate\\Pipeline\\{closure}(Object(Illuminate\\Http\\Request))
#49 C:\\xampp\\htdocs\\LARAVEL\\API-CRUD-APP\\vendor\\laravel\\framework\\src\\Illuminate\\Foundation\\Http\\Kernel.php(165): Illuminate\\Pipeline\\Pipeline->then(Object(Closure))
#50 C:\\xampp\\htdocs\\LARAVEL\\API-CRUD-APP\\vendor\\laravel\\framework\\src\\Illuminate\\Foundation\\Http\\Kernel.php(134): Illuminate\\Foundation\\Http\\Kernel->sendRequestThroughRouter(Object(Illuminate\\Http\\Request))
#51 C:\\xampp\\htdocs\\LARAVEL\\API-CRUD-APP\\public\\index.php(52): Illuminate\\Foundation\\Http\\Kernel->handle(Object(Illuminate\\Http\\Request))
#52 C:\\xampp\\htdocs\\LARAVEL\\API-CRUD-APP\\vendor\\laravel\\framework\\src\\Illuminate\\Foundation\\resources\\server.php(16): require_once('C:\\\\xampp\\\\htdocs...')
#53 {main}

[previous exception] [object] (PDOException(code: 42S22): SQLSTATE[42S22]: Column not found: 1054 Unknown column 'updated_at' in 'field list' at C:\\xampp\\htdocs\\LARAVEL\\API-CRUD-APP\\vendor\\laravel\\framework\\src\\Illuminate\\Database\\Connection.php:539)
[stacktrace]
#0 C:\\xampp\\htdocs\\LARAVEL\\API-CRUD-APP\\vendor\\laravel\\framework\\src\\Illuminate\\Database\\Connection.php(539): PDO->prepare('insert into `us...')
#1 C:\\xampp\\htdocs\\LARAVEL\\API-CRUD-APP\\vendor\\laravel\\framework\\src\\Illuminate\\Database\\Connection.php(753): Illuminate\\Database\\Connection->Illuminate\\Database\\{closure}('insert into `us...', Array)
#2 C:\\xampp\\htdocs\\LARAVEL\\API-CRUD-APP\\vendor\\laravel\\framework\\src\\Illuminate\\Database\\Connection.php(720): Illuminate\\Database\\Connection->runQueryCallback('insert into `us...', Array, Object(Closure))
#3 C:\\xampp\\htdocs\\LARAVEL\\API-CRUD-APP\\vendor\\laravel\\framework\\src\\Illuminate\\Database\\Connection.php(546): Illuminate\\Database\\Connection->run('insert into `us...', Array, Object(Closure))
#4 C:\\xampp\\htdocs\\LARAVEL\\API-CRUD-APP\\vendor\\laravel\\framework\\src\\Illuminate\\Database\\Connection.php(498): Illuminate\\Database\\Connection->statement('insert into `us...', Array)
#5 C:\\xampp\\htdocs\\LARAVEL\\API-CRUD-APP\\vendor\\laravel\\framework\\src\\Illuminate\\Database\\Query\\Processors\\Processor.php(32): Illuminate\\Database\\Connection->insert('insert into `us...', Array)
#6 C:\\xampp\\htdocs\\LARAVEL\\API-CRUD-APP\\vendor\\laravel\\framework\\src\\Illuminate\\Database\\Query\\Builder.php(3322): Illuminate\\Database\\Query\\Processors\\Processor->processInsertGetId(Object(Illuminate\\Database\\Query\\Builder), 'insert into `us...', Array, 'id')
#7 C:\\xampp\\htdocs\\LARAVEL\\API-CRUD-APP\\vendor\\laravel\\framework\\src\\Illuminate\\Database\\Eloquent\\Builder.php(1869): Illuminate\\Database\\Query\\Builder->insertGetId(Array, 'id')
#8 C:\\xampp\\htdocs\\LARAVEL\\API-CRUD-APP\\vendor\\laravel\\framework\\src\\Illuminate\\Database\\Eloquent\\Model.php(1330): Illuminate\\Database\\Eloquent\\Builder->__call('insertGetId', Array)
#9 C:\\xampp\\htdocs\\LARAVEL\\API-CRUD-APP\\vendor\\laravel\\framework\\src\\Illuminate\\Database\\Eloquent\\Model.php(1295): Illuminate\\Database\\Eloquent\\Model->insertAndSetId(Object(Illuminate\\Database\\Eloquent\\Builder), Array)
#10 C:\\xampp\\htdocs\\LARAVEL\\API-CRUD-APP\\vendor\\laravel\\framework\\src\\Illuminate\\Database\\Eloquent\\Model.php(1138): Illuminate\\Database\\Eloquent\\Model->performInsert(Object(Illuminate\\Database\\Eloquent\\Builder))
#11 C:\\xampp\\htdocs\\LARAVEL\\API-CRUD-APP\\vendor\\laravel\\framework\\src\\Illuminate\\Database\\Eloquent\\Builder.php(986): Illuminate\\Database\\Eloquent\\Model->save()
#12 C:\\xampp\\htdocs\\LARAVEL\\API-CRUD-APP\\vendor\\laravel\\framework\\src\\Illuminate\\Support\\helpers.php(306): Illuminate\\Database\\Eloquent\\Builder->Illuminate\\Database\\Eloquent\\{closure}(Object(App\\Models\\User))
#13 C:\\xampp\\htdocs\\LARAVEL\\API-CRUD-APP\\vendor\\laravel\\framework\\src\\Illuminate\\Database\\Eloquent\\Builder.php(987): tap(Object(App\\Models\\User), Object(Closure))
#14 C:\\xampp\\htdocs\\LARAVEL\\API-CRUD-APP\\vendor\\laravel\\framework\\src\\Illuminate\\Support\\Traits\\ForwardsCalls.php(23): Illuminate\\Database\\Eloquent\\Builder->create(Array)
#15 C:\\xampp\\htdocs\\LARAVEL\\API-CRUD-APP\\vendor\\laravel\\framework\\src\\Illuminate\\Database\\Eloquent\\Model.php(2330): Illuminate\\Database\\Eloquent\\Model->forwardCallTo(Object(Illuminate\\Database\\Eloquent\\Builder), 'create', Array)
#16 C:\\xampp\\htdocs\\LARAVEL\\API-CRUD-APP\\app\\Http\\Controllers\\UserController.php(82): Illuminate\\Database\\Eloquent\\Model->__call('create', Array)
#17 C:\\xampp\\htdocs\\LARAVEL\\API-CRUD-APP\\vendor\\laravel\\framework\\src\\Illuminate\\Routing\\Controller.php(54): App\\Http\\Controllers\\UserController->register(Object(Illuminate\\Http\\Request))
#18 C:\\xampp\\htdocs\\LARAVEL\\API-CRUD-APP\\vendor\\laravel\\framework\\src\\Illuminate\\Routing\\ControllerDispatcher.php(43): Illuminate\\Routing\\Controller->callAction('register', Array)
#19 C:\\xampp\\htdocs\\LARAVEL\\API-CRUD-APP\\vendor\\laravel\\framework\\src\\Illuminate\\Routing\\Route.php(260): Illuminate\\Routing\\ControllerDispatcher->dispatch(Object(Illuminate\\Routing\\Route), Object(App\\Http\\Controllers\\UserController), 'register')
#20 C:\\xampp\\htdocs\\LARAVEL\\API-CRUD-APP\\vendor\\laravel\\framework\\src\\Illuminate\\Routing\\Route.php(205): Illuminate\\Routing\\Route->runController()
#21 C:\\xampp\\htdocs\\LARAVEL\\API-CRUD-APP\\vendor\\laravel\\framework\\src\\Illuminate\\Routing\\Router.php(798): Illuminate\\Routing\\Route->run()
#22 C:\\xampp\\htdocs\\LARAVEL\\API-CRUD-APP\\vendor\\laravel\\framework\\src\\Illuminate\\Pipeline\\Pipeline.php(141): Illuminate\\Routing\\Router->Illuminate\\Routing\\{closure}(Object(Illuminate\\Http\\Request))
#23 C:\\xampp\\htdocs\\LARAVEL\\API-CRUD-APP\\vendor\\laravel\\framework\\src\\Illuminate\\Routing\\Middleware\\SubstituteBindings.php(50): Illuminate\\Pipeline\\Pipeline->Illuminate\\Pipeline\\{closure}(Object(Illuminate\\Http\\Request))
#24 C:\\xampp\\htdocs\\LARAVEL\\API-CRUD-APP\\vendor\\laravel\\framework\\src\\Illuminate\\Pipeline\\Pipeline.php(180): Illuminate\\Routing\\Middleware\\SubstituteBindings->handle(Object(Illuminate\\Http\\Request), Object(Closure))
#25 C:\\xampp\\htdocs\\LARAVEL\\API-CRUD-APP\\vendor\\laravel\\framework\\src\\Illuminate\\Routing\\Middleware\\ThrottleRequests.php(126): Illuminate\\Pipeline\\Pipeline->Illuminate\\Pipeline\\{closure}(Object(Illuminate\\Http\\Request))
#26 C:\\xampp\\htdocs\\LARAVEL\\API-CRUD-APP\\vendor\\laravel\\framework\\src\\Illuminate\\Routing\\Middleware\\ThrottleRequests.php(102): Illuminate\\Routing\\Middleware\\ThrottleRequests->handleRequest(Object(Illuminate\\Http\\Request), Object(Closure), Array)
#27 C:\\xampp\\htdocs\\LARAVEL\\API-CRUD-APP\\vendor\\laravel\\framework\\src\\Illuminate\\Routing\\Middleware\\ThrottleRequests.php(54): Illuminate\\Routing\\Middleware\\ThrottleRequests->handleRequestUsingNamedLimiter(Object(Illuminate\\Http\\Request), Object(Closure), 'api', Object(Closure))
#28 C:\\xampp\\htdocs\\LARAVEL\\API-CRUD-APP\\vendor\\laravel\\framework\\src\\Illuminate\\Pipeline\\Pipeline.php(180): Illuminate\\Routing\\Middleware\\ThrottleRequests->handle(Object(Illuminate\\Http\\Request), Object(Closure), 'api')
#29 C:\\xampp\\htdocs\\LARAVEL\\API-CRUD-APP\\vendor\\laravel\\framework\\src\\Illuminate\\Pipeline\\Pipeline.php(116): Illuminate\\Pipeline\\Pipeline->Illuminate\\Pipeline\\{closure}(Object(Illuminate\\Http\\Request))
#30 C:\\xampp\\htdocs\\LARAVEL\\API-CRUD-APP\\vendor\\laravel\\framework\\src\\Illuminate\\Routing\\Router.php(799): Illuminate\\Pipeline\\Pipeline->then(Object(Closure))
#31 C:\\xampp\\htdocs\\LARAVEL\\API-CRUD-APP\\vendor\\laravel\\framework\\src\\Illuminate\\Routing\\Router.php(776): Illuminate\\Routing\\Router->runRouteWithinStack(Object(Illuminate\\Routing\\Route), Object(Illuminate\\Http\\Request))
#32 C:\\xampp\\htdocs\\LARAVEL\\API-CRUD-APP\\vendor\\laravel\\framework\\src\\Illuminate\\Routing\\Router.php(740): Illuminate\\Routing\\Router->runRoute(Object(Illuminate\\Http\\Request), Object(Illuminate\\Routing\\Route))
#33 C:\\xampp\\htdocs\\LARAVEL\\API-CRUD-APP\\vendor\\laravel\\framework\\src\\Illuminate\\Routing\\Router.php(729): Illuminate\\Routing\\Router->dispatchToRoute(Object(Illuminate\\Http\\Request))
#34 C:\\xampp\\htdocs\\LARAVEL\\API-CRUD-APP\\vendor\\laravel\\framework\\src\\Illuminate\\Foundation\\Http\\Kernel.php(190): Illuminate\\Routing\\Router->dispatch(Object(Illuminate\\Http\\Request))
#35 C:\\xampp\\htdocs\\LARAVEL\\API-CRUD-APP\\vendor\\laravel\\framework\\src\\Illuminate\\Pipeline\\Pipeline.php(141): Illuminate\\Foundation\\Http\\Kernel->Illuminate\\Foundation\\Http\\{closure}(Object(Illuminate\\Http\\Request))
#36 C:\\xampp\\htdocs\\LARAVEL\\API-CRUD-APP\\vendor\\laravel\\framework\\src\\Illuminate\\Foundation\\Http\\Middleware\\TransformsRequest.php(21): Illuminate\\Pipeline\\Pipeline->Illuminate\\Pipeline\\{closure}(Object(Illuminate\\Http\\Request))
#37 C:\\xampp\\htdocs\\LARAVEL\\API-CRUD-APP\\vendor\\laravel\\framework\\src\\Illuminate\\Foundation\\Http\\Middleware\\ConvertEmptyStringsToNull.php(31): Illuminate\\Foundation\\Http\\Middleware\\TransformsRequest->handle(Object(Illuminate\\Http\\Request), Object(Closure))
#38 C:\\xampp\\htdocs\\LARAVEL\\API-CRUD-APP\\vendor\\laravel\\framework\\src\\Illuminate\\Pipeline\\Pipeline.php(180): Illuminate\\Foundation\\Http\\Middleware\\ConvertEmptyStringsToNull->handle(Object(Illuminate\\Http\\Request), Object(Closure))
#39 C:\\xampp\\htdocs\\LARAVEL\\API-CRUD-APP\\vendor\\laravel\\framework\\src\\Illuminate\\Foundation\\Http\\Middleware\\TransformsRequest.php(21): Illuminate\\Pipeline\\Pipeline->Illuminate\\Pipeline\\{closure}(Object(Illuminate\\Http\\Request))
#40 C:\\xampp\\htdocs\\LARAVEL\\API-CRUD-APP\\vendor\\laravel\\framework\\src\\Illuminate\\Foundation\\Http\\Middleware\\TrimStrings.php(40): Illuminate\\Foundation\\Http\\Middleware\\TransformsRequest->handle(Object(Illuminate\\Http\\Request), Object(Closure))
#41 C:\\xampp\\htdocs\\LARAVEL\\API-CRUD-APP\\vendor\\laravel\\framework\\src\\Illuminate\\Pipeline\\Pipeline.php(180): Illuminate\\Foundation\\Http\\Middleware\\TrimStrings->handle(Object(Illuminate\\Http\\Request), Object(Closure))
#42 C:\\xampp\\htdocs\\LARAVEL\\API-CRUD-APP\\vendor\\laravel\\framework\\src\\Illuminate\\Foundation\\Http\\Middleware\\ValidatePostSize.php(27): Illuminate\\Pipeline\\Pipeline->Illuminate\\Pipeline\\{closure}(Object(Illuminate\\Http\\Request))
#43 C:\\xampp\\htdocs\\LARAVEL\\API-CRUD-APP\\vendor\\laravel\\framework\\src\\Illuminate\\Pipeline\\Pipeline.php(180): Illuminate\\Foundation\\Http\\Middleware\\ValidatePostSize->handle(Object(Illuminate\\Http\\Request), Object(Closure))
#44 C:\\xampp\\htdocs\\LARAVEL\\API-CRUD-APP\\vendor\\laravel\\framework\\src\\Illuminate\\Foundation\\Http\\Middleware\\PreventRequestsDuringMaintenance.php(86): Illuminate\\Pipeline\\Pipeline->Illuminate\\Pipeline\\{closure}(Object(Illuminate\\Http\\Request))
#45 C:\\xampp\\htdocs\\LARAVEL\\API-CRUD-APP\\vendor\\laravel\\framework\\src\\Illuminate\\Pipeline\\Pipeline.php(180): Illuminate\\Foundation\\Http\\Middleware\\PreventRequestsDuringMaintenance->handle(Object(Illuminate\\Http\\Request), Object(Closure))
#46 C:\\xampp\\htdocs\\LARAVEL\\API-CRUD-APP\\vendor\\laravel\\framework\\src\\Illuminate\\Http\\Middleware\\HandleCors.php(62): Illuminate\\Pipeline\\Pipeline->Illuminate\\Pipeline\\{closure}(Object(Illuminate\\Http\\Request))
#47 C:\\xampp\\htdocs\\LARAVEL\\API-CRUD-APP\\vendor\\laravel\\framework\\src\\Illuminate\\Pipeline\\Pipeline.php(180): Illuminate\\Http\\Middleware\\HandleCors->handle(Object(Illuminate\\Http\\Request), Object(Closure))
#48 C:\\xampp\\htdocs\\LARAVEL\\API-CRUD-APP\\vendor\\laravel\\framework\\src\\Illuminate\\Http\\Middleware\\TrustProxies.php(39): Illuminate\\Pipeline\\Pipeline->Illuminate\\Pipeline\\{closure}(Object(Illuminate\\Http\\Request))
#49 C:\\xampp\\htdocs\\LARAVEL\\API-CRUD-APP\\vendor\\laravel\\framework\\src\\Illuminate\\Pipeline\\Pipeline.php(180): Illuminate\\Http\\Middleware\\TrustProxies->handle(Object(Illuminate\\Http\\Request), Object(Closure))
#50 C:\\xampp\\htdocs\\LARAVEL\\API-CRUD-APP\\vendor\\laravel\\framework\\src\\Illuminate\\Pipeline\\Pipeline.php(116): Illuminate\\Pipeline\\Pipeline->Illuminate\\Pipeline\\{closure}(Object(Illuminate\\Http\\Request))
#51 C:\\xampp\\htdocs\\LARAVEL\\API-CRUD-APP\\vendor\\laravel\\framework\\src\\Illuminate\\Foundation\\Http\\Kernel.php(165): Illuminate\\Pipeline\\Pipeline->then(Object(Closure))
#52 C:\\xampp\\htdocs\\LARAVEL\\API-CRUD-APP\\vendor\\laravel\\framework\\src\\Illuminate\\Foundation\\Http\\Kernel.php(134): Illuminate\\Foundation\\Http\\Kernel->sendRequestThroughRouter(Object(Illuminate\\Http\\Request))
#53 C:\\xampp\\htdocs\\LARAVEL\\API-CRUD-APP\\public\\index.php(52): Illuminate\\Foundation\\Http\\Kernel->handle(Object(Illuminate\\Http\\Request))
#54 C:\\xampp\\htdocs\\LARAVEL\\API-CRUD-APP\\vendor\\laravel\\framework\\src\\Illuminate\\Foundation\\resources\\server.php(16): require_once('C:\\\\xampp\\\\htdocs...')
#55 {main}
"} 
[2024-10-04 06:20:55] local.ERROR: SQLSTATE[42S22]: Column not found: 1054 Unknown column 'updated_at' in 'field list' (SQL: insert into `users` (`name`, `email`, `password`, `c_password`, `updated_at`, `created_at`) values (Dharam, Dharam@gmail.com, 1234, 1234, 2024-10-04 06:20:55, 2024-10-04 06:20:55)) {"exception":"[object] (Illuminate\\Database\\QueryException(code: 42S22): SQLSTATE[42S22]: Column not found: 1054 Unknown column 'updated_at' in 'field list' (SQL: insert into `users` (`name`, `email`, `password`, `c_password`, `updated_at`, `created_at`) values (Dharam, Dharam@gmail.com, 1234, 1234, 2024-10-04 06:20:55, 2024-10-04 06:20:55)) at C:\\xampp\\htdocs\\LARAVEL\\API-CRUD-APP\\vendor\\laravel\\framework\\src\\Illuminate\\Database\\Connection.php:760)
[stacktrace]
#0 C:\\xampp\\htdocs\\LARAVEL\\API-CRUD-APP\\vendor\\laravel\\framework\\src\\Illuminate\\Database\\Connection.php(720): Illuminate\\Database\\Connection->runQueryCallback('insert into `us...', Array, Object(Closure))
#1 C:\\xampp\\htdocs\\LARAVEL\\API-CRUD-APP\\vendor\\laravel\\framework\\src\\Illuminate\\Database\\Connection.php(546): Illuminate\\Database\\Connection->run('insert into `us...', Array, Object(Closure))
#2 C:\\xampp\\htdocs\\LARAVEL\\API-CRUD-APP\\vendor\\laravel\\framework\\src\\Illuminate\\Database\\Connection.php(498): Illuminate\\Database\\Connection->statement('insert into `us...', Array)
#3 C:\\xampp\\htdocs\\LARAVEL\\API-CRUD-APP\\vendor\\laravel\\framework\\src\\Illuminate\\Database\\Query\\Processors\\Processor.php(32): Illuminate\\Database\\Connection->insert('insert into `us...', Array)
#4 C:\\xampp\\htdocs\\LARAVEL\\API-CRUD-APP\\vendor\\laravel\\framework\\src\\Illuminate\\Database\\Query\\Builder.php(3322): Illuminate\\Database\\Query\\Processors\\Processor->processInsertGetId(Object(Illuminate\\Database\\Query\\Builder), 'insert into `us...', Array, 'id')
#5 C:\\xampp\\htdocs\\LARAVEL\\API-CRUD-APP\\vendor\\laravel\\framework\\src\\Illuminate\\Database\\Eloquent\\Builder.php(1869): Illuminate\\Database\\Query\\Builder->insertGetId(Array, 'id')
#6 C:\\xampp\\htdocs\\LARAVEL\\API-CRUD-APP\\vendor\\laravel\\framework\\src\\Illuminate\\Database\\Eloquent\\Model.php(1330): Illuminate\\Database\\Eloquent\\Builder->__call('insertGetId', Array)
#7 C:\\xampp\\htdocs\\LARAVEL\\API-CRUD-APP\\vendor\\laravel\\framework\\src\\Illuminate\\Database\\Eloquent\\Model.php(1295): Illuminate\\Database\\Eloquent\\Model->insertAndSetId(Object(Illuminate\\Database\\Eloquent\\Builder), Array)
#8 C:\\xampp\\htdocs\\LARAVEL\\API-CRUD-APP\\vendor\\laravel\\framework\\src\\Illuminate\\Database\\Eloquent\\Model.php(1138): Illuminate\\Database\\Eloquent\\Model->performInsert(Object(Illuminate\\Database\\Eloquent\\Builder))
#9 C:\\xampp\\htdocs\\LARAVEL\\API-CRUD-APP\\vendor\\laravel\\framework\\src\\Illuminate\\Database\\Eloquent\\Builder.php(986): Illuminate\\Database\\Eloquent\\Model->save()
#10 C:\\xampp\\htdocs\\LARAVEL\\API-CRUD-APP\\vendor\\laravel\\framework\\src\\Illuminate\\Support\\helpers.php(306): Illuminate\\Database\\Eloquent\\Builder->Illuminate\\Database\\Eloquent\\{closure}(Object(App\\Models\\User))
#11 C:\\xampp\\htdocs\\LARAVEL\\API-CRUD-APP\\vendor\\laravel\\framework\\src\\Illuminate\\Database\\Eloquent\\Builder.php(987): tap(Object(App\\Models\\User), Object(Closure))
#12 C:\\xampp\\htdocs\\LARAVEL\\API-CRUD-APP\\vendor\\laravel\\framework\\src\\Illuminate\\Support\\Traits\\ForwardsCalls.php(23): Illuminate\\Database\\Eloquent\\Builder->create(Array)
#13 C:\\xampp\\htdocs\\LARAVEL\\API-CRUD-APP\\vendor\\laravel\\framework\\src\\Illuminate\\Database\\Eloquent\\Model.php(2330): Illuminate\\Database\\Eloquent\\Model->forwardCallTo(Object(Illuminate\\Database\\Eloquent\\Builder), 'create', Array)
#14 C:\\xampp\\htdocs\\LARAVEL\\API-CRUD-APP\\app\\Http\\Controllers\\UserController.php(82): Illuminate\\Database\\Eloquent\\Model->__call('create', Array)
#15 C:\\xampp\\htdocs\\LARAVEL\\API-CRUD-APP\\vendor\\laravel\\framework\\src\\Illuminate\\Routing\\Controller.php(54): App\\Http\\Controllers\\UserController->register(Object(Illuminate\\Http\\Request))
#16 C:\\xampp\\htdocs\\LARAVEL\\API-CRUD-APP\\vendor\\laravel\\framework\\src\\Illuminate\\Routing\\ControllerDispatcher.php(43): Illuminate\\Routing\\Controller->callAction('register', Array)
#17 C:\\xampp\\htdocs\\LARAVEL\\API-CRUD-APP\\vendor\\laravel\\framework\\src\\Illuminate\\Routing\\Route.php(260): Illuminate\\Routing\\ControllerDispatcher->dispatch(Object(Illuminate\\Routing\\Route), Object(App\\Http\\Controllers\\UserController), 'register')
#18 C:\\xampp\\htdocs\\LARAVEL\\API-CRUD-APP\\vendor\\laravel\\framework\\src\\Illuminate\\Routing\\Route.php(205): Illuminate\\Routing\\Route->runController()
#19 C:\\xampp\\htdocs\\LARAVEL\\API-CRUD-APP\\vendor\\laravel\\framework\\src\\Illuminate\\Routing\\Router.php(798): Illuminate\\Routing\\Route->run()
#20 C:\\xampp\\htdocs\\LARAVEL\\API-CRUD-APP\\vendor\\laravel\\framework\\src\\Illuminate\\Pipeline\\Pipeline.php(141): Illuminate\\Routing\\Router->Illuminate\\Routing\\{closure}(Object(Illuminate\\Http\\Request))
#21 C:\\xampp\\htdocs\\LARAVEL\\API-CRUD-APP\\vendor\\laravel\\framework\\src\\Illuminate\\Routing\\Middleware\\SubstituteBindings.php(50): Illuminate\\Pipeline\\Pipeline->Illuminate\\Pipeline\\{closure}(Object(Illuminate\\Http\\Request))
#22 C:\\xampp\\htdocs\\LARAVEL\\API-CRUD-APP\\vendor\\laravel\\framework\\src\\Illuminate\\Pipeline\\Pipeline.php(180): Illuminate\\Routing\\Middleware\\SubstituteBindings->handle(Object(Illuminate\\Http\\Request), Object(Closure))
#23 C:\\xampp\\htdocs\\LARAVEL\\API-CRUD-APP\\vendor\\laravel\\framework\\src\\Illuminate\\Routing\\Middleware\\ThrottleRequests.php(126): Illuminate\\Pipeline\\Pipeline->Illuminate\\Pipeline\\{closure}(Object(Illuminate\\Http\\Request))
#24 C:\\xampp\\htdocs\\LARAVEL\\API-CRUD-APP\\vendor\\laravel\\framework\\src\\Illuminate\\Routing\\Middleware\\ThrottleRequests.php(102): Illuminate\\Routing\\Middleware\\ThrottleRequests->handleRequest(Object(Illuminate\\Http\\Request), Object(Closure), Array)
#25 C:\\xampp\\htdocs\\LARAVEL\\API-CRUD-APP\\vendor\\laravel\\framework\\src\\Illuminate\\Routing\\Middleware\\ThrottleRequests.php(54): Illuminate\\Routing\\Middleware\\ThrottleRequests->handleRequestUsingNamedLimiter(Object(Illuminate\\Http\\Request), Object(Closure), 'api', Object(Closure))
#26 C:\\xampp\\htdocs\\LARAVEL\\API-CRUD-APP\\vendor\\laravel\\framework\\src\\Illuminate\\Pipeline\\Pipeline.php(180): Illuminate\\Routing\\Middleware\\ThrottleRequests->handle(Object(Illuminate\\Http\\Request), Object(Closure), 'api')
#27 C:\\xampp\\htdocs\\LARAVEL\\API-CRUD-APP\\vendor\\laravel\\framework\\src\\Illuminate\\Pipeline\\Pipeline.php(116): Illuminate\\Pipeline\\Pipeline->Illuminate\\Pipeline\\{closure}(Object(Illuminate\\Http\\Request))
#28 C:\\xampp\\htdocs\\LARAVEL\\API-CRUD-APP\\vendor\\laravel\\framework\\src\\Illuminate\\Routing\\Router.php(799): Illuminate\\Pipeline\\Pipeline->then(Object(Closure))
#29 C:\\xampp\\htdocs\\LARAVEL\\API-CRUD-APP\\vendor\\laravel\\framework\\src\\Illuminate\\Routing\\Router.php(776): Illuminate\\Routing\\Router->runRouteWithinStack(Object(Illuminate\\Routing\\Route), Object(Illuminate\\Http\\Request))
#30 C:\\xampp\\htdocs\\LARAVEL\\API-CRUD-APP\\vendor\\laravel\\framework\\src\\Illuminate\\Routing\\Router.php(740): Illuminate\\Routing\\Router->runRoute(Object(Illuminate\\Http\\Request), Object(Illuminate\\Routing\\Route))
#31 C:\\xampp\\htdocs\\LARAVEL\\API-CRUD-APP\\vendor\\laravel\\framework\\src\\Illuminate\\Routing\\Router.php(729): Illuminate\\Routing\\Router->dispatchToRoute(Object(Illuminate\\Http\\Request))
#32 C:\\xampp\\htdocs\\LARAVEL\\API-CRUD-APP\\vendor\\laravel\\framework\\src\\Illuminate\\Foundation\\Http\\Kernel.php(190): Illuminate\\Routing\\Router->dispatch(Object(Illuminate\\Http\\Request))
#33 C:\\xampp\\htdocs\\LARAVEL\\API-CRUD-APP\\vendor\\laravel\\framework\\src\\Illuminate\\Pipeline\\Pipeline.php(141): Illuminate\\Foundation\\Http\\Kernel->Illuminate\\Foundation\\Http\\{closure}(Object(Illuminate\\Http\\Request))
#34 C:\\xampp\\htdocs\\LARAVEL\\API-CRUD-APP\\vendor\\laravel\\framework\\src\\Illuminate\\Foundation\\Http\\Middleware\\TransformsRequest.php(21): Illuminate\\Pipeline\\Pipeline->Illuminate\\Pipeline\\{closure}(Object(Illuminate\\Http\\Request))
#35 C:\\xampp\\htdocs\\LARAVEL\\API-CRUD-APP\\vendor\\laravel\\framework\\src\\Illuminate\\Foundation\\Http\\Middleware\\ConvertEmptyStringsToNull.php(31): Illuminate\\Foundation\\Http\\Middleware\\TransformsRequest->handle(Object(Illuminate\\Http\\Request), Object(Closure))
#36 C:\\xampp\\htdocs\\LARAVEL\\API-CRUD-APP\\vendor\\laravel\\framework\\src\\Illuminate\\Pipeline\\Pipeline.php(180): Illuminate\\Foundation\\Http\\Middleware\\ConvertEmptyStringsToNull->handle(Object(Illuminate\\Http\\Request), Object(Closure))
#37 C:\\xampp\\htdocs\\LARAVEL\\API-CRUD-APP\\vendor\\laravel\\framework\\src\\Illuminate\\Foundation\\Http\\Middleware\\TransformsRequest.php(21): Illuminate\\Pipeline\\Pipeline->Illuminate\\Pipeline\\{closure}(Object(Illuminate\\Http\\Request))
#38 C:\\xampp\\htdocs\\LARAVEL\\API-CRUD-APP\\vendor\\laravel\\framework\\src\\Illuminate\\Foundation\\Http\\Middleware\\TrimStrings.php(40): Illuminate\\Foundation\\Http\\Middleware\\TransformsRequest->handle(Object(Illuminate\\Http\\Request), Object(Closure))
#39 C:\\xampp\\htdocs\\LARAVEL\\API-CRUD-APP\\vendor\\laravel\\framework\\src\\Illuminate\\Pipeline\\Pipeline.php(180): Illuminate\\Foundation\\Http\\Middleware\\TrimStrings->handle(Object(Illuminate\\Http\\Request), Object(Closure))
#40 C:\\xampp\\htdocs\\LARAVEL\\API-CRUD-APP\\vendor\\laravel\\framework\\src\\Illuminate\\Foundation\\Http\\Middleware\\ValidatePostSize.php(27): Illuminate\\Pipeline\\Pipeline->Illuminate\\Pipeline\\{closure}(Object(Illuminate\\Http\\Request))
#41 C:\\xampp\\htdocs\\LARAVEL\\API-CRUD-APP\\vendor\\laravel\\framework\\src\\Illuminate\\Pipeline\\Pipeline.php(180): Illuminate\\Foundation\\Http\\Middleware\\ValidatePostSize->handle(Object(Illuminate\\Http\\Request), Object(Closure))
#42 C:\\xampp\\htdocs\\LARAVEL\\API-CRUD-APP\\vendor\\laravel\\framework\\src\\Illuminate\\Foundation\\Http\\Middleware\\PreventRequestsDuringMaintenance.php(86): Illuminate\\Pipeline\\Pipeline->Illuminate\\Pipeline\\{closure}(Object(Illuminate\\Http\\Request))
#43 C:\\xampp\\htdocs\\LARAVEL\\API-CRUD-APP\\vendor\\laravel\\framework\\src\\Illuminate\\Pipeline\\Pipeline.php(180): Illuminate\\Foundation\\Http\\Middleware\\PreventRequestsDuringMaintenance->handle(Object(Illuminate\\Http\\Request), Object(Closure))
#44 C:\\xampp\\htdocs\\LARAVEL\\API-CRUD-APP\\vendor\\laravel\\framework\\src\\Illuminate\\Http\\Middleware\\HandleCors.php(62): Illuminate\\Pipeline\\Pipeline->Illuminate\\Pipeline\\{closure}(Object(Illuminate\\Http\\Request))
#45 C:\\xampp\\htdocs\\LARAVEL\\API-CRUD-APP\\vendor\\laravel\\framework\\src\\Illuminate\\Pipeline\\Pipeline.php(180): Illuminate\\Http\\Middleware\\HandleCors->handle(Object(Illuminate\\Http\\Request), Object(Closure))
#46 C:\\xampp\\htdocs\\LARAVEL\\API-CRUD-APP\\vendor\\laravel\\framework\\src\\Illuminate\\Http\\Middleware\\TrustProxies.php(39): Illuminate\\Pipeline\\Pipeline->Illuminate\\Pipeline\\{closure}(Object(Illuminate\\Http\\Request))
#47 C:\\xampp\\htdocs\\LARAVEL\\API-CRUD-APP\\vendor\\laravel\\framework\\src\\Illuminate\\Pipeline\\Pipeline.php(180): Illuminate\\Http\\Middleware\\TrustProxies->handle(Object(Illuminate\\Http\\Request), Object(Closure))
#48 C:\\xampp\\htdocs\\LARAVEL\\API-CRUD-APP\\vendor\\laravel\\framework\\src\\Illuminate\\Pipeline\\Pipeline.php(116): Illuminate\\Pipeline\\Pipeline->Illuminate\\Pipeline\\{closure}(Object(Illuminate\\Http\\Request))
#49 C:\\xampp\\htdocs\\LARAVEL\\API-CRUD-APP\\vendor\\laravel\\framework\\src\\Illuminate\\Foundation\\Http\\Kernel.php(165): Illuminate\\Pipeline\\Pipeline->then(Object(Closure))
#50 C:\\xampp\\htdocs\\LARAVEL\\API-CRUD-APP\\vendor\\laravel\\framework\\src\\Illuminate\\Foundation\\Http\\Kernel.php(134): Illuminate\\Foundation\\Http\\Kernel->sendRequestThroughRouter(Object(Illuminate\\Http\\Request))
#51 C:\\xampp\\htdocs\\LARAVEL\\API-CRUD-APP\\public\\index.php(52): Illuminate\\Foundation\\Http\\Kernel->handle(Object(Illuminate\\Http\\Request))
#52 C:\\xampp\\htdocs\\LARAVEL\\API-CRUD-APP\\vendor\\laravel\\framework\\src\\Illuminate\\Foundation\\resources\\server.php(16): require_once('C:\\\\xampp\\\\htdocs...')
#53 {main}

[previous exception] [object] (PDOException(code: 42S22): SQLSTATE[42S22]: Column not found: 1054 Unknown column 'updated_at' in 'field list' at C:\\xampp\\htdocs\\LARAVEL\\API-CRUD-APP\\vendor\\laravel\\framework\\src\\Illuminate\\Database\\Connection.php:539)
[stacktrace]
#0 C:\\xampp\\htdocs\\LARAVEL\\API-CRUD-APP\\vendor\\laravel\\framework\\src\\Illuminate\\Database\\Connection.php(539): PDO->prepare('insert into `us...')
#1 C:\\xampp\\htdocs\\LARAVEL\\API-CRUD-APP\\vendor\\laravel\\framework\\src\\Illuminate\\Database\\Connection.php(753): Illuminate\\Database\\Connection->Illuminate\\Database\\{closure}('insert into `us...', Array)
#2 C:\\xampp\\htdocs\\LARAVEL\\API-CRUD-APP\\vendor\\laravel\\framework\\src\\Illuminate\\Database\\Connection.php(720): Illuminate\\Database\\Connection->runQueryCallback('insert into `us...', Array, Object(Closure))
#3 C:\\xampp\\htdocs\\LARAVEL\\API-CRUD-APP\\vendor\\laravel\\framework\\src\\Illuminate\\Database\\Connection.php(546): Illuminate\\Database\\Connection->run('insert into `us...', Array, Object(Closure))
#4 C:\\xampp\\htdocs\\LARAVEL\\API-CRUD-APP\\vendor\\laravel\\framework\\src\\Illuminate\\Database\\Connection.php(498): Illuminate\\Database\\Connection->statement('insert into `us...', Array)
#5 C:\\xampp\\htdocs\\LARAVEL\\API-CRUD-APP\\vendor\\laravel\\framework\\src\\Illuminate\\Database\\Query\\Processors\\Processor.php(32): Illuminate\\Database\\Connection->insert('insert into `us...', Array)
#6 C:\\xampp\\htdocs\\LARAVEL\\API-CRUD-APP\\vendor\\laravel\\framework\\src\\Illuminate\\Database\\Query\\Builder.php(3322): Illuminate\\Database\\Query\\Processors\\Processor->processInsertGetId(Object(Illuminate\\Database\\Query\\Builder), 'insert into `us...', Array, 'id')
#7 C:\\xampp\\htdocs\\LARAVEL\\API-CRUD-APP\\vendor\\laravel\\framework\\src\\Illuminate\\Database\\Eloquent\\Builder.php(1869): Illuminate\\Database\\Query\\Builder->insertGetId(Array, 'id')
#8 C:\\xampp\\htdocs\\LARAVEL\\API-CRUD-APP\\vendor\\laravel\\framework\\src\\Illuminate\\Database\\Eloquent\\Model.php(1330): Illuminate\\Database\\Eloquent\\Builder->__call('insertGetId', Array)
#9 C:\\xampp\\htdocs\\LARAVEL\\API-CRUD-APP\\vendor\\laravel\\framework\\src\\Illuminate\\Database\\Eloquent\\Model.php(1295): Illuminate\\Database\\Eloquent\\Model->insertAndSetId(Object(Illuminate\\Database\\Eloquent\\Builder), Array)
#10 C:\\xampp\\htdocs\\LARAVEL\\API-CRUD-APP\\vendor\\laravel\\framework\\src\\Illuminate\\Database\\Eloquent\\Model.php(1138): Illuminate\\Database\\Eloquent\\Model->performInsert(Object(Illuminate\\Database\\Eloquent\\Builder))
#11 C:\\xampp\\htdocs\\LARAVEL\\API-CRUD-APP\\vendor\\laravel\\framework\\src\\Illuminate\\Database\\Eloquent\\Builder.php(986): Illuminate\\Database\\Eloquent\\Model->save()
#12 C:\\xampp\\htdocs\\LARAVEL\\API-CRUD-APP\\vendor\\laravel\\framework\\src\\Illuminate\\Support\\helpers.php(306): Illuminate\\Database\\Eloquent\\Builder->Illuminate\\Database\\Eloquent\\{closure}(Object(App\\Models\\User))
#13 C:\\xampp\\htdocs\\LARAVEL\\API-CRUD-APP\\vendor\\laravel\\framework\\src\\Illuminate\\Database\\Eloquent\\Builder.php(987): tap(Object(App\\Models\\User), Object(Closure))
#14 C:\\xampp\\htdocs\\LARAVEL\\API-CRUD-APP\\vendor\\laravel\\framework\\src\\Illuminate\\Support\\Traits\\ForwardsCalls.php(23): Illuminate\\Database\\Eloquent\\Builder->create(Array)
#15 C:\\xampp\\htdocs\\LARAVEL\\API-CRUD-APP\\vendor\\laravel\\framework\\src\\Illuminate\\Database\\Eloquent\\Model.php(2330): Illuminate\\Database\\Eloquent\\Model->forwardCallTo(Object(Illuminate\\Database\\Eloquent\\Builder), 'create', Array)
#16 C:\\xampp\\htdocs\\LARAVEL\\API-CRUD-APP\\app\\Http\\Controllers\\UserController.php(82): Illuminate\\Database\\Eloquent\\Model->__call('create', Array)
#17 C:\\xampp\\htdocs\\LARAVEL\\API-CRUD-APP\\vendor\\laravel\\framework\\src\\Illuminate\\Routing\\Controller.php(54): App\\Http\\Controllers\\UserController->register(Object(Illuminate\\Http\\Request))
#18 C:\\xampp\\htdocs\\LARAVEL\\API-CRUD-APP\\vendor\\laravel\\framework\\src\\Illuminate\\Routing\\ControllerDispatcher.php(43): Illuminate\\Routing\\Controller->callAction('register', Array)
#19 C:\\xampp\\htdocs\\LARAVEL\\API-CRUD-APP\\vendor\\laravel\\framework\\src\\Illuminate\\Routing\\Route.php(260): Illuminate\\Routing\\ControllerDispatcher->dispatch(Object(Illuminate\\Routing\\Route), Object(App\\Http\\Controllers\\UserController), 'register')
#20 C:\\xampp\\htdocs\\LARAVEL\\API-CRUD-APP\\vendor\\laravel\\framework\\src\\Illuminate\\Routing\\Route.php(205): Illuminate\\Routing\\Route->runController()
#21 C:\\xampp\\htdocs\\LARAVEL\\API-CRUD-APP\\vendor\\laravel\\framework\\src\\Illuminate\\Routing\\Router.php(798): Illuminate\\Routing\\Route->run()
#22 C:\\xampp\\htdocs\\LARAVEL\\API-CRUD-APP\\vendor\\laravel\\framework\\src\\Illuminate\\Pipeline\\Pipeline.php(141): Illuminate\\Routing\\Router->Illuminate\\Routing\\{closure}(Object(Illuminate\\Http\\Request))
#23 C:\\xampp\\htdocs\\LARAVEL\\API-CRUD-APP\\vendor\\laravel\\framework\\src\\Illuminate\\Routing\\Middleware\\SubstituteBindings.php(50): Illuminate\\Pipeline\\Pipeline->Illuminate\\Pipeline\\{closure}(Object(Illuminate\\Http\\Request))
#24 C:\\xampp\\htdocs\\LARAVEL\\API-CRUD-APP\\vendor\\laravel\\framework\\src\\Illuminate\\Pipeline\\Pipeline.php(180): Illuminate\\Routing\\Middleware\\SubstituteBindings->handle(Object(Illuminate\\Http\\Request), Object(Closure))
#25 C:\\xampp\\htdocs\\LARAVEL\\API-CRUD-APP\\vendor\\laravel\\framework\\src\\Illuminate\\Routing\\Middleware\\ThrottleRequests.php(126): Illuminate\\Pipeline\\Pipeline->Illuminate\\Pipeline\\{closure}(Object(Illuminate\\Http\\Request))
#26 C:\\xampp\\htdocs\\LARAVEL\\API-CRUD-APP\\vendor\\laravel\\framework\\src\\Illuminate\\Routing\\Middleware\\ThrottleRequests.php(102): Illuminate\\Routing\\Middleware\\ThrottleRequests->handleRequest(Object(Illuminate\\Http\\Request), Object(Closure), Array)
#27 C:\\xampp\\htdocs\\LARAVEL\\API-CRUD-APP\\vendor\\laravel\\framework\\src\\Illuminate\\Routing\\Middleware\\ThrottleRequests.php(54): Illuminate\\Routing\\Middleware\\ThrottleRequests->handleRequestUsingNamedLimiter(Object(Illuminate\\Http\\Request), Object(Closure), 'api', Object(Closure))
#28 C:\\xampp\\htdocs\\LARAVEL\\API-CRUD-APP\\vendor\\laravel\\framework\\src\\Illuminate\\Pipeline\\Pipeline.php(180): Illuminate\\Routing\\Middleware\\ThrottleRequests->handle(Object(Illuminate\\Http\\Request), Object(Closure), 'api')
#29 C:\\xampp\\htdocs\\LARAVEL\\API-CRUD-APP\\vendor\\laravel\\framework\\src\\Illuminate\\Pipeline\\Pipeline.php(116): Illuminate\\Pipeline\\Pipeline->Illuminate\\Pipeline\\{closure}(Object(Illuminate\\Http\\Request))
#30 C:\\xampp\\htdocs\\LARAVEL\\API-CRUD-APP\\vendor\\laravel\\framework\\src\\Illuminate\\Routing\\Router.php(799): Illuminate\\Pipeline\\Pipeline->then(Object(Closure))
#31 C:\\xampp\\htdocs\\LARAVEL\\API-CRUD-APP\\vendor\\laravel\\framework\\src\\Illuminate\\Routing\\Router.php(776): Illuminate\\Routing\\Router->runRouteWithinStack(Object(Illuminate\\Routing\\Route), Object(Illuminate\\Http\\Request))
#32 C:\\xampp\\htdocs\\LARAVEL\\API-CRUD-APP\\vendor\\laravel\\framework\\src\\Illuminate\\Routing\\Router.php(740): Illuminate\\Routing\\Router->runRoute(Object(Illuminate\\Http\\Request), Object(Illuminate\\Routing\\Route))
#33 C:\\xampp\\htdocs\\LARAVEL\\API-CRUD-APP\\vendor\\laravel\\framework\\src\\Illuminate\\Routing\\Router.php(729): Illuminate\\Routing\\Router->dispatchToRoute(Object(Illuminate\\Http\\Request))
#34 C:\\xampp\\htdocs\\LARAVEL\\API-CRUD-APP\\vendor\\laravel\\framework\\src\\Illuminate\\Foundation\\Http\\Kernel.php(190): Illuminate\\Routing\\Router->dispatch(Object(Illuminate\\Http\\Request))
#35 C:\\xampp\\htdocs\\LARAVEL\\API-CRUD-APP\\vendor\\laravel\\framework\\src\\Illuminate\\Pipeline\\Pipeline.php(141): Illuminate\\Foundation\\Http\\Kernel->Illuminate\\Foundation\\Http\\{closure}(Object(Illuminate\\Http\\Request))
#36 C:\\xampp\\htdocs\\LARAVEL\\API-CRUD-APP\\vendor\\laravel\\framework\\src\\Illuminate\\Foundation\\Http\\Middleware\\TransformsRequest.php(21): Illuminate\\Pipeline\\Pipeline->Illuminate\\Pipeline\\{closure}(Object(Illuminate\\Http\\Request))
#37 C:\\xampp\\htdocs\\LARAVEL\\API-CRUD-APP\\vendor\\laravel\\framework\\src\\Illuminate\\Foundation\\Http\\Middleware\\ConvertEmptyStringsToNull.php(31): Illuminate\\Foundation\\Http\\Middleware\\TransformsRequest->handle(Object(Illuminate\\Http\\Request), Object(Closure))
#38 C:\\xampp\\htdocs\\LARAVEL\\API-CRUD-APP\\vendor\\laravel\\framework\\src\\Illuminate\\Pipeline\\Pipeline.php(180): Illuminate\\Foundation\\Http\\Middleware\\ConvertEmptyStringsToNull->handle(Object(Illuminate\\Http\\Request), Object(Closure))
#39 C:\\xampp\\htdocs\\LARAVEL\\API-CRUD-APP\\vendor\\laravel\\framework\\src\\Illuminate\\Foundation\\Http\\Middleware\\TransformsRequest.php(21): Illuminate\\Pipeline\\Pipeline->Illuminate\\Pipeline\\{closure}(Object(Illuminate\\Http\\Request))
#40 C:\\xampp\\htdocs\\LARAVEL\\API-CRUD-APP\\vendor\\laravel\\framework\\src\\Illuminate\\Foundation\\Http\\Middleware\\TrimStrings.php(40): Illuminate\\Foundation\\Http\\Middleware\\TransformsRequest->handle(Object(Illuminate\\Http\\Request), Object(Closure))
#41 C:\\xampp\\htdocs\\LARAVEL\\API-CRUD-APP\\vendor\\laravel\\framework\\src\\Illuminate\\Pipeline\\Pipeline.php(180): Illuminate\\Foundation\\Http\\Middleware\\TrimStrings->handle(Object(Illuminate\\Http\\Request), Object(Closure))
#42 C:\\xampp\\htdocs\\LARAVEL\\API-CRUD-APP\\vendor\\laravel\\framework\\src\\Illuminate\\Foundation\\Http\\Middleware\\ValidatePostSize.php(27): Illuminate\\Pipeline\\Pipeline->Illuminate\\Pipeline\\{closure}(Object(Illuminate\\Http\\Request))
#43 C:\\xampp\\htdocs\\LARAVEL\\API-CRUD-APP\\vendor\\laravel\\framework\\src\\Illuminate\\Pipeline\\Pipeline.php(180): Illuminate\\Foundation\\Http\\Middleware\\ValidatePostSize->handle(Object(Illuminate\\Http\\Request), Object(Closure))
#44 C:\\xampp\\htdocs\\LARAVEL\\API-CRUD-APP\\vendor\\laravel\\framework\\src\\Illuminate\\Foundation\\Http\\Middleware\\PreventRequestsDuringMaintenance.php(86): Illuminate\\Pipeline\\Pipeline->Illuminate\\Pipeline\\{closure}(Object(Illuminate\\Http\\Request))
#45 C:\\xampp\\htdocs\\LARAVEL\\API-CRUD-APP\\vendor\\laravel\\framework\\src\\Illuminate\\Pipeline\\Pipeline.php(180): Illuminate\\Foundation\\Http\\Middleware\\PreventRequestsDuringMaintenance->handle(Object(Illuminate\\Http\\Request), Object(Closure))
#46 C:\\xampp\\htdocs\\LARAVEL\\API-CRUD-APP\\vendor\\laravel\\framework\\src\\Illuminate\\Http\\Middleware\\HandleCors.php(62): Illuminate\\Pipeline\\Pipeline->Illuminate\\Pipeline\\{closure}(Object(Illuminate\\Http\\Request))
#47 C:\\xampp\\htdocs\\LARAVEL\\API-CRUD-APP\\vendor\\laravel\\framework\\src\\Illuminate\\Pipeline\\Pipeline.php(180): Illuminate\\Http\\Middleware\\HandleCors->handle(Object(Illuminate\\Http\\Request), Object(Closure))
#48 C:\\xampp\\htdocs\\LARAVEL\\API-CRUD-APP\\vendor\\laravel\\framework\\src\\Illuminate\\Http\\Middleware\\TrustProxies.php(39): Illuminate\\Pipeline\\Pipeline->Illuminate\\Pipeline\\{closure}(Object(Illuminate\\Http\\Request))
#49 C:\\xampp\\htdocs\\LARAVEL\\API-CRUD-APP\\vendor\\laravel\\framework\\src\\Illuminate\\Pipeline\\Pipeline.php(180): Illuminate\\Http\\Middleware\\TrustProxies->handle(Object(Illuminate\\Http\\Request), Object(Closure))
#50 C:\\xampp\\htdocs\\LARAVEL\\API-CRUD-APP\\vendor\\laravel\\framework\\src\\Illuminate\\Pipeline\\Pipeline.php(116): Illuminate\\Pipeline\\Pipeline->Illuminate\\Pipeline\\{closure}(Object(Illuminate\\Http\\Request))
#51 C:\\xampp\\htdocs\\LARAVEL\\API-CRUD-APP\\vendor\\laravel\\framework\\src\\Illuminate\\Foundation\\Http\\Kernel.php(165): Illuminate\\Pipeline\\Pipeline->then(Object(Closure))
#52 C:\\xampp\\htdocs\\LARAVEL\\API-CRUD-APP\\vendor\\laravel\\framework\\src\\Illuminate\\Foundation\\Http\\Kernel.php(134): Illuminate\\Foundation\\Http\\Kernel->sendRequestThroughRouter(Object(Illuminate\\Http\\Request))
#53 C:\\xampp\\htdocs\\LARAVEL\\API-CRUD-APP\\public\\index.php(52): Illuminate\\Foundation\\Http\\Kernel->handle(Object(Illuminate\\Http\\Request))
#54 C:\\xampp\\htdocs\\LARAVEL\\API-CRUD-APP\\vendor\\laravel\\framework\\src\\Illuminate\\Foundation\\resources\\server.php(16): require_once('C:\\\\xampp\\\\htdocs...')
#55 {main}
"} 
[2024-10-04 06:23:41] local.ERROR: SQLSTATE[42S22]: Column not found: 1054 Unknown column 'updated_at' in 'field list' (SQL: insert into `users` (`name`, `email`, `password`, `c_password`, `updated_at`, `created_at`) values (Nikunj, nikunj@gmail.com, 1234, 1234, 2024-10-04 06:23:41, 2024-10-04 06:23:41)) {"exception":"[object] (Illuminate\\Database\\QueryException(code: 42S22): SQLSTATE[42S22]: Column not found: 1054 Unknown column 'updated_at' in 'field list' (SQL: insert into `users` (`name`, `email`, `password`, `c_password`, `updated_at`, `created_at`) values (Nikunj, nikunj@gmail.com, 1234, 1234, 2024-10-04 06:23:41, 2024-10-04 06:23:41)) at C:\\xampp\\htdocs\\LARAVEL\\API-CRUD-APP\\vendor\\laravel\\framework\\src\\Illuminate\\Database\\Connection.php:760)
[stacktrace]
#0 C:\\xampp\\htdocs\\LARAVEL\\API-CRUD-APP\\vendor\\laravel\\framework\\src\\Illuminate\\Database\\Connection.php(720): Illuminate\\Database\\Connection->runQueryCallback('insert into `us...', Array, Object(Closure))
#1 C:\\xampp\\htdocs\\LARAVEL\\API-CRUD-APP\\vendor\\laravel\\framework\\src\\Illuminate\\Database\\Connection.php(546): Illuminate\\Database\\Connection->run('insert into `us...', Array, Object(Closure))
#2 C:\\xampp\\htdocs\\LARAVEL\\API-CRUD-APP\\vendor\\laravel\\framework\\src\\Illuminate\\Database\\Connection.php(498): Illuminate\\Database\\Connection->statement('insert into `us...', Array)
#3 C:\\xampp\\htdocs\\LARAVEL\\API-CRUD-APP\\vendor\\laravel\\framework\\src\\Illuminate\\Database\\Query\\Processors\\Processor.php(32): Illuminate\\Database\\Connection->insert('insert into `us...', Array)
#4 C:\\xampp\\htdocs\\LARAVEL\\API-CRUD-APP\\vendor\\laravel\\framework\\src\\Illuminate\\Database\\Query\\Builder.php(3322): Illuminate\\Database\\Query\\Processors\\Processor->processInsertGetId(Object(Illuminate\\Database\\Query\\Builder), 'insert into `us...', Array, 'id')
#5 C:\\xampp\\htdocs\\LARAVEL\\API-CRUD-APP\\vendor\\laravel\\framework\\src\\Illuminate\\Database\\Eloquent\\Builder.php(1869): Illuminate\\Database\\Query\\Builder->insertGetId(Array, 'id')
#6 C:\\xampp\\htdocs\\LARAVEL\\API-CRUD-APP\\vendor\\laravel\\framework\\src\\Illuminate\\Database\\Eloquent\\Model.php(1330): Illuminate\\Database\\Eloquent\\Builder->__call('insertGetId', Array)
#7 C:\\xampp\\htdocs\\LARAVEL\\API-CRUD-APP\\vendor\\laravel\\framework\\src\\Illuminate\\Database\\Eloquent\\Model.php(1295): Illuminate\\Database\\Eloquent\\Model->insertAndSetId(Object(Illuminate\\Database\\Eloquent\\Builder), Array)
#8 C:\\xampp\\htdocs\\LARAVEL\\API-CRUD-APP\\vendor\\laravel\\framework\\src\\Illuminate\\Database\\Eloquent\\Model.php(1138): Illuminate\\Database\\Eloquent\\Model->performInsert(Object(Illuminate\\Database\\Eloquent\\Builder))
#9 C:\\xampp\\htdocs\\LARAVEL\\API-CRUD-APP\\vendor\\laravel\\framework\\src\\Illuminate\\Database\\Eloquent\\Builder.php(986): Illuminate\\Database\\Eloquent\\Model->save()
#10 C:\\xampp\\htdocs\\LARAVEL\\API-CRUD-APP\\vendor\\laravel\\framework\\src\\Illuminate\\Support\\helpers.php(306): Illuminate\\Database\\Eloquent\\Builder->Illuminate\\Database\\Eloquent\\{closure}(Object(App\\Models\\User))
#11 C:\\xampp\\htdocs\\LARAVEL\\API-CRUD-APP\\vendor\\laravel\\framework\\src\\Illuminate\\Database\\Eloquent\\Builder.php(987): tap(Object(App\\Models\\User), Object(Closure))
#12 C:\\xampp\\htdocs\\LARAVEL\\API-CRUD-APP\\vendor\\laravel\\framework\\src\\Illuminate\\Support\\Traits\\ForwardsCalls.php(23): Illuminate\\Database\\Eloquent\\Builder->create(Array)
#13 C:\\xampp\\htdocs\\LARAVEL\\API-CRUD-APP\\vendor\\laravel\\framework\\src\\Illuminate\\Database\\Eloquent\\Model.php(2330): Illuminate\\Database\\Eloquent\\Model->forwardCallTo(Object(Illuminate\\Database\\Eloquent\\Builder), 'create', Array)
#14 C:\\xampp\\htdocs\\LARAVEL\\API-CRUD-APP\\app\\Http\\Controllers\\UserController.php(82): Illuminate\\Database\\Eloquent\\Model->__call('create', Array)
#15 C:\\xampp\\htdocs\\LARAVEL\\API-CRUD-APP\\vendor\\laravel\\framework\\src\\Illuminate\\Routing\\Controller.php(54): App\\Http\\Controllers\\UserController->register(Object(Illuminate\\Http\\Request))
#16 C:\\xampp\\htdocs\\LARAVEL\\API-CRUD-APP\\vendor\\laravel\\framework\\src\\Illuminate\\Routing\\ControllerDispatcher.php(43): Illuminate\\Routing\\Controller->callAction('register', Array)
#17 C:\\xampp\\htdocs\\LARAVEL\\API-CRUD-APP\\vendor\\laravel\\framework\\src\\Illuminate\\Routing\\Route.php(260): Illuminate\\Routing\\ControllerDispatcher->dispatch(Object(Illuminate\\Routing\\Route), Object(App\\Http\\Controllers\\UserController), 'register')
#18 C:\\xampp\\htdocs\\LARAVEL\\API-CRUD-APP\\vendor\\laravel\\framework\\src\\Illuminate\\Routing\\Route.php(205): Illuminate\\Routing\\Route->runController()
#19 C:\\xampp\\htdocs\\LARAVEL\\API-CRUD-APP\\vendor\\laravel\\framework\\src\\Illuminate\\Routing\\Router.php(798): Illuminate\\Routing\\Route->run()
#20 C:\\xampp\\htdocs\\LARAVEL\\API-CRUD-APP\\vendor\\laravel\\framework\\src\\Illuminate\\Pipeline\\Pipeline.php(141): Illuminate\\Routing\\Router->Illuminate\\Routing\\{closure}(Object(Illuminate\\Http\\Request))
#21 C:\\xampp\\htdocs\\LARAVEL\\API-CRUD-APP\\vendor\\laravel\\framework\\src\\Illuminate\\Routing\\Middleware\\SubstituteBindings.php(50): Illuminate\\Pipeline\\Pipeline->Illuminate\\Pipeline\\{closure}(Object(Illuminate\\Http\\Request))
#22 C:\\xampp\\htdocs\\LARAVEL\\API-CRUD-APP\\vendor\\laravel\\framework\\src\\Illuminate\\Pipeline\\Pipeline.php(180): Illuminate\\Routing\\Middleware\\SubstituteBindings->handle(Object(Illuminate\\Http\\Request), Object(Closure))
#23 C:\\xampp\\htdocs\\LARAVEL\\API-CRUD-APP\\vendor\\laravel\\framework\\src\\Illuminate\\Routing\\Middleware\\ThrottleRequests.php(126): Illuminate\\Pipeline\\Pipeline->Illuminate\\Pipeline\\{closure}(Object(Illuminate\\Http\\Request))
#24 C:\\xampp\\htdocs\\LARAVEL\\API-CRUD-APP\\vendor\\laravel\\framework\\src\\Illuminate\\Routing\\Middleware\\ThrottleRequests.php(102): Illuminate\\Routing\\Middleware\\ThrottleRequests->handleRequest(Object(Illuminate\\Http\\Request), Object(Closure), Array)
#25 C:\\xampp\\htdocs\\LARAVEL\\API-CRUD-APP\\vendor\\laravel\\framework\\src\\Illuminate\\Routing\\Middleware\\ThrottleRequests.php(54): Illuminate\\Routing\\Middleware\\ThrottleRequests->handleRequestUsingNamedLimiter(Object(Illuminate\\Http\\Request), Object(Closure), 'api', Object(Closure))
#26 C:\\xampp\\htdocs\\LARAVEL\\API-CRUD-APP\\vendor\\laravel\\framework\\src\\Illuminate\\Pipeline\\Pipeline.php(180): Illuminate\\Routing\\Middleware\\ThrottleRequests->handle(Object(Illuminate\\Http\\Request), Object(Closure), 'api')
#27 C:\\xampp\\htdocs\\LARAVEL\\API-CRUD-APP\\vendor\\laravel\\framework\\src\\Illuminate\\Pipeline\\Pipeline.php(116): Illuminate\\Pipeline\\Pipeline->Illuminate\\Pipeline\\{closure}(Object(Illuminate\\Http\\Request))
#28 C:\\xampp\\htdocs\\LARAVEL\\API-CRUD-APP\\vendor\\laravel\\framework\\src\\Illuminate\\Routing\\Router.php(799): Illuminate\\Pipeline\\Pipeline->then(Object(Closure))
#29 C:\\xampp\\htdocs\\LARAVEL\\API-CRUD-APP\\vendor\\laravel\\framework\\src\\Illuminate\\Routing\\Router.php(776): Illuminate\\Routing\\Router->runRouteWithinStack(Object(Illuminate\\Routing\\Route), Object(Illuminate\\Http\\Request))
#30 C:\\xampp\\htdocs\\LARAVEL\\API-CRUD-APP\\vendor\\laravel\\framework\\src\\Illuminate\\Routing\\Router.php(740): Illuminate\\Routing\\Router->runRoute(Object(Illuminate\\Http\\Request), Object(Illuminate\\Routing\\Route))
#31 C:\\xampp\\htdocs\\LARAVEL\\API-CRUD-APP\\vendor\\laravel\\framework\\src\\Illuminate\\Routing\\Router.php(729): Illuminate\\Routing\\Router->dispatchToRoute(Object(Illuminate\\Http\\Request))
#32 C:\\xampp\\htdocs\\LARAVEL\\API-CRUD-APP\\vendor\\laravel\\framework\\src\\Illuminate\\Foundation\\Http\\Kernel.php(190): Illuminate\\Routing\\Router->dispatch(Object(Illuminate\\Http\\Request))
#33 C:\\xampp\\htdocs\\LARAVEL\\API-CRUD-APP\\vendor\\laravel\\framework\\src\\Illuminate\\Pipeline\\Pipeline.php(141): Illuminate\\Foundation\\Http\\Kernel->Illuminate\\Foundation\\Http\\{closure}(Object(Illuminate\\Http\\Request))
#34 C:\\xampp\\htdocs\\LARAVEL\\API-CRUD-APP\\vendor\\laravel\\framework\\src\\Illuminate\\Foundation\\Http\\Middleware\\TransformsRequest.php(21): Illuminate\\Pipeline\\Pipeline->Illuminate\\Pipeline\\{closure}(Object(Illuminate\\Http\\Request))
#35 C:\\xampp\\htdocs\\LARAVEL\\API-CRUD-APP\\vendor\\laravel\\framework\\src\\Illuminate\\Foundation\\Http\\Middleware\\ConvertEmptyStringsToNull.php(31): Illuminate\\Foundation\\Http\\Middleware\\TransformsRequest->handle(Object(Illuminate\\Http\\Request), Object(Closure))
#36 C:\\xampp\\htdocs\\LARAVEL\\API-CRUD-APP\\vendor\\laravel\\framework\\src\\Illuminate\\Pipeline\\Pipeline.php(180): Illuminate\\Foundation\\Http\\Middleware\\ConvertEmptyStringsToNull->handle(Object(Illuminate\\Http\\Request), Object(Closure))
#37 C:\\xampp\\htdocs\\LARAVEL\\API-CRUD-APP\\vendor\\laravel\\framework\\src\\Illuminate\\Foundation\\Http\\Middleware\\TransformsRequest.php(21): Illuminate\\Pipeline\\Pipeline->Illuminate\\Pipeline\\{closure}(Object(Illuminate\\Http\\Request))
#38 C:\\xampp\\htdocs\\LARAVEL\\API-CRUD-APP\\vendor\\laravel\\framework\\src\\Illuminate\\Foundation\\Http\\Middleware\\TrimStrings.php(40): Illuminate\\Foundation\\Http\\Middleware\\TransformsRequest->handle(Object(Illuminate\\Http\\Request), Object(Closure))
#39 C:\\xampp\\htdocs\\LARAVEL\\API-CRUD-APP\\vendor\\laravel\\framework\\src\\Illuminate\\Pipeline\\Pipeline.php(180): Illuminate\\Foundation\\Http\\Middleware\\TrimStrings->handle(Object(Illuminate\\Http\\Request), Object(Closure))
#40 C:\\xampp\\htdocs\\LARAVEL\\API-CRUD-APP\\vendor\\laravel\\framework\\src\\Illuminate\\Foundation\\Http\\Middleware\\ValidatePostSize.php(27): Illuminate\\Pipeline\\Pipeline->Illuminate\\Pipeline\\{closure}(Object(Illuminate\\Http\\Request))
#41 C:\\xampp\\htdocs\\LARAVEL\\API-CRUD-APP\\vendor\\laravel\\framework\\src\\Illuminate\\Pipeline\\Pipeline.php(180): Illuminate\\Foundation\\Http\\Middleware\\ValidatePostSize->handle(Object(Illuminate\\Http\\Request), Object(Closure))
#42 C:\\xampp\\htdocs\\LARAVEL\\API-CRUD-APP\\vendor\\laravel\\framework\\src\\Illuminate\\Foundation\\Http\\Middleware\\PreventRequestsDuringMaintenance.php(86): Illuminate\\Pipeline\\Pipeline->Illuminate\\Pipeline\\{closure}(Object(Illuminate\\Http\\Request))
#43 C:\\xampp\\htdocs\\LARAVEL\\API-CRUD-APP\\vendor\\laravel\\framework\\src\\Illuminate\\Pipeline\\Pipeline.php(180): Illuminate\\Foundation\\Http\\Middleware\\PreventRequestsDuringMaintenance->handle(Object(Illuminate\\Http\\Request), Object(Closure))
#44 C:\\xampp\\htdocs\\LARAVEL\\API-CRUD-APP\\vendor\\laravel\\framework\\src\\Illuminate\\Http\\Middleware\\HandleCors.php(62): Illuminate\\Pipeline\\Pipeline->Illuminate\\Pipeline\\{closure}(Object(Illuminate\\Http\\Request))
#45 C:\\xampp\\htdocs\\LARAVEL\\API-CRUD-APP\\vendor\\laravel\\framework\\src\\Illuminate\\Pipeline\\Pipeline.php(180): Illuminate\\Http\\Middleware\\HandleCors->handle(Object(Illuminate\\Http\\Request), Object(Closure))
#46 C:\\xampp\\htdocs\\LARAVEL\\API-CRUD-APP\\vendor\\laravel\\framework\\src\\Illuminate\\Http\\Middleware\\TrustProxies.php(39): Illuminate\\Pipeline\\Pipeline->Illuminate\\Pipeline\\{closure}(Object(Illuminate\\Http\\Request))
#47 C:\\xampp\\htdocs\\LARAVEL\\API-CRUD-APP\\vendor\\laravel\\framework\\src\\Illuminate\\Pipeline\\Pipeline.php(180): Illuminate\\Http\\Middleware\\TrustProxies->handle(Object(Illuminate\\Http\\Request), Object(Closure))
#48 C:\\xampp\\htdocs\\LARAVEL\\API-CRUD-APP\\vendor\\laravel\\framework\\src\\Illuminate\\Pipeline\\Pipeline.php(116): Illuminate\\Pipeline\\Pipeline->Illuminate\\Pipeline\\{closure}(Object(Illuminate\\Http\\Request))
#49 C:\\xampp\\htdocs\\LARAVEL\\API-CRUD-APP\\vendor\\laravel\\framework\\src\\Illuminate\\Foundation\\Http\\Kernel.php(165): Illuminate\\Pipeline\\Pipeline->then(Object(Closure))
#50 C:\\xampp\\htdocs\\LARAVEL\\API-CRUD-APP\\vendor\\laravel\\framework\\src\\Illuminate\\Foundation\\Http\\Kernel.php(134): Illuminate\\Foundation\\Http\\Kernel->sendRequestThroughRouter(Object(Illuminate\\Http\\Request))
#51 C:\\xampp\\htdocs\\LARAVEL\\API-CRUD-APP\\public\\index.php(52): Illuminate\\Foundation\\Http\\Kernel->handle(Object(Illuminate\\Http\\Request))
#52 C:\\xampp\\htdocs\\LARAVEL\\API-CRUD-APP\\vendor\\laravel\\framework\\src\\Illuminate\\Foundation\\resources\\server.php(16): require_once('C:\\\\xampp\\\\htdocs...')
#53 {main}

[previous exception] [object] (PDOException(code: 42S22): SQLSTATE[42S22]: Column not found: 1054 Unknown column 'updated_at' in 'field list' at C:\\xampp\\htdocs\\LARAVEL\\API-CRUD-APP\\vendor\\laravel\\framework\\src\\Illuminate\\Database\\Connection.php:539)
[stacktrace]
#0 C:\\xampp\\htdocs\\LARAVEL\\API-CRUD-APP\\vendor\\laravel\\framework\\src\\Illuminate\\Database\\Connection.php(539): PDO->prepare('insert into `us...')
#1 C:\\xampp\\htdocs\\LARAVEL\\API-CRUD-APP\\vendor\\laravel\\framework\\src\\Illuminate\\Database\\Connection.php(753): Illuminate\\Database\\Connection->Illuminate\\Database\\{closure}('insert into `us...', Array)
#2 C:\\xampp\\htdocs\\LARAVEL\\API-CRUD-APP\\vendor\\laravel\\framework\\src\\Illuminate\\Database\\Connection.php(720): Illuminate\\Database\\Connection->runQueryCallback('insert into `us...', Array, Object(Closure))
#3 C:\\xampp\\htdocs\\LARAVEL\\API-CRUD-APP\\vendor\\laravel\\framework\\src\\Illuminate\\Database\\Connection.php(546): Illuminate\\Database\\Connection->run('insert into `us...', Array, Object(Closure))
#4 C:\\xampp\\htdocs\\LARAVEL\\API-CRUD-APP\\vendor\\laravel\\framework\\src\\Illuminate\\Database\\Connection.php(498): Illuminate\\Database\\Connection->statement('insert into `us...', Array)
#5 C:\\xampp\\htdocs\\LARAVEL\\API-CRUD-APP\\vendor\\laravel\\framework\\src\\Illuminate\\Database\\Query\\Processors\\Processor.php(32): Illuminate\\Database\\Connection->insert('insert into `us...', Array)
#6 C:\\xampp\\htdocs\\LARAVEL\\API-CRUD-APP\\vendor\\laravel\\framework\\src\\Illuminate\\Database\\Query\\Builder.php(3322): Illuminate\\Database\\Query\\Processors\\Processor->processInsertGetId(Object(Illuminate\\Database\\Query\\Builder), 'insert into `us...', Array, 'id')
#7 C:\\xampp\\htdocs\\LARAVEL\\API-CRUD-APP\\vendor\\laravel\\framework\\src\\Illuminate\\Database\\Eloquent\\Builder.php(1869): Illuminate\\Database\\Query\\Builder->insertGetId(Array, 'id')
#8 C:\\xampp\\htdocs\\LARAVEL\\API-CRUD-APP\\vendor\\laravel\\framework\\src\\Illuminate\\Database\\Eloquent\\Model.php(1330): Illuminate\\Database\\Eloquent\\Builder->__call('insertGetId', Array)
#9 C:\\xampp\\htdocs\\LARAVEL\\API-CRUD-APP\\vendor\\laravel\\framework\\src\\Illuminate\\Database\\Eloquent\\Model.php(1295): Illuminate\\Database\\Eloquent\\Model->insertAndSetId(Object(Illuminate\\Database\\Eloquent\\Builder), Array)
#10 C:\\xampp\\htdocs\\LARAVEL\\API-CRUD-APP\\vendor\\laravel\\framework\\src\\Illuminate\\Database\\Eloquent\\Model.php(1138): Illuminate\\Database\\Eloquent\\Model->performInsert(Object(Illuminate\\Database\\Eloquent\\Builder))
#11 C:\\xampp\\htdocs\\LARAVEL\\API-CRUD-APP\\vendor\\laravel\\framework\\src\\Illuminate\\Database\\Eloquent\\Builder.php(986): Illuminate\\Database\\Eloquent\\Model->save()
#12 C:\\xampp\\htdocs\\LARAVEL\\API-CRUD-APP\\vendor\\laravel\\framework\\src\\Illuminate\\Support\\helpers.php(306): Illuminate\\Database\\Eloquent\\Builder->Illuminate\\Database\\Eloquent\\{closure}(Object(App\\Models\\User))
#13 C:\\xampp\\htdocs\\LARAVEL\\API-CRUD-APP\\vendor\\laravel\\framework\\src\\Illuminate\\Database\\Eloquent\\Builder.php(987): tap(Object(App\\Models\\User), Object(Closure))
#14 C:\\xampp\\htdocs\\LARAVEL\\API-CRUD-APP\\vendor\\laravel\\framework\\src\\Illuminate\\Support\\Traits\\ForwardsCalls.php(23): Illuminate\\Database\\Eloquent\\Builder->create(Array)
#15 C:\\xampp\\htdocs\\LARAVEL\\API-CRUD-APP\\vendor\\laravel\\framework\\src\\Illuminate\\Database\\Eloquent\\Model.php(2330): Illuminate\\Database\\Eloquent\\Model->forwardCallTo(Object(Illuminate\\Database\\Eloquent\\Builder), 'create', Array)
#16 C:\\xampp\\htdocs\\LARAVEL\\API-CRUD-APP\\app\\Http\\Controllers\\UserController.php(82): Illuminate\\Database\\Eloquent\\Model->__call('create', Array)
#17 C:\\xampp\\htdocs\\LARAVEL\\API-CRUD-APP\\vendor\\laravel\\framework\\src\\Illuminate\\Routing\\Controller.php(54): App\\Http\\Controllers\\UserController->register(Object(Illuminate\\Http\\Request))
#18 C:\\xampp\\htdocs\\LARAVEL\\API-CRUD-APP\\vendor\\laravel\\framework\\src\\Illuminate\\Routing\\ControllerDispatcher.php(43): Illuminate\\Routing\\Controller->callAction('register', Array)
#19 C:\\xampp\\htdocs\\LARAVEL\\API-CRUD-APP\\vendor\\laravel\\framework\\src\\Illuminate\\Routing\\Route.php(260): Illuminate\\Routing\\ControllerDispatcher->dispatch(Object(Illuminate\\Routing\\Route), Object(App\\Http\\Controllers\\UserController), 'register')
#20 C:\\xampp\\htdocs\\LARAVEL\\API-CRUD-APP\\vendor\\laravel\\framework\\src\\Illuminate\\Routing\\Route.php(205): Illuminate\\Routing\\Route->runController()
#21 C:\\xampp\\htdocs\\LARAVEL\\API-CRUD-APP\\vendor\\laravel\\framework\\src\\Illuminate\\Routing\\Router.php(798): Illuminate\\Routing\\Route->run()
#22 C:\\xampp\\htdocs\\LARAVEL\\API-CRUD-APP\\vendor\\laravel\\framework\\src\\Illuminate\\Pipeline\\Pipeline.php(141): Illuminate\\Routing\\Router->Illuminate\\Routing\\{closure}(Object(Illuminate\\Http\\Request))
#23 C:\\xampp\\htdocs\\LARAVEL\\API-CRUD-APP\\vendor\\laravel\\framework\\src\\Illuminate\\Routing\\Middleware\\SubstituteBindings.php(50): Illuminate\\Pipeline\\Pipeline->Illuminate\\Pipeline\\{closure}(Object(Illuminate\\Http\\Request))
#24 C:\\xampp\\htdocs\\LARAVEL\\API-CRUD-APP\\vendor\\laravel\\framework\\src\\Illuminate\\Pipeline\\Pipeline.php(180): Illuminate\\Routing\\Middleware\\SubstituteBindings->handle(Object(Illuminate\\Http\\Request), Object(Closure))
#25 C:\\xampp\\htdocs\\LARAVEL\\API-CRUD-APP\\vendor\\laravel\\framework\\src\\Illuminate\\Routing\\Middleware\\ThrottleRequests.php(126): Illuminate\\Pipeline\\Pipeline->Illuminate\\Pipeline\\{closure}(Object(Illuminate\\Http\\Request))
#26 C:\\xampp\\htdocs\\LARAVEL\\API-CRUD-APP\\vendor\\laravel\\framework\\src\\Illuminate\\Routing\\Middleware\\ThrottleRequests.php(102): Illuminate\\Routing\\Middleware\\ThrottleRequests->handleRequest(Object(Illuminate\\Http\\Request), Object(Closure), Array)
#27 C:\\xampp\\htdocs\\LARAVEL\\API-CRUD-APP\\vendor\\laravel\\framework\\src\\Illuminate\\Routing\\Middleware\\ThrottleRequests.php(54): Illuminate\\Routing\\Middleware\\ThrottleRequests->handleRequestUsingNamedLimiter(Object(Illuminate\\Http\\Request), Object(Closure), 'api', Object(Closure))
#28 C:\\xampp\\htdocs\\LARAVEL\\API-CRUD-APP\\vendor\\laravel\\framework\\src\\Illuminate\\Pipeline\\Pipeline.php(180): Illuminate\\Routing\\Middleware\\ThrottleRequests->handle(Object(Illuminate\\Http\\Request), Object(Closure), 'api')
#29 C:\\xampp\\htdocs\\LARAVEL\\API-CRUD-APP\\vendor\\laravel\\framework\\src\\Illuminate\\Pipeline\\Pipeline.php(116): Illuminate\\Pipeline\\Pipeline->Illuminate\\Pipeline\\{closure}(Object(Illuminate\\Http\\Request))
#30 C:\\xampp\\htdocs\\LARAVEL\\API-CRUD-APP\\vendor\\laravel\\framework\\src\\Illuminate\\Routing\\Router.php(799): Illuminate\\Pipeline\\Pipeline->then(Object(Closure))
#31 C:\\xampp\\htdocs\\LARAVEL\\API-CRUD-APP\\vendor\\laravel\\framework\\src\\Illuminate\\Routing\\Router.php(776): Illuminate\\Routing\\Router->runRouteWithinStack(Object(Illuminate\\Routing\\Route), Object(Illuminate\\Http\\Request))
#32 C:\\xampp\\htdocs\\LARAVEL\\API-CRUD-APP\\vendor\\laravel\\framework\\src\\Illuminate\\Routing\\Router.php(740): Illuminate\\Routing\\Router->runRoute(Object(Illuminate\\Http\\Request), Object(Illuminate\\Routing\\Route))
#33 C:\\xampp\\htdocs\\LARAVEL\\API-CRUD-APP\\vendor\\laravel\\framework\\src\\Illuminate\\Routing\\Router.php(729): Illuminate\\Routing\\Router->dispatchToRoute(Object(Illuminate\\Http\\Request))
#34 C:\\xampp\\htdocs\\LARAVEL\\API-CRUD-APP\\vendor\\laravel\\framework\\src\\Illuminate\\Foundation\\Http\\Kernel.php(190): Illuminate\\Routing\\Router->dispatch(Object(Illuminate\\Http\\Request))
#35 C:\\xampp\\htdocs\\LARAVEL\\API-CRUD-APP\\vendor\\laravel\\framework\\src\\Illuminate\\Pipeline\\Pipeline.php(141): Illuminate\\Foundation\\Http\\Kernel->Illuminate\\Foundation\\Http\\{closure}(Object(Illuminate\\Http\\Request))
#36 C:\\xampp\\htdocs\\LARAVEL\\API-CRUD-APP\\vendor\\laravel\\framework\\src\\Illuminate\\Foundation\\Http\\Middleware\\TransformsRequest.php(21): Illuminate\\Pipeline\\Pipeline->Illuminate\\Pipeline\\{closure}(Object(Illuminate\\Http\\Request))
#37 C:\\xampp\\htdocs\\LARAVEL\\API-CRUD-APP\\vendor\\laravel\\framework\\src\\Illuminate\\Foundation\\Http\\Middleware\\ConvertEmptyStringsToNull.php(31): Illuminate\\Foundation\\Http\\Middleware\\TransformsRequest->handle(Object(Illuminate\\Http\\Request), Object(Closure))
#38 C:\\xampp\\htdocs\\LARAVEL\\API-CRUD-APP\\vendor\\laravel\\framework\\src\\Illuminate\\Pipeline\\Pipeline.php(180): Illuminate\\Foundation\\Http\\Middleware\\ConvertEmptyStringsToNull->handle(Object(Illuminate\\Http\\Request), Object(Closure))
#39 C:\\xampp\\htdocs\\LARAVEL\\API-CRUD-APP\\vendor\\laravel\\framework\\src\\Illuminate\\Foundation\\Http\\Middleware\\TransformsRequest.php(21): Illuminate\\Pipeline\\Pipeline->Illuminate\\Pipeline\\{closure}(Object(Illuminate\\Http\\Request))
#40 C:\\xampp\\htdocs\\LARAVEL\\API-CRUD-APP\\vendor\\laravel\\framework\\src\\Illuminate\\Foundation\\Http\\Middleware\\TrimStrings.php(40): Illuminate\\Foundation\\Http\\Middleware\\TransformsRequest->handle(Object(Illuminate\\Http\\Request), Object(Closure))
#41 C:\\xampp\\htdocs\\LARAVEL\\API-CRUD-APP\\vendor\\laravel\\framework\\src\\Illuminate\\Pipeline\\Pipeline.php(180): Illuminate\\Foundation\\Http\\Middleware\\TrimStrings->handle(Object(Illuminate\\Http\\Request), Object(Closure))
#42 C:\\xampp\\htdocs\\LARAVEL\\API-CRUD-APP\\vendor\\laravel\\framework\\src\\Illuminate\\Foundation\\Http\\Middleware\\ValidatePostSize.php(27): Illuminate\\Pipeline\\Pipeline->Illuminate\\Pipeline\\{closure}(Object(Illuminate\\Http\\Request))
#43 C:\\xampp\\htdocs\\LARAVEL\\API-CRUD-APP\\vendor\\laravel\\framework\\src\\Illuminate\\Pipeline\\Pipeline.php(180): Illuminate\\Foundation\\Http\\Middleware\\ValidatePostSize->handle(Object(Illuminate\\Http\\Request), Object(Closure))
#44 C:\\xampp\\htdocs\\LARAVEL\\API-CRUD-APP\\vendor\\laravel\\framework\\src\\Illuminate\\Foundation\\Http\\Middleware\\PreventRequestsDuringMaintenance.php(86): Illuminate\\Pipeline\\Pipeline->Illuminate\\Pipeline\\{closure}(Object(Illuminate\\Http\\Request))
#45 C:\\xampp\\htdocs\\LARAVEL\\API-CRUD-APP\\vendor\\laravel\\framework\\src\\Illuminate\\Pipeline\\Pipeline.php(180): Illuminate\\Foundation\\Http\\Middleware\\PreventRequestsDuringMaintenance->handle(Object(Illuminate\\Http\\Request), Object(Closure))
#46 C:\\xampp\\htdocs\\LARAVEL\\API-CRUD-APP\\vendor\\laravel\\framework\\src\\Illuminate\\Http\\Middleware\\HandleCors.php(62): Illuminate\\Pipeline\\Pipeline->Illuminate\\Pipeline\\{closure}(Object(Illuminate\\Http\\Request))
#47 C:\\xampp\\htdocs\\LARAVEL\\API-CRUD-APP\\vendor\\laravel\\framework\\src\\Illuminate\\Pipeline\\Pipeline.php(180): Illuminate\\Http\\Middleware\\HandleCors->handle(Object(Illuminate\\Http\\Request), Object(Closure))
#48 C:\\xampp\\htdocs\\LARAVEL\\API-CRUD-APP\\vendor\\laravel\\framework\\src\\Illuminate\\Http\\Middleware\\TrustProxies.php(39): Illuminate\\Pipeline\\Pipeline->Illuminate\\Pipeline\\{closure}(Object(Illuminate\\Http\\Request))
#49 C:\\xampp\\htdocs\\LARAVEL\\API-CRUD-APP\\vendor\\laravel\\framework\\src\\Illuminate\\Pipeline\\Pipeline.php(180): Illuminate\\Http\\Middleware\\TrustProxies->handle(Object(Illuminate\\Http\\Request), Object(Closure))
#50 C:\\xampp\\htdocs\\LARAVEL\\API-CRUD-APP\\vendor\\laravel\\framework\\src\\Illuminate\\Pipeline\\Pipeline.php(116): Illuminate\\Pipeline\\Pipeline->Illuminate\\Pipeline\\{closure}(Object(Illuminate\\Http\\Request))
#51 C:\\xampp\\htdocs\\LARAVEL\\API-CRUD-APP\\vendor\\laravel\\framework\\src\\Illuminate\\Foundation\\Http\\Kernel.php(165): Illuminate\\Pipeline\\Pipeline->then(Object(Closure))
#52 C:\\xampp\\htdocs\\LARAVEL\\API-CRUD-APP\\vendor\\laravel\\framework\\src\\Illuminate\\Foundation\\Http\\Kernel.php(134): Illuminate\\Foundation\\Http\\Kernel->sendRequestThroughRouter(Object(Illuminate\\Http\\Request))
#53 C:\\xampp\\htdocs\\LARAVEL\\API-CRUD-APP\\public\\index.php(52): Illuminate\\Foundation\\Http\\Kernel->handle(Object(Illuminate\\Http\\Request))
#54 C:\\xampp\\htdocs\\LARAVEL\\API-CRUD-APP\\vendor\\laravel\\framework\\src\\Illuminate\\Foundation\\resources\\server.php(16): require_once('C:\\\\xampp\\\\htdocs...')
#55 {main}
"} 
[2024-10-04 06:25:49] local.ERROR: SQLSTATE[42S22]: Column not found: 1054 Unknown column 'updated_at' in 'field list' (SQL: insert into `users` (`name`, `email`, `password`, `c_password`, `updated_at`, `created_at`) values (Nikunj, nikunj@gmail.com, 1234, 1234, 2024-10-04 06:25:49, 2024-10-04 06:25:49)) {"exception":"[object] (Illuminate\\Database\\QueryException(code: 42S22): SQLSTATE[42S22]: Column not found: 1054 Unknown column 'updated_at' in 'field list' (SQL: insert into `users` (`name`, `email`, `password`, `c_password`, `updated_at`, `created_at`) values (Nikunj, nikunj@gmail.com, 1234, 1234, 2024-10-04 06:25:49, 2024-10-04 06:25:49)) at C:\\xampp\\htdocs\\LARAVEL\\API-CRUD-APP\\vendor\\laravel\\framework\\src\\Illuminate\\Database\\Connection.php:760)
[stacktrace]
#0 C:\\xampp\\htdocs\\LARAVEL\\API-CRUD-APP\\vendor\\laravel\\framework\\src\\Illuminate\\Database\\Connection.php(720): Illuminate\\Database\\Connection->runQueryCallback('insert into `us...', Array, Object(Closure))
#1 C:\\xampp\\htdocs\\LARAVEL\\API-CRUD-APP\\vendor\\laravel\\framework\\src\\Illuminate\\Database\\Connection.php(546): Illuminate\\Database\\Connection->run('insert into `us...', Array, Object(Closure))
#2 C:\\xampp\\htdocs\\LARAVEL\\API-CRUD-APP\\vendor\\laravel\\framework\\src\\Illuminate\\Database\\Connection.php(498): Illuminate\\Database\\Connection->statement('insert into `us...', Array)
#3 C:\\xampp\\htdocs\\LARAVEL\\API-CRUD-APP\\vendor\\laravel\\framework\\src\\Illuminate\\Database\\Query\\Processors\\Processor.php(32): Illuminate\\Database\\Connection->insert('insert into `us...', Array)
#4 C:\\xampp\\htdocs\\LARAVEL\\API-CRUD-APP\\vendor\\laravel\\framework\\src\\Illuminate\\Database\\Query\\Builder.php(3322): Illuminate\\Database\\Query\\Processors\\Processor->processInsertGetId(Object(Illuminate\\Database\\Query\\Builder), 'insert into `us...', Array, 'id')
#5 C:\\xampp\\htdocs\\LARAVEL\\API-CRUD-APP\\vendor\\laravel\\framework\\src\\Illuminate\\Database\\Eloquent\\Builder.php(1869): Illuminate\\Database\\Query\\Builder->insertGetId(Array, 'id')
#6 C:\\xampp\\htdocs\\LARAVEL\\API-CRUD-APP\\vendor\\laravel\\framework\\src\\Illuminate\\Database\\Eloquent\\Model.php(1330): Illuminate\\Database\\Eloquent\\Builder->__call('insertGetId', Array)
#7 C:\\xampp\\htdocs\\LARAVEL\\API-CRUD-APP\\vendor\\laravel\\framework\\src\\Illuminate\\Database\\Eloquent\\Model.php(1295): Illuminate\\Database\\Eloquent\\Model->insertAndSetId(Object(Illuminate\\Database\\Eloquent\\Builder), Array)
#8 C:\\xampp\\htdocs\\LARAVEL\\API-CRUD-APP\\vendor\\laravel\\framework\\src\\Illuminate\\Database\\Eloquent\\Model.php(1138): Illuminate\\Database\\Eloquent\\Model->performInsert(Object(Illuminate\\Database\\Eloquent\\Builder))
#9 C:\\xampp\\htdocs\\LARAVEL\\API-CRUD-APP\\vendor\\laravel\\framework\\src\\Illuminate\\Database\\Eloquent\\Builder.php(986): Illuminate\\Database\\Eloquent\\Model->save()
#10 C:\\xampp\\htdocs\\LARAVEL\\API-CRUD-APP\\vendor\\laravel\\framework\\src\\Illuminate\\Support\\helpers.php(306): Illuminate\\Database\\Eloquent\\Builder->Illuminate\\Database\\Eloquent\\{closure}(Object(App\\Models\\User))
#11 C:\\xampp\\htdocs\\LARAVEL\\API-CRUD-APP\\vendor\\laravel\\framework\\src\\Illuminate\\Database\\Eloquent\\Builder.php(987): tap(Object(App\\Models\\User), Object(Closure))
#12 C:\\xampp\\htdocs\\LARAVEL\\API-CRUD-APP\\vendor\\laravel\\framework\\src\\Illuminate\\Support\\Traits\\ForwardsCalls.php(23): Illuminate\\Database\\Eloquent\\Builder->create(Array)
#13 C:\\xampp\\htdocs\\LARAVEL\\API-CRUD-APP\\vendor\\laravel\\framework\\src\\Illuminate\\Database\\Eloquent\\Model.php(2330): Illuminate\\Database\\Eloquent\\Model->forwardCallTo(Object(Illuminate\\Database\\Eloquent\\Builder), 'create', Array)
#14 C:\\xampp\\htdocs\\LARAVEL\\API-CRUD-APP\\app\\Http\\Controllers\\UserController.php(87): Illuminate\\Database\\Eloquent\\Model->__call('create', Array)
#15 C:\\xampp\\htdocs\\LARAVEL\\API-CRUD-APP\\vendor\\laravel\\framework\\src\\Illuminate\\Routing\\Controller.php(54): App\\Http\\Controllers\\UserController->register(Object(Illuminate\\Http\\Request))
#16 C:\\xampp\\htdocs\\LARAVEL\\API-CRUD-APP\\vendor\\laravel\\framework\\src\\Illuminate\\Routing\\ControllerDispatcher.php(43): Illuminate\\Routing\\Controller->callAction('register', Array)
#17 C:\\xampp\\htdocs\\LARAVEL\\API-CRUD-APP\\vendor\\laravel\\framework\\src\\Illuminate\\Routing\\Route.php(260): Illuminate\\Routing\\ControllerDispatcher->dispatch(Object(Illuminate\\Routing\\Route), Object(App\\Http\\Controllers\\UserController), 'register')
#18 C:\\xampp\\htdocs\\LARAVEL\\API-CRUD-APP\\vendor\\laravel\\framework\\src\\Illuminate\\Routing\\Route.php(205): Illuminate\\Routing\\Route->runController()
#19 C:\\xampp\\htdocs\\LARAVEL\\API-CRUD-APP\\vendor\\laravel\\framework\\src\\Illuminate\\Routing\\Router.php(798): Illuminate\\Routing\\Route->run()
#20 C:\\xampp\\htdocs\\LARAVEL\\API-CRUD-APP\\vendor\\laravel\\framework\\src\\Illuminate\\Pipeline\\Pipeline.php(141): Illuminate\\Routing\\Router->Illuminate\\Routing\\{closure}(Object(Illuminate\\Http\\Request))
#21 C:\\xampp\\htdocs\\LARAVEL\\API-CRUD-APP\\vendor\\laravel\\framework\\src\\Illuminate\\Routing\\Middleware\\SubstituteBindings.php(50): Illuminate\\Pipeline\\Pipeline->Illuminate\\Pipeline\\{closure}(Object(Illuminate\\Http\\Request))
#22 C:\\xampp\\htdocs\\LARAVEL\\API-CRUD-APP\\vendor\\laravel\\framework\\src\\Illuminate\\Pipeline\\Pipeline.php(180): Illuminate\\Routing\\Middleware\\SubstituteBindings->handle(Object(Illuminate\\Http\\Request), Object(Closure))
#23 C:\\xampp\\htdocs\\LARAVEL\\API-CRUD-APP\\vendor\\laravel\\framework\\src\\Illuminate\\Routing\\Middleware\\ThrottleRequests.php(126): Illuminate\\Pipeline\\Pipeline->Illuminate\\Pipeline\\{closure}(Object(Illuminate\\Http\\Request))
#24 C:\\xampp\\htdocs\\LARAVEL\\API-CRUD-APP\\vendor\\laravel\\framework\\src\\Illuminate\\Routing\\Middleware\\ThrottleRequests.php(102): Illuminate\\Routing\\Middleware\\ThrottleRequests->handleRequest(Object(Illuminate\\Http\\Request), Object(Closure), Array)
#25 C:\\xampp\\htdocs\\LARAVEL\\API-CRUD-APP\\vendor\\laravel\\framework\\src\\Illuminate\\Routing\\Middleware\\ThrottleRequests.php(54): Illuminate\\Routing\\Middleware\\ThrottleRequests->handleRequestUsingNamedLimiter(Object(Illuminate\\Http\\Request), Object(Closure), 'api', Object(Closure))
#26 C:\\xampp\\htdocs\\LARAVEL\\API-CRUD-APP\\vendor\\laravel\\framework\\src\\Illuminate\\Pipeline\\Pipeline.php(180): Illuminate\\Routing\\Middleware\\ThrottleRequests->handle(Object(Illuminate\\Http\\Request), Object(Closure), 'api')
#27 C:\\xampp\\htdocs\\LARAVEL\\API-CRUD-APP\\vendor\\laravel\\framework\\src\\Illuminate\\Pipeline\\Pipeline.php(116): Illuminate\\Pipeline\\Pipeline->Illuminate\\Pipeline\\{closure}(Object(Illuminate\\Http\\Request))
#28 C:\\xampp\\htdocs\\LARAVEL\\API-CRUD-APP\\vendor\\laravel\\framework\\src\\Illuminate\\Routing\\Router.php(799): Illuminate\\Pipeline\\Pipeline->then(Object(Closure))
#29 C:\\xampp\\htdocs\\LARAVEL\\API-CRUD-APP\\vendor\\laravel\\framework\\src\\Illuminate\\Routing\\Router.php(776): Illuminate\\Routing\\Router->runRouteWithinStack(Object(Illuminate\\Routing\\Route), Object(Illuminate\\Http\\Request))
#30 C:\\xampp\\htdocs\\LARAVEL\\API-CRUD-APP\\vendor\\laravel\\framework\\src\\Illuminate\\Routing\\Router.php(740): Illuminate\\Routing\\Router->runRoute(Object(Illuminate\\Http\\Request), Object(Illuminate\\Routing\\Route))
#31 C:\\xampp\\htdocs\\LARAVEL\\API-CRUD-APP\\vendor\\laravel\\framework\\src\\Illuminate\\Routing\\Router.php(729): Illuminate\\Routing\\Router->dispatchToRoute(Object(Illuminate\\Http\\Request))
#32 C:\\xampp\\htdocs\\LARAVEL\\API-CRUD-APP\\vendor\\laravel\\framework\\src\\Illuminate\\Foundation\\Http\\Kernel.php(190): Illuminate\\Routing\\Router->dispatch(Object(Illuminate\\Http\\Request))
#33 C:\\xampp\\htdocs\\LARAVEL\\API-CRUD-APP\\vendor\\laravel\\framework\\src\\Illuminate\\Pipeline\\Pipeline.php(141): Illuminate\\Foundation\\Http\\Kernel->Illuminate\\Foundation\\Http\\{closure}(Object(Illuminate\\Http\\Request))
#34 C:\\xampp\\htdocs\\LARAVEL\\API-CRUD-APP\\vendor\\laravel\\framework\\src\\Illuminate\\Foundation\\Http\\Middleware\\TransformsRequest.php(21): Illuminate\\Pipeline\\Pipeline->Illuminate\\Pipeline\\{closure}(Object(Illuminate\\Http\\Request))
#35 C:\\xampp\\htdocs\\LARAVEL\\API-CRUD-APP\\vendor\\laravel\\framework\\src\\Illuminate\\Foundation\\Http\\Middleware\\ConvertEmptyStringsToNull.php(31): Illuminate\\Foundation\\Http\\Middleware\\TransformsRequest->handle(Object(Illuminate\\Http\\Request), Object(Closure))
#36 C:\\xampp\\htdocs\\LARAVEL\\API-CRUD-APP\\vendor\\laravel\\framework\\src\\Illuminate\\Pipeline\\Pipeline.php(180): Illuminate\\Foundation\\Http\\Middleware\\ConvertEmptyStringsToNull->handle(Object(Illuminate\\Http\\Request), Object(Closure))
#37 C:\\xampp\\htdocs\\LARAVEL\\API-CRUD-APP\\vendor\\laravel\\framework\\src\\Illuminate\\Foundation\\Http\\Middleware\\TransformsRequest.php(21): Illuminate\\Pipeline\\Pipeline->Illuminate\\Pipeline\\{closure}(Object(Illuminate\\Http\\Request))
#38 C:\\xampp\\htdocs\\LARAVEL\\API-CRUD-APP\\vendor\\laravel\\framework\\src\\Illuminate\\Foundation\\Http\\Middleware\\TrimStrings.php(40): Illuminate\\Foundation\\Http\\Middleware\\TransformsRequest->handle(Object(Illuminate\\Http\\Request), Object(Closure))
#39 C:\\xampp\\htdocs\\LARAVEL\\API-CRUD-APP\\vendor\\laravel\\framework\\src\\Illuminate\\Pipeline\\Pipeline.php(180): Illuminate\\Foundation\\Http\\Middleware\\TrimStrings->handle(Object(Illuminate\\Http\\Request), Object(Closure))
#40 C:\\xampp\\htdocs\\LARAVEL\\API-CRUD-APP\\vendor\\laravel\\framework\\src\\Illuminate\\Foundation\\Http\\Middleware\\ValidatePostSize.php(27): Illuminate\\Pipeline\\Pipeline->Illuminate\\Pipeline\\{closure}(Object(Illuminate\\Http\\Request))
#41 C:\\xampp\\htdocs\\LARAVEL\\API-CRUD-APP\\vendor\\laravel\\framework\\src\\Illuminate\\Pipeline\\Pipeline.php(180): Illuminate\\Foundation\\Http\\Middleware\\ValidatePostSize->handle(Object(Illuminate\\Http\\Request), Object(Closure))
#42 C:\\xampp\\htdocs\\LARAVEL\\API-CRUD-APP\\vendor\\laravel\\framework\\src\\Illuminate\\Foundation\\Http\\Middleware\\PreventRequestsDuringMaintenance.php(86): Illuminate\\Pipeline\\Pipeline->Illuminate\\Pipeline\\{closure}(Object(Illuminate\\Http\\Request))
#43 C:\\xampp\\htdocs\\LARAVEL\\API-CRUD-APP\\vendor\\laravel\\framework\\src\\Illuminate\\Pipeline\\Pipeline.php(180): Illuminate\\Foundation\\Http\\Middleware\\PreventRequestsDuringMaintenance->handle(Object(Illuminate\\Http\\Request), Object(Closure))
#44 C:\\xampp\\htdocs\\LARAVEL\\API-CRUD-APP\\vendor\\laravel\\framework\\src\\Illuminate\\Http\\Middleware\\HandleCors.php(62): Illuminate\\Pipeline\\Pipeline->Illuminate\\Pipeline\\{closure}(Object(Illuminate\\Http\\Request))
#45 C:\\xampp\\htdocs\\LARAVEL\\API-CRUD-APP\\vendor\\laravel\\framework\\src\\Illuminate\\Pipeline\\Pipeline.php(180): Illuminate\\Http\\Middleware\\HandleCors->handle(Object(Illuminate\\Http\\Request), Object(Closure))
#46 C:\\xampp\\htdocs\\LARAVEL\\API-CRUD-APP\\vendor\\laravel\\framework\\src\\Illuminate\\Http\\Middleware\\TrustProxies.php(39): Illuminate\\Pipeline\\Pipeline->Illuminate\\Pipeline\\{closure}(Object(Illuminate\\Http\\Request))
#47 C:\\xampp\\htdocs\\LARAVEL\\API-CRUD-APP\\vendor\\laravel\\framework\\src\\Illuminate\\Pipeline\\Pipeline.php(180): Illuminate\\Http\\Middleware\\TrustProxies->handle(Object(Illuminate\\Http\\Request), Object(Closure))
#48 C:\\xampp\\htdocs\\LARAVEL\\API-CRUD-APP\\vendor\\laravel\\framework\\src\\Illuminate\\Pipeline\\Pipeline.php(116): Illuminate\\Pipeline\\Pipeline->Illuminate\\Pipeline\\{closure}(Object(Illuminate\\Http\\Request))
#49 C:\\xampp\\htdocs\\LARAVEL\\API-CRUD-APP\\vendor\\laravel\\framework\\src\\Illuminate\\Foundation\\Http\\Kernel.php(165): Illuminate\\Pipeline\\Pipeline->then(Object(Closure))
#50 C:\\xampp\\htdocs\\LARAVEL\\API-CRUD-APP\\vendor\\laravel\\framework\\src\\Illuminate\\Foundation\\Http\\Kernel.php(134): Illuminate\\Foundation\\Http\\Kernel->sendRequestThroughRouter(Object(Illuminate\\Http\\Request))
#51 C:\\xampp\\htdocs\\LARAVEL\\API-CRUD-APP\\public\\index.php(52): Illuminate\\Foundation\\Http\\Kernel->handle(Object(Illuminate\\Http\\Request))
#52 C:\\xampp\\htdocs\\LARAVEL\\API-CRUD-APP\\vendor\\laravel\\framework\\src\\Illuminate\\Foundation\\resources\\server.php(16): require_once('C:\\\\xampp\\\\htdocs...')
#53 {main}

[previous exception] [object] (PDOException(code: 42S22): SQLSTATE[42S22]: Column not found: 1054 Unknown column 'updated_at' in 'field list' at C:\\xampp\\htdocs\\LARAVEL\\API-CRUD-APP\\vendor\\laravel\\framework\\src\\Illuminate\\Database\\Connection.php:539)
[stacktrace]
#0 C:\\xampp\\htdocs\\LARAVEL\\API-CRUD-APP\\vendor\\laravel\\framework\\src\\Illuminate\\Database\\Connection.php(539): PDO->prepare('insert into `us...')
#1 C:\\xampp\\htdocs\\LARAVEL\\API-CRUD-APP\\vendor\\laravel\\framework\\src\\Illuminate\\Database\\Connection.php(753): Illuminate\\Database\\Connection->Illuminate\\Database\\{closure}('insert into `us...', Array)
#2 C:\\xampp\\htdocs\\LARAVEL\\API-CRUD-APP\\vendor\\laravel\\framework\\src\\Illuminate\\Database\\Connection.php(720): Illuminate\\Database\\Connection->runQueryCallback('insert into `us...', Array, Object(Closure))
#3 C:\\xampp\\htdocs\\LARAVEL\\API-CRUD-APP\\vendor\\laravel\\framework\\src\\Illuminate\\Database\\Connection.php(546): Illuminate\\Database\\Connection->run('insert into `us...', Array, Object(Closure))
#4 C:\\xampp\\htdocs\\LARAVEL\\API-CRUD-APP\\vendor\\laravel\\framework\\src\\Illuminate\\Database\\Connection.php(498): Illuminate\\Database\\Connection->statement('insert into `us...', Array)
#5 C:\\xampp\\htdocs\\LARAVEL\\API-CRUD-APP\\vendor\\laravel\\framework\\src\\Illuminate\\Database\\Query\\Processors\\Processor.php(32): Illuminate\\Database\\Connection->insert('insert into `us...', Array)
#6 C:\\xampp\\htdocs\\LARAVEL\\API-CRUD-APP\\vendor\\laravel\\framework\\src\\Illuminate\\Database\\Query\\Builder.php(3322): Illuminate\\Database\\Query\\Processors\\Processor->processInsertGetId(Object(Illuminate\\Database\\Query\\Builder), 'insert into `us...', Array, 'id')
#7 C:\\xampp\\htdocs\\LARAVEL\\API-CRUD-APP\\vendor\\laravel\\framework\\src\\Illuminate\\Database\\Eloquent\\Builder.php(1869): Illuminate\\Database\\Query\\Builder->insertGetId(Array, 'id')
#8 C:\\xampp\\htdocs\\LARAVEL\\API-CRUD-APP\\vendor\\laravel\\framework\\src\\Illuminate\\Database\\Eloquent\\Model.php(1330): Illuminate\\Database\\Eloquent\\Builder->__call('insertGetId', Array)
#9 C:\\xampp\\htdocs\\LARAVEL\\API-CRUD-APP\\vendor\\laravel\\framework\\src\\Illuminate\\Database\\Eloquent\\Model.php(1295): Illuminate\\Database\\Eloquent\\Model->insertAndSetId(Object(Illuminate\\Database\\Eloquent\\Builder), Array)
#10 C:\\xampp\\htdocs\\LARAVEL\\API-CRUD-APP\\vendor\\laravel\\framework\\src\\Illuminate\\Database\\Eloquent\\Model.php(1138): Illuminate\\Database\\Eloquent\\Model->performInsert(Object(Illuminate\\Database\\Eloquent\\Builder))
#11 C:\\xampp\\htdocs\\LARAVEL\\API-CRUD-APP\\vendor\\laravel\\framework\\src\\Illuminate\\Database\\Eloquent\\Builder.php(986): Illuminate\\Database\\Eloquent\\Model->save()
#12 C:\\xampp\\htdocs\\LARAVEL\\API-CRUD-APP\\vendor\\laravel\\framework\\src\\Illuminate\\Support\\helpers.php(306): Illuminate\\Database\\Eloquent\\Builder->Illuminate\\Database\\Eloquent\\{closure}(Object(App\\Models\\User))
#13 C:\\xampp\\htdocs\\LARAVEL\\API-CRUD-APP\\vendor\\laravel\\framework\\src\\Illuminate\\Database\\Eloquent\\Builder.php(987): tap(Object(App\\Models\\User), Object(Closure))
#14 C:\\xampp\\htdocs\\LARAVEL\\API-CRUD-APP\\vendor\\laravel\\framework\\src\\Illuminate\\Support\\Traits\\ForwardsCalls.php(23): Illuminate\\Database\\Eloquent\\Builder->create(Array)
#15 C:\\xampp\\htdocs\\LARAVEL\\API-CRUD-APP\\vendor\\laravel\\framework\\src\\Illuminate\\Database\\Eloquent\\Model.php(2330): Illuminate\\Database\\Eloquent\\Model->forwardCallTo(Object(Illuminate\\Database\\Eloquent\\Builder), 'create', Array)
#16 C:\\xampp\\htdocs\\LARAVEL\\API-CRUD-APP\\app\\Http\\Controllers\\UserController.php(87): Illuminate\\Database\\Eloquent\\Model->__call('create', Array)
#17 C:\\xampp\\htdocs\\LARAVEL\\API-CRUD-APP\\vendor\\laravel\\framework\\src\\Illuminate\\Routing\\Controller.php(54): App\\Http\\Controllers\\UserController->register(Object(Illuminate\\Http\\Request))
#18 C:\\xampp\\htdocs\\LARAVEL\\API-CRUD-APP\\vendor\\laravel\\framework\\src\\Illuminate\\Routing\\ControllerDispatcher.php(43): Illuminate\\Routing\\Controller->callAction('register', Array)
#19 C:\\xampp\\htdocs\\LARAVEL\\API-CRUD-APP\\vendor\\laravel\\framework\\src\\Illuminate\\Routing\\Route.php(260): Illuminate\\Routing\\ControllerDispatcher->dispatch(Object(Illuminate\\Routing\\Route), Object(App\\Http\\Controllers\\UserController), 'register')
#20 C:\\xampp\\htdocs\\LARAVEL\\API-CRUD-APP\\vendor\\laravel\\framework\\src\\Illuminate\\Routing\\Route.php(205): Illuminate\\Routing\\Route->runController()
#21 C:\\xampp\\htdocs\\LARAVEL\\API-CRUD-APP\\vendor\\laravel\\framework\\src\\Illuminate\\Routing\\Router.php(798): Illuminate\\Routing\\Route->run()
#22 C:\\xampp\\htdocs\\LARAVEL\\API-CRUD-APP\\vendor\\laravel\\framework\\src\\Illuminate\\Pipeline\\Pipeline.php(141): Illuminate\\Routing\\Router->Illuminate\\Routing\\{closure}(Object(Illuminate\\Http\\Request))
#23 C:\\xampp\\htdocs\\LARAVEL\\API-CRUD-APP\\vendor\\laravel\\framework\\src\\Illuminate\\Routing\\Middleware\\SubstituteBindings.php(50): Illuminate\\Pipeline\\Pipeline->Illuminate\\Pipeline\\{closure}(Object(Illuminate\\Http\\Request))
#24 C:\\xampp\\htdocs\\LARAVEL\\API-CRUD-APP\\vendor\\laravel\\framework\\src\\Illuminate\\Pipeline\\Pipeline.php(180): Illuminate\\Routing\\Middleware\\SubstituteBindings->handle(Object(Illuminate\\Http\\Request), Object(Closure))
#25 C:\\xampp\\htdocs\\LARAVEL\\API-CRUD-APP\\vendor\\laravel\\framework\\src\\Illuminate\\Routing\\Middleware\\ThrottleRequests.php(126): Illuminate\\Pipeline\\Pipeline->Illuminate\\Pipeline\\{closure}(Object(Illuminate\\Http\\Request))
#26 C:\\xampp\\htdocs\\LARAVEL\\API-CRUD-APP\\vendor\\laravel\\framework\\src\\Illuminate\\Routing\\Middleware\\ThrottleRequests.php(102): Illuminate\\Routing\\Middleware\\ThrottleRequests->handleRequest(Object(Illuminate\\Http\\Request), Object(Closure), Array)
#27 C:\\xampp\\htdocs\\LARAVEL\\API-CRUD-APP\\vendor\\laravel\\framework\\src\\Illuminate\\Routing\\Middleware\\ThrottleRequests.php(54): Illuminate\\Routing\\Middleware\\ThrottleRequests->handleRequestUsingNamedLimiter(Object(Illuminate\\Http\\Request), Object(Closure), 'api', Object(Closure))
#28 C:\\xampp\\htdocs\\LARAVEL\\API-CRUD-APP\\vendor\\laravel\\framework\\src\\Illuminate\\Pipeline\\Pipeline.php(180): Illuminate\\Routing\\Middleware\\ThrottleRequests->handle(Object(Illuminate\\Http\\Request), Object(Closure), 'api')
#29 C:\\xampp\\htdocs\\LARAVEL\\API-CRUD-APP\\vendor\\laravel\\framework\\src\\Illuminate\\Pipeline\\Pipeline.php(116): Illuminate\\Pipeline\\Pipeline->Illuminate\\Pipeline\\{closure}(Object(Illuminate\\Http\\Request))
#30 C:\\xampp\\htdocs\\LARAVEL\\API-CRUD-APP\\vendor\\laravel\\framework\\src\\Illuminate\\Routing\\Router.php(799): Illuminate\\Pipeline\\Pipeline->then(Object(Closure))
#31 C:\\xampp\\htdocs\\LARAVEL\\API-CRUD-APP\\vendor\\laravel\\framework\\src\\Illuminate\\Routing\\Router.php(776): Illuminate\\Routing\\Router->runRouteWithinStack(Object(Illuminate\\Routing\\Route), Object(Illuminate\\Http\\Request))
#32 C:\\xampp\\htdocs\\LARAVEL\\API-CRUD-APP\\vendor\\laravel\\framework\\src\\Illuminate\\Routing\\Router.php(740): Illuminate\\Routing\\Router->runRoute(Object(Illuminate\\Http\\Request), Object(Illuminate\\Routing\\Route))
#33 C:\\xampp\\htdocs\\LARAVEL\\API-CRUD-APP\\vendor\\laravel\\framework\\src\\Illuminate\\Routing\\Router.php(729): Illuminate\\Routing\\Router->dispatchToRoute(Object(Illuminate\\Http\\Request))
#34 C:\\xampp\\htdocs\\LARAVEL\\API-CRUD-APP\\vendor\\laravel\\framework\\src\\Illuminate\\Foundation\\Http\\Kernel.php(190): Illuminate\\Routing\\Router->dispatch(Object(Illuminate\\Http\\Request))
#35 C:\\xampp\\htdocs\\LARAVEL\\API-CRUD-APP\\vendor\\laravel\\framework\\src\\Illuminate\\Pipeline\\Pipeline.php(141): Illuminate\\Foundation\\Http\\Kernel->Illuminate\\Foundation\\Http\\{closure}(Object(Illuminate\\Http\\Request))
#36 C:\\xampp\\htdocs\\LARAVEL\\API-CRUD-APP\\vendor\\laravel\\framework\\src\\Illuminate\\Foundation\\Http\\Middleware\\TransformsRequest.php(21): Illuminate\\Pipeline\\Pipeline->Illuminate\\Pipeline\\{closure}(Object(Illuminate\\Http\\Request))
#37 C:\\xampp\\htdocs\\LARAVEL\\API-CRUD-APP\\vendor\\laravel\\framework\\src\\Illuminate\\Foundation\\Http\\Middleware\\ConvertEmptyStringsToNull.php(31): Illuminate\\Foundation\\Http\\Middleware\\TransformsRequest->handle(Object(Illuminate\\Http\\Request), Object(Closure))
#38 C:\\xampp\\htdocs\\LARAVEL\\API-CRUD-APP\\vendor\\laravel\\framework\\src\\Illuminate\\Pipeline\\Pipeline.php(180): Illuminate\\Foundation\\Http\\Middleware\\ConvertEmptyStringsToNull->handle(Object(Illuminate\\Http\\Request), Object(Closure))
#39 C:\\xampp\\htdocs\\LARAVEL\\API-CRUD-APP\\vendor\\laravel\\framework\\src\\Illuminate\\Foundation\\Http\\Middleware\\TransformsRequest.php(21): Illuminate\\Pipeline\\Pipeline->Illuminate\\Pipeline\\{closure}(Object(Illuminate\\Http\\Request))
#40 C:\\xampp\\htdocs\\LARAVEL\\API-CRUD-APP\\vendor\\laravel\\framework\\src\\Illuminate\\Foundation\\Http\\Middleware\\TrimStrings.php(40): Illuminate\\Foundation\\Http\\Middleware\\TransformsRequest->handle(Object(Illuminate\\Http\\Request), Object(Closure))
#41 C:\\xampp\\htdocs\\LARAVEL\\API-CRUD-APP\\vendor\\laravel\\framework\\src\\Illuminate\\Pipeline\\Pipeline.php(180): Illuminate\\Foundation\\Http\\Middleware\\TrimStrings->handle(Object(Illuminate\\Http\\Request), Object(Closure))
#42 C:\\xampp\\htdocs\\LARAVEL\\API-CRUD-APP\\vendor\\laravel\\framework\\src\\Illuminate\\Foundation\\Http\\Middleware\\ValidatePostSize.php(27): Illuminate\\Pipeline\\Pipeline->Illuminate\\Pipeline\\{closure}(Object(Illuminate\\Http\\Request))
#43 C:\\xampp\\htdocs\\LARAVEL\\API-CRUD-APP\\vendor\\laravel\\framework\\src\\Illuminate\\Pipeline\\Pipeline.php(180): Illuminate\\Foundation\\Http\\Middleware\\ValidatePostSize->handle(Object(Illuminate\\Http\\Request), Object(Closure))
#44 C:\\xampp\\htdocs\\LARAVEL\\API-CRUD-APP\\vendor\\laravel\\framework\\src\\Illuminate\\Foundation\\Http\\Middleware\\PreventRequestsDuringMaintenance.php(86): Illuminate\\Pipeline\\Pipeline->Illuminate\\Pipeline\\{closure}(Object(Illuminate\\Http\\Request))
#45 C:\\xampp\\htdocs\\LARAVEL\\API-CRUD-APP\\vendor\\laravel\\framework\\src\\Illuminate\\Pipeline\\Pipeline.php(180): Illuminate\\Foundation\\Http\\Middleware\\PreventRequestsDuringMaintenance->handle(Object(Illuminate\\Http\\Request), Object(Closure))
#46 C:\\xampp\\htdocs\\LARAVEL\\API-CRUD-APP\\vendor\\laravel\\framework\\src\\Illuminate\\Http\\Middleware\\HandleCors.php(62): Illuminate\\Pipeline\\Pipeline->Illuminate\\Pipeline\\{closure}(Object(Illuminate\\Http\\Request))
#47 C:\\xampp\\htdocs\\LARAVEL\\API-CRUD-APP\\vendor\\laravel\\framework\\src\\Illuminate\\Pipeline\\Pipeline.php(180): Illuminate\\Http\\Middleware\\HandleCors->handle(Object(Illuminate\\Http\\Request), Object(Closure))
#48 C:\\xampp\\htdocs\\LARAVEL\\API-CRUD-APP\\vendor\\laravel\\framework\\src\\Illuminate\\Http\\Middleware\\TrustProxies.php(39): Illuminate\\Pipeline\\Pipeline->Illuminate\\Pipeline\\{closure}(Object(Illuminate\\Http\\Request))
#49 C:\\xampp\\htdocs\\LARAVEL\\API-CRUD-APP\\vendor\\laravel\\framework\\src\\Illuminate\\Pipeline\\Pipeline.php(180): Illuminate\\Http\\Middleware\\TrustProxies->handle(Object(Illuminate\\Http\\Request), Object(Closure))
#50 C:\\xampp\\htdocs\\LARAVEL\\API-CRUD-APP\\vendor\\laravel\\framework\\src\\Illuminate\\Pipeline\\Pipeline.php(116): Illuminate\\Pipeline\\Pipeline->Illuminate\\Pipeline\\{closure}(Object(Illuminate\\Http\\Request))
#51 C:\\xampp\\htdocs\\LARAVEL\\API-CRUD-APP\\vendor\\laravel\\framework\\src\\Illuminate\\Foundation\\Http\\Kernel.php(165): Illuminate\\Pipeline\\Pipeline->then(Object(Closure))
#52 C:\\xampp\\htdocs\\LARAVEL\\API-CRUD-APP\\vendor\\laravel\\framework\\src\\Illuminate\\Foundation\\Http\\Kernel.php(134): Illuminate\\Foundation\\Http\\Kernel->sendRequestThroughRouter(Object(Illuminate\\Http\\Request))
#53 C:\\xampp\\htdocs\\LARAVEL\\API-CRUD-APP\\public\\index.php(52): Illuminate\\Foundation\\Http\\Kernel->handle(Object(Illuminate\\Http\\Request))
#54 C:\\xampp\\htdocs\\LARAVEL\\API-CRUD-APP\\vendor\\laravel\\framework\\src\\Illuminate\\Foundation\\resources\\server.php(16): require_once('C:\\\\xampp\\\\htdocs...')
#55 {main}
"} 
[2024-10-04 06:28:07] local.ERROR: SQLSTATE[42S22]: Column not found: 1054 Unknown column 'updated_at' in 'field list' (SQL: insert into `users` (`name`, `email`, `password`, `c_password`, `updated_at`, `created_at`) values (Nikunj, nikunj@gmail.com, 1234, 1234, 2024-10-04 06:28:07, 2024-10-04 06:28:07)) {"exception":"[object] (Illuminate\\Database\\QueryException(code: 42S22): SQLSTATE[42S22]: Column not found: 1054 Unknown column 'updated_at' in 'field list' (SQL: insert into `users` (`name`, `email`, `password`, `c_password`, `updated_at`, `created_at`) values (Nikunj, nikunj@gmail.com, 1234, 1234, 2024-10-04 06:28:07, 2024-10-04 06:28:07)) at C:\\xampp\\htdocs\\LARAVEL\\API-CRUD-APP\\vendor\\laravel\\framework\\src\\Illuminate\\Database\\Connection.php:760)
[stacktrace]
#0 C:\\xampp\\htdocs\\LARAVEL\\API-CRUD-APP\\vendor\\laravel\\framework\\src\\Illuminate\\Database\\Connection.php(720): Illuminate\\Database\\Connection->runQueryCallback('insert into `us...', Array, Object(Closure))
#1 C:\\xampp\\htdocs\\LARAVEL\\API-CRUD-APP\\vendor\\laravel\\framework\\src\\Illuminate\\Database\\Connection.php(546): Illuminate\\Database\\Connection->run('insert into `us...', Array, Object(Closure))
#2 C:\\xampp\\htdocs\\LARAVEL\\API-CRUD-APP\\vendor\\laravel\\framework\\src\\Illuminate\\Database\\Connection.php(498): Illuminate\\Database\\Connection->statement('insert into `us...', Array)
#3 C:\\xampp\\htdocs\\LARAVEL\\API-CRUD-APP\\vendor\\laravel\\framework\\src\\Illuminate\\Database\\Query\\Processors\\Processor.php(32): Illuminate\\Database\\Connection->insert('insert into `us...', Array)
#4 C:\\xampp\\htdocs\\LARAVEL\\API-CRUD-APP\\vendor\\laravel\\framework\\src\\Illuminate\\Database\\Query\\Builder.php(3322): Illuminate\\Database\\Query\\Processors\\Processor->processInsertGetId(Object(Illuminate\\Database\\Query\\Builder), 'insert into `us...', Array, 'id')
#5 C:\\xampp\\htdocs\\LARAVEL\\API-CRUD-APP\\vendor\\laravel\\framework\\src\\Illuminate\\Database\\Eloquent\\Builder.php(1869): Illuminate\\Database\\Query\\Builder->insertGetId(Array, 'id')
#6 C:\\xampp\\htdocs\\LARAVEL\\API-CRUD-APP\\vendor\\laravel\\framework\\src\\Illuminate\\Database\\Eloquent\\Model.php(1330): Illuminate\\Database\\Eloquent\\Builder->__call('insertGetId', Array)
#7 C:\\xampp\\htdocs\\LARAVEL\\API-CRUD-APP\\vendor\\laravel\\framework\\src\\Illuminate\\Database\\Eloquent\\Model.php(1295): Illuminate\\Database\\Eloquent\\Model->insertAndSetId(Object(Illuminate\\Database\\Eloquent\\Builder), Array)
#8 C:\\xampp\\htdocs\\LARAVEL\\API-CRUD-APP\\vendor\\laravel\\framework\\src\\Illuminate\\Database\\Eloquent\\Model.php(1138): Illuminate\\Database\\Eloquent\\Model->performInsert(Object(Illuminate\\Database\\Eloquent\\Builder))
#9 C:\\xampp\\htdocs\\LARAVEL\\API-CRUD-APP\\vendor\\laravel\\framework\\src\\Illuminate\\Database\\Eloquent\\Builder.php(986): Illuminate\\Database\\Eloquent\\Model->save()
#10 C:\\xampp\\htdocs\\LARAVEL\\API-CRUD-APP\\vendor\\laravel\\framework\\src\\Illuminate\\Support\\helpers.php(306): Illuminate\\Database\\Eloquent\\Builder->Illuminate\\Database\\Eloquent\\{closure}(Object(App\\Models\\User))
#11 C:\\xampp\\htdocs\\LARAVEL\\API-CRUD-APP\\vendor\\laravel\\framework\\src\\Illuminate\\Database\\Eloquent\\Builder.php(987): tap(Object(App\\Models\\User), Object(Closure))
#12 C:\\xampp\\htdocs\\LARAVEL\\API-CRUD-APP\\vendor\\laravel\\framework\\src\\Illuminate\\Support\\Traits\\ForwardsCalls.php(23): Illuminate\\Database\\Eloquent\\Builder->create(Array)
#13 C:\\xampp\\htdocs\\LARAVEL\\API-CRUD-APP\\vendor\\laravel\\framework\\src\\Illuminate\\Database\\Eloquent\\Model.php(2330): Illuminate\\Database\\Eloquent\\Model->forwardCallTo(Object(Illuminate\\Database\\Eloquent\\Builder), 'create', Array)
#14 C:\\xampp\\htdocs\\LARAVEL\\API-CRUD-APP\\app\\Http\\Controllers\\UserController.php(87): Illuminate\\Database\\Eloquent\\Model->__call('create', Array)
#15 C:\\xampp\\htdocs\\LARAVEL\\API-CRUD-APP\\vendor\\laravel\\framework\\src\\Illuminate\\Routing\\Controller.php(54): App\\Http\\Controllers\\UserController->register(Object(Illuminate\\Http\\Request))
#16 C:\\xampp\\htdocs\\LARAVEL\\API-CRUD-APP\\vendor\\laravel\\framework\\src\\Illuminate\\Routing\\ControllerDispatcher.php(43): Illuminate\\Routing\\Controller->callAction('register', Array)
#17 C:\\xampp\\htdocs\\LARAVEL\\API-CRUD-APP\\vendor\\laravel\\framework\\src\\Illuminate\\Routing\\Route.php(260): Illuminate\\Routing\\ControllerDispatcher->dispatch(Object(Illuminate\\Routing\\Route), Object(App\\Http\\Controllers\\UserController), 'register')
#18 C:\\xampp\\htdocs\\LARAVEL\\API-CRUD-APP\\vendor\\laravel\\framework\\src\\Illuminate\\Routing\\Route.php(205): Illuminate\\Routing\\Route->runController()
#19 C:\\xampp\\htdocs\\LARAVEL\\API-CRUD-APP\\vendor\\laravel\\framework\\src\\Illuminate\\Routing\\Router.php(798): Illuminate\\Routing\\Route->run()
#20 C:\\xampp\\htdocs\\LARAVEL\\API-CRUD-APP\\vendor\\laravel\\framework\\src\\Illuminate\\Pipeline\\Pipeline.php(141): Illuminate\\Routing\\Router->Illuminate\\Routing\\{closure}(Object(Illuminate\\Http\\Request))
#21 C:\\xampp\\htdocs\\LARAVEL\\API-CRUD-APP\\vendor\\laravel\\framework\\src\\Illuminate\\Routing\\Middleware\\SubstituteBindings.php(50): Illuminate\\Pipeline\\Pipeline->Illuminate\\Pipeline\\{closure}(Object(Illuminate\\Http\\Request))
#22 C:\\xampp\\htdocs\\LARAVEL\\API-CRUD-APP\\vendor\\laravel\\framework\\src\\Illuminate\\Pipeline\\Pipeline.php(180): Illuminate\\Routing\\Middleware\\SubstituteBindings->handle(Object(Illuminate\\Http\\Request), Object(Closure))
#23 C:\\xampp\\htdocs\\LARAVEL\\API-CRUD-APP\\vendor\\laravel\\framework\\src\\Illuminate\\Routing\\Middleware\\ThrottleRequests.php(126): Illuminate\\Pipeline\\Pipeline->Illuminate\\Pipeline\\{closure}(Object(Illuminate\\Http\\Request))
#24 C:\\xampp\\htdocs\\LARAVEL\\API-CRUD-APP\\vendor\\laravel\\framework\\src\\Illuminate\\Routing\\Middleware\\ThrottleRequests.php(102): Illuminate\\Routing\\Middleware\\ThrottleRequests->handleRequest(Object(Illuminate\\Http\\Request), Object(Closure), Array)
#25 C:\\xampp\\htdocs\\LARAVEL\\API-CRUD-APP\\vendor\\laravel\\framework\\src\\Illuminate\\Routing\\Middleware\\ThrottleRequests.php(54): Illuminate\\Routing\\Middleware\\ThrottleRequests->handleRequestUsingNamedLimiter(Object(Illuminate\\Http\\Request), Object(Closure), 'api', Object(Closure))
#26 C:\\xampp\\htdocs\\LARAVEL\\API-CRUD-APP\\vendor\\laravel\\framework\\src\\Illuminate\\Pipeline\\Pipeline.php(180): Illuminate\\Routing\\Middleware\\ThrottleRequests->handle(Object(Illuminate\\Http\\Request), Object(Closure), 'api')
#27 C:\\xampp\\htdocs\\LARAVEL\\API-CRUD-APP\\vendor\\laravel\\framework\\src\\Illuminate\\Pipeline\\Pipeline.php(116): Illuminate\\Pipeline\\Pipeline->Illuminate\\Pipeline\\{closure}(Object(Illuminate\\Http\\Request))
#28 C:\\xampp\\htdocs\\LARAVEL\\API-CRUD-APP\\vendor\\laravel\\framework\\src\\Illuminate\\Routing\\Router.php(799): Illuminate\\Pipeline\\Pipeline->then(Object(Closure))
#29 C:\\xampp\\htdocs\\LARAVEL\\API-CRUD-APP\\vendor\\laravel\\framework\\src\\Illuminate\\Routing\\Router.php(776): Illuminate\\Routing\\Router->runRouteWithinStack(Object(Illuminate\\Routing\\Route), Object(Illuminate\\Http\\Request))
#30 C:\\xampp\\htdocs\\LARAVEL\\API-CRUD-APP\\vendor\\laravel\\framework\\src\\Illuminate\\Routing\\Router.php(740): Illuminate\\Routing\\Router->runRoute(Object(Illuminate\\Http\\Request), Object(Illuminate\\Routing\\Route))
#31 C:\\xampp\\htdocs\\LARAVEL\\API-CRUD-APP\\vendor\\laravel\\framework\\src\\Illuminate\\Routing\\Router.php(729): Illuminate\\Routing\\Router->dispatchToRoute(Object(Illuminate\\Http\\Request))
#32 C:\\xampp\\htdocs\\LARAVEL\\API-CRUD-APP\\vendor\\laravel\\framework\\src\\Illuminate\\Foundation\\Http\\Kernel.php(190): Illuminate\\Routing\\Router->dispatch(Object(Illuminate\\Http\\Request))
#33 C:\\xampp\\htdocs\\LARAVEL\\API-CRUD-APP\\vendor\\laravel\\framework\\src\\Illuminate\\Pipeline\\Pipeline.php(141): Illuminate\\Foundation\\Http\\Kernel->Illuminate\\Foundation\\Http\\{closure}(Object(Illuminate\\Http\\Request))
#34 C:\\xampp\\htdocs\\LARAVEL\\API-CRUD-APP\\vendor\\laravel\\framework\\src\\Illuminate\\Foundation\\Http\\Middleware\\TransformsRequest.php(21): Illuminate\\Pipeline\\Pipeline->Illuminate\\Pipeline\\{closure}(Object(Illuminate\\Http\\Request))
#35 C:\\xampp\\htdocs\\LARAVEL\\API-CRUD-APP\\vendor\\laravel\\framework\\src\\Illuminate\\Foundation\\Http\\Middleware\\ConvertEmptyStringsToNull.php(31): Illuminate\\Foundation\\Http\\Middleware\\TransformsRequest->handle(Object(Illuminate\\Http\\Request), Object(Closure))
#36 C:\\xampp\\htdocs\\LARAVEL\\API-CRUD-APP\\vendor\\laravel\\framework\\src\\Illuminate\\Pipeline\\Pipeline.php(180): Illuminate\\Foundation\\Http\\Middleware\\ConvertEmptyStringsToNull->handle(Object(Illuminate\\Http\\Request), Object(Closure))
#37 C:\\xampp\\htdocs\\LARAVEL\\API-CRUD-APP\\vendor\\laravel\\framework\\src\\Illuminate\\Foundation\\Http\\Middleware\\TransformsRequest.php(21): Illuminate\\Pipeline\\Pipeline->Illuminate\\Pipeline\\{closure}(Object(Illuminate\\Http\\Request))
#38 C:\\xampp\\htdocs\\LARAVEL\\API-CRUD-APP\\vendor\\laravel\\framework\\src\\Illuminate\\Foundation\\Http\\Middleware\\TrimStrings.php(40): Illuminate\\Foundation\\Http\\Middleware\\TransformsRequest->handle(Object(Illuminate\\Http\\Request), Object(Closure))
#39 C:\\xampp\\htdocs\\LARAVEL\\API-CRUD-APP\\vendor\\laravel\\framework\\src\\Illuminate\\Pipeline\\Pipeline.php(180): Illuminate\\Foundation\\Http\\Middleware\\TrimStrings->handle(Object(Illuminate\\Http\\Request), Object(Closure))
#40 C:\\xampp\\htdocs\\LARAVEL\\API-CRUD-APP\\vendor\\laravel\\framework\\src\\Illuminate\\Foundation\\Http\\Middleware\\ValidatePostSize.php(27): Illuminate\\Pipeline\\Pipeline->Illuminate\\Pipeline\\{closure}(Object(Illuminate\\Http\\Request))
#41 C:\\xampp\\htdocs\\LARAVEL\\API-CRUD-APP\\vendor\\laravel\\framework\\src\\Illuminate\\Pipeline\\Pipeline.php(180): Illuminate\\Foundation\\Http\\Middleware\\ValidatePostSize->handle(Object(Illuminate\\Http\\Request), Object(Closure))
#42 C:\\xampp\\htdocs\\LARAVEL\\API-CRUD-APP\\vendor\\laravel\\framework\\src\\Illuminate\\Foundation\\Http\\Middleware\\PreventRequestsDuringMaintenance.php(86): Illuminate\\Pipeline\\Pipeline->Illuminate\\Pipeline\\{closure}(Object(Illuminate\\Http\\Request))
#43 C:\\xampp\\htdocs\\LARAVEL\\API-CRUD-APP\\vendor\\laravel\\framework\\src\\Illuminate\\Pipeline\\Pipeline.php(180): Illuminate\\Foundation\\Http\\Middleware\\PreventRequestsDuringMaintenance->handle(Object(Illuminate\\Http\\Request), Object(Closure))
#44 C:\\xampp\\htdocs\\LARAVEL\\API-CRUD-APP\\vendor\\laravel\\framework\\src\\Illuminate\\Http\\Middleware\\HandleCors.php(62): Illuminate\\Pipeline\\Pipeline->Illuminate\\Pipeline\\{closure}(Object(Illuminate\\Http\\Request))
#45 C:\\xampp\\htdocs\\LARAVEL\\API-CRUD-APP\\vendor\\laravel\\framework\\src\\Illuminate\\Pipeline\\Pipeline.php(180): Illuminate\\Http\\Middleware\\HandleCors->handle(Object(Illuminate\\Http\\Request), Object(Closure))
#46 C:\\xampp\\htdocs\\LARAVEL\\API-CRUD-APP\\vendor\\laravel\\framework\\src\\Illuminate\\Http\\Middleware\\TrustProxies.php(39): Illuminate\\Pipeline\\Pipeline->Illuminate\\Pipeline\\{closure}(Object(Illuminate\\Http\\Request))
#47 C:\\xampp\\htdocs\\LARAVEL\\API-CRUD-APP\\vendor\\laravel\\framework\\src\\Illuminate\\Pipeline\\Pipeline.php(180): Illuminate\\Http\\Middleware\\TrustProxies->handle(Object(Illuminate\\Http\\Request), Object(Closure))
#48 C:\\xampp\\htdocs\\LARAVEL\\API-CRUD-APP\\vendor\\laravel\\framework\\src\\Illuminate\\Pipeline\\Pipeline.php(116): Illuminate\\Pipeline\\Pipeline->Illuminate\\Pipeline\\{closure}(Object(Illuminate\\Http\\Request))
#49 C:\\xampp\\htdocs\\LARAVEL\\API-CRUD-APP\\vendor\\laravel\\framework\\src\\Illuminate\\Foundation\\Http\\Kernel.php(165): Illuminate\\Pipeline\\Pipeline->then(Object(Closure))
#50 C:\\xampp\\htdocs\\LARAVEL\\API-CRUD-APP\\vendor\\laravel\\framework\\src\\Illuminate\\Foundation\\Http\\Kernel.php(134): Illuminate\\Foundation\\Http\\Kernel->sendRequestThroughRouter(Object(Illuminate\\Http\\Request))
#51 C:\\xampp\\htdocs\\LARAVEL\\API-CRUD-APP\\public\\index.php(52): Illuminate\\Foundation\\Http\\Kernel->handle(Object(Illuminate\\Http\\Request))
#52 C:\\xampp\\htdocs\\LARAVEL\\API-CRUD-APP\\vendor\\laravel\\framework\\src\\Illuminate\\Foundation\\resources\\server.php(16): require_once('C:\\\\xampp\\\\htdocs...')
#53 {main}

[previous exception] [object] (PDOException(code: 42S22): SQLSTATE[42S22]: Column not found: 1054 Unknown column 'updated_at' in 'field list' at C:\\xampp\\htdocs\\LARAVEL\\API-CRUD-APP\\vendor\\laravel\\framework\\src\\Illuminate\\Database\\Connection.php:539)
[stacktrace]
#0 C:\\xampp\\htdocs\\LARAVEL\\API-CRUD-APP\\vendor\\laravel\\framework\\src\\Illuminate\\Database\\Connection.php(539): PDO->prepare('insert into `us...')
#1 C:\\xampp\\htdocs\\LARAVEL\\API-CRUD-APP\\vendor\\laravel\\framework\\src\\Illuminate\\Database\\Connection.php(753): Illuminate\\Database\\Connection->Illuminate\\Database\\{closure}('insert into `us...', Array)
#2 C:\\xampp\\htdocs\\LARAVEL\\API-CRUD-APP\\vendor\\laravel\\framework\\src\\Illuminate\\Database\\Connection.php(720): Illuminate\\Database\\Connection->runQueryCallback('insert into `us...', Array, Object(Closure))
#3 C:\\xampp\\htdocs\\LARAVEL\\API-CRUD-APP\\vendor\\laravel\\framework\\src\\Illuminate\\Database\\Connection.php(546): Illuminate\\Database\\Connection->run('insert into `us...', Array, Object(Closure))
#4 C:\\xampp\\htdocs\\LARAVEL\\API-CRUD-APP\\vendor\\laravel\\framework\\src\\Illuminate\\Database\\Connection.php(498): Illuminate\\Database\\Connection->statement('insert into `us...', Array)
#5 C:\\xampp\\htdocs\\LARAVEL\\API-CRUD-APP\\vendor\\laravel\\framework\\src\\Illuminate\\Database\\Query\\Processors\\Processor.php(32): Illuminate\\Database\\Connection->insert('insert into `us...', Array)
#6 C:\\xampp\\htdocs\\LARAVEL\\API-CRUD-APP\\vendor\\laravel\\framework\\src\\Illuminate\\Database\\Query\\Builder.php(3322): Illuminate\\Database\\Query\\Processors\\Processor->processInsertGetId(Object(Illuminate\\Database\\Query\\Builder), 'insert into `us...', Array, 'id')
#7 C:\\xampp\\htdocs\\LARAVEL\\API-CRUD-APP\\vendor\\laravel\\framework\\src\\Illuminate\\Database\\Eloquent\\Builder.php(1869): Illuminate\\Database\\Query\\Builder->insertGetId(Array, 'id')
#8 C:\\xampp\\htdocs\\LARAVEL\\API-CRUD-APP\\vendor\\laravel\\framework\\src\\Illuminate\\Database\\Eloquent\\Model.php(1330): Illuminate\\Database\\Eloquent\\Builder->__call('insertGetId', Array)
#9 C:\\xampp\\htdocs\\LARAVEL\\API-CRUD-APP\\vendor\\laravel\\framework\\src\\Illuminate\\Database\\Eloquent\\Model.php(1295): Illuminate\\Database\\Eloquent\\Model->insertAndSetId(Object(Illuminate\\Database\\Eloquent\\Builder), Array)
#10 C:\\xampp\\htdocs\\LARAVEL\\API-CRUD-APP\\vendor\\laravel\\framework\\src\\Illuminate\\Database\\Eloquent\\Model.php(1138): Illuminate\\Database\\Eloquent\\Model->performInsert(Object(Illuminate\\Database\\Eloquent\\Builder))
#11 C:\\xampp\\htdocs\\LARAVEL\\API-CRUD-APP\\vendor\\laravel\\framework\\src\\Illuminate\\Database\\Eloquent\\Builder.php(986): Illuminate\\Database\\Eloquent\\Model->save()
#12 C:\\xampp\\htdocs\\LARAVEL\\API-CRUD-APP\\vendor\\laravel\\framework\\src\\Illuminate\\Support\\helpers.php(306): Illuminate\\Database\\Eloquent\\Builder->Illuminate\\Database\\Eloquent\\{closure}(Object(App\\Models\\User))
#13 C:\\xampp\\htdocs\\LARAVEL\\API-CRUD-APP\\vendor\\laravel\\framework\\src\\Illuminate\\Database\\Eloquent\\Builder.php(987): tap(Object(App\\Models\\User), Object(Closure))
#14 C:\\xampp\\htdocs\\LARAVEL\\API-CRUD-APP\\vendor\\laravel\\framework\\src\\Illuminate\\Support\\Traits\\ForwardsCalls.php(23): Illuminate\\Database\\Eloquent\\Builder->create(Array)
#15 C:\\xampp\\htdocs\\LARAVEL\\API-CRUD-APP\\vendor\\laravel\\framework\\src\\Illuminate\\Database\\Eloquent\\Model.php(2330): Illuminate\\Database\\Eloquent\\Model->forwardCallTo(Object(Illuminate\\Database\\Eloquent\\Builder), 'create', Array)
#16 C:\\xampp\\htdocs\\LARAVEL\\API-CRUD-APP\\app\\Http\\Controllers\\UserController.php(87): Illuminate\\Database\\Eloquent\\Model->__call('create', Array)
#17 C:\\xampp\\htdocs\\LARAVEL\\API-CRUD-APP\\vendor\\laravel\\framework\\src\\Illuminate\\Routing\\Controller.php(54): App\\Http\\Controllers\\UserController->register(Object(Illuminate\\Http\\Request))
#18 C:\\xampp\\htdocs\\LARAVEL\\API-CRUD-APP\\vendor\\laravel\\framework\\src\\Illuminate\\Routing\\ControllerDispatcher.php(43): Illuminate\\Routing\\Controller->callAction('register', Array)
#19 C:\\xampp\\htdocs\\LARAVEL\\API-CRUD-APP\\vendor\\laravel\\framework\\src\\Illuminate\\Routing\\Route.php(260): Illuminate\\Routing\\ControllerDispatcher->dispatch(Object(Illuminate\\Routing\\Route), Object(App\\Http\\Controllers\\UserController), 'register')
#20 C:\\xampp\\htdocs\\LARAVEL\\API-CRUD-APP\\vendor\\laravel\\framework\\src\\Illuminate\\Routing\\Route.php(205): Illuminate\\Routing\\Route->runController()
#21 C:\\xampp\\htdocs\\LARAVEL\\API-CRUD-APP\\vendor\\laravel\\framework\\src\\Illuminate\\Routing\\Router.php(798): Illuminate\\Routing\\Route->run()
#22 C:\\xampp\\htdocs\\LARAVEL\\API-CRUD-APP\\vendor\\laravel\\framework\\src\\Illuminate\\Pipeline\\Pipeline.php(141): Illuminate\\Routing\\Router->Illuminate\\Routing\\{closure}(Object(Illuminate\\Http\\Request))
#23 C:\\xampp\\htdocs\\LARAVEL\\API-CRUD-APP\\vendor\\laravel\\framework\\src\\Illuminate\\Routing\\Middleware\\SubstituteBindings.php(50): Illuminate\\Pipeline\\Pipeline->Illuminate\\Pipeline\\{closure}(Object(Illuminate\\Http\\Request))
#24 C:\\xampp\\htdocs\\LARAVEL\\API-CRUD-APP\\vendor\\laravel\\framework\\src\\Illuminate\\Pipeline\\Pipeline.php(180): Illuminate\\Routing\\Middleware\\SubstituteBindings->handle(Object(Illuminate\\Http\\Request), Object(Closure))
#25 C:\\xampp\\htdocs\\LARAVEL\\API-CRUD-APP\\vendor\\laravel\\framework\\src\\Illuminate\\Routing\\Middleware\\ThrottleRequests.php(126): Illuminate\\Pipeline\\Pipeline->Illuminate\\Pipeline\\{closure}(Object(Illuminate\\Http\\Request))
#26 C:\\xampp\\htdocs\\LARAVEL\\API-CRUD-APP\\vendor\\laravel\\framework\\src\\Illuminate\\Routing\\Middleware\\ThrottleRequests.php(102): Illuminate\\Routing\\Middleware\\ThrottleRequests->handleRequest(Object(Illuminate\\Http\\Request), Object(Closure), Array)
#27 C:\\xampp\\htdocs\\LARAVEL\\API-CRUD-APP\\vendor\\laravel\\framework\\src\\Illuminate\\Routing\\Middleware\\ThrottleRequests.php(54): Illuminate\\Routing\\Middleware\\ThrottleRequests->handleRequestUsingNamedLimiter(Object(Illuminate\\Http\\Request), Object(Closure), 'api', Object(Closure))
#28 C:\\xampp\\htdocs\\LARAVEL\\API-CRUD-APP\\vendor\\laravel\\framework\\src\\Illuminate\\Pipeline\\Pipeline.php(180): Illuminate\\Routing\\Middleware\\ThrottleRequests->handle(Object(Illuminate\\Http\\Request), Object(Closure), 'api')
#29 C:\\xampp\\htdocs\\LARAVEL\\API-CRUD-APP\\vendor\\laravel\\framework\\src\\Illuminate\\Pipeline\\Pipeline.php(116): Illuminate\\Pipeline\\Pipeline->Illuminate\\Pipeline\\{closure}(Object(Illuminate\\Http\\Request))
#30 C:\\xampp\\htdocs\\LARAVEL\\API-CRUD-APP\\vendor\\laravel\\framework\\src\\Illuminate\\Routing\\Router.php(799): Illuminate\\Pipeline\\Pipeline->then(Object(Closure))
#31 C:\\xampp\\htdocs\\LARAVEL\\API-CRUD-APP\\vendor\\laravel\\framework\\src\\Illuminate\\Routing\\Router.php(776): Illuminate\\Routing\\Router->runRouteWithinStack(Object(Illuminate\\Routing\\Route), Object(Illuminate\\Http\\Request))
#32 C:\\xampp\\htdocs\\LARAVEL\\API-CRUD-APP\\vendor\\laravel\\framework\\src\\Illuminate\\Routing\\Router.php(740): Illuminate\\Routing\\Router->runRoute(Object(Illuminate\\Http\\Request), Object(Illuminate\\Routing\\Route))
#33 C:\\xampp\\htdocs\\LARAVEL\\API-CRUD-APP\\vendor\\laravel\\framework\\src\\Illuminate\\Routing\\Router.php(729): Illuminate\\Routing\\Router->dispatchToRoute(Object(Illuminate\\Http\\Request))
#34 C:\\xampp\\htdocs\\LARAVEL\\API-CRUD-APP\\vendor\\laravel\\framework\\src\\Illuminate\\Foundation\\Http\\Kernel.php(190): Illuminate\\Routing\\Router->dispatch(Object(Illuminate\\Http\\Request))
#35 C:\\xampp\\htdocs\\LARAVEL\\API-CRUD-APP\\vendor\\laravel\\framework\\src\\Illuminate\\Pipeline\\Pipeline.php(141): Illuminate\\Foundation\\Http\\Kernel->Illuminate\\Foundation\\Http\\{closure}(Object(Illuminate\\Http\\Request))
#36 C:\\xampp\\htdocs\\LARAVEL\\API-CRUD-APP\\vendor\\laravel\\framework\\src\\Illuminate\\Foundation\\Http\\Middleware\\TransformsRequest.php(21): Illuminate\\Pipeline\\Pipeline->Illuminate\\Pipeline\\{closure}(Object(Illuminate\\Http\\Request))
#37 C:\\xampp\\htdocs\\LARAVEL\\API-CRUD-APP\\vendor\\laravel\\framework\\src\\Illuminate\\Foundation\\Http\\Middleware\\ConvertEmptyStringsToNull.php(31): Illuminate\\Foundation\\Http\\Middleware\\TransformsRequest->handle(Object(Illuminate\\Http\\Request), Object(Closure))
#38 C:\\xampp\\htdocs\\LARAVEL\\API-CRUD-APP\\vendor\\laravel\\framework\\src\\Illuminate\\Pipeline\\Pipeline.php(180): Illuminate\\Foundation\\Http\\Middleware\\ConvertEmptyStringsToNull->handle(Object(Illuminate\\Http\\Request), Object(Closure))
#39 C:\\xampp\\htdocs\\LARAVEL\\API-CRUD-APP\\vendor\\laravel\\framework\\src\\Illuminate\\Foundation\\Http\\Middleware\\TransformsRequest.php(21): Illuminate\\Pipeline\\Pipeline->Illuminate\\Pipeline\\{closure}(Object(Illuminate\\Http\\Request))
#40 C:\\xampp\\htdocs\\LARAVEL\\API-CRUD-APP\\vendor\\laravel\\framework\\src\\Illuminate\\Foundation\\Http\\Middleware\\TrimStrings.php(40): Illuminate\\Foundation\\Http\\Middleware\\TransformsRequest->handle(Object(Illuminate\\Http\\Request), Object(Closure))
#41 C:\\xampp\\htdocs\\LARAVEL\\API-CRUD-APP\\vendor\\laravel\\framework\\src\\Illuminate\\Pipeline\\Pipeline.php(180): Illuminate\\Foundation\\Http\\Middleware\\TrimStrings->handle(Object(Illuminate\\Http\\Request), Object(Closure))
#42 C:\\xampp\\htdocs\\LARAVEL\\API-CRUD-APP\\vendor\\laravel\\framework\\src\\Illuminate\\Foundation\\Http\\Middleware\\ValidatePostSize.php(27): Illuminate\\Pipeline\\Pipeline->Illuminate\\Pipeline\\{closure}(Object(Illuminate\\Http\\Request))
#43 C:\\xampp\\htdocs\\LARAVEL\\API-CRUD-APP\\vendor\\laravel\\framework\\src\\Illuminate\\Pipeline\\Pipeline.php(180): Illuminate\\Foundation\\Http\\Middleware\\ValidatePostSize->handle(Object(Illuminate\\Http\\Request), Object(Closure))
#44 C:\\xampp\\htdocs\\LARAVEL\\API-CRUD-APP\\vendor\\laravel\\framework\\src\\Illuminate\\Foundation\\Http\\Middleware\\PreventRequestsDuringMaintenance.php(86): Illuminate\\Pipeline\\Pipeline->Illuminate\\Pipeline\\{closure}(Object(Illuminate\\Http\\Request))
#45 C:\\xampp\\htdocs\\LARAVEL\\API-CRUD-APP\\vendor\\laravel\\framework\\src\\Illuminate\\Pipeline\\Pipeline.php(180): Illuminate\\Foundation\\Http\\Middleware\\PreventRequestsDuringMaintenance->handle(Object(Illuminate\\Http\\Request), Object(Closure))
#46 C:\\xampp\\htdocs\\LARAVEL\\API-CRUD-APP\\vendor\\laravel\\framework\\src\\Illuminate\\Http\\Middleware\\HandleCors.php(62): Illuminate\\Pipeline\\Pipeline->Illuminate\\Pipeline\\{closure}(Object(Illuminate\\Http\\Request))
#47 C:\\xampp\\htdocs\\LARAVEL\\API-CRUD-APP\\vendor\\laravel\\framework\\src\\Illuminate\\Pipeline\\Pipeline.php(180): Illuminate\\Http\\Middleware\\HandleCors->handle(Object(Illuminate\\Http\\Request), Object(Closure))
#48 C:\\xampp\\htdocs\\LARAVEL\\API-CRUD-APP\\vendor\\laravel\\framework\\src\\Illuminate\\Http\\Middleware\\TrustProxies.php(39): Illuminate\\Pipeline\\Pipeline->Illuminate\\Pipeline\\{closure}(Object(Illuminate\\Http\\Request))
#49 C:\\xampp\\htdocs\\LARAVEL\\API-CRUD-APP\\vendor\\laravel\\framework\\src\\Illuminate\\Pipeline\\Pipeline.php(180): Illuminate\\Http\\Middleware\\TrustProxies->handle(Object(Illuminate\\Http\\Request), Object(Closure))
#50 C:\\xampp\\htdocs\\LARAVEL\\API-CRUD-APP\\vendor\\laravel\\framework\\src\\Illuminate\\Pipeline\\Pipeline.php(116): Illuminate\\Pipeline\\Pipeline->Illuminate\\Pipeline\\{closure}(Object(Illuminate\\Http\\Request))
#51 C:\\xampp\\htdocs\\LARAVEL\\API-CRUD-APP\\vendor\\laravel\\framework\\src\\Illuminate\\Foundation\\Http\\Kernel.php(165): Illuminate\\Pipeline\\Pipeline->then(Object(Closure))
#52 C:\\xampp\\htdocs\\LARAVEL\\API-CRUD-APP\\vendor\\laravel\\framework\\src\\Illuminate\\Foundation\\Http\\Kernel.php(134): Illuminate\\Foundation\\Http\\Kernel->sendRequestThroughRouter(Object(Illuminate\\Http\\Request))
#53 C:\\xampp\\htdocs\\LARAVEL\\API-CRUD-APP\\public\\index.php(52): Illuminate\\Foundation\\Http\\Kernel->handle(Object(Illuminate\\Http\\Request))
#54 C:\\xampp\\htdocs\\LARAVEL\\API-CRUD-APP\\vendor\\laravel\\framework\\src\\Illuminate\\Foundation\\resources\\server.php(16): require_once('C:\\\\xampp\\\\htdocs...')
#55 {main}
"} 
[2024-10-04 06:29:57] local.ERROR: SQLSTATE[42S01]: Base table or view already exists: 1050 Table 'users' already exists (SQL: create table `users` (`id` bigint unsigned not null auto_increment primary key, `name` varchar(255) not null, `email` varchar(255) not null, `password` varchar(255) not null, `c_password` varchar(255) not null, `created_at` timestamp null, `updated_at` timestamp null) default character set utf8mb4 collate 'utf8mb4_unicode_ci') {"exception":"[object] (Illuminate\\Database\\QueryException(code: 42S01): SQLSTATE[42S01]: Base table or view already exists: 1050 Table 'users' already exists (SQL: create table `users` (`id` bigint unsigned not null auto_increment primary key, `name` varchar(255) not null, `email` varchar(255) not null, `password` varchar(255) not null, `c_password` varchar(255) not null, `created_at` timestamp null, `updated_at` timestamp null) default character set utf8mb4 collate 'utf8mb4_unicode_ci') at C:\\xampp\\htdocs\\LARAVEL\\API-CRUD-APP\\vendor\\laravel\\framework\\src\\Illuminate\\Database\\Connection.php:760)
[stacktrace]
#0 C:\\xampp\\htdocs\\LARAVEL\\API-CRUD-APP\\vendor\\laravel\\framework\\src\\Illuminate\\Database\\Connection.php(720): Illuminate\\Database\\Connection->runQueryCallback('create table `u...', Array, Object(Closure))
#1 C:\\xampp\\htdocs\\LARAVEL\\API-CRUD-APP\\vendor\\laravel\\framework\\src\\Illuminate\\Database\\Connection.php(546): Illuminate\\Database\\Connection->run('create table `u...', Array, Object(Closure))
#2 C:\\xampp\\htdocs\\LARAVEL\\API-CRUD-APP\\vendor\\laravel\\framework\\src\\Illuminate\\Database\\Schema\\Blueprint.php(109): Illuminate\\Database\\Connection->statement('create table `u...')
#3 C:\\xampp\\htdocs\\LARAVEL\\API-CRUD-APP\\vendor\\laravel\\framework\\src\\Illuminate\\Database\\Schema\\Builder.php(439): Illuminate\\Database\\Schema\\Blueprint->build(Object(Illuminate\\Database\\MySqlConnection), Object(Illuminate\\Database\\Schema\\Grammars\\MySqlGrammar))
#4 C:\\xampp\\htdocs\\LARAVEL\\API-CRUD-APP\\vendor\\laravel\\framework\\src\\Illuminate\\Database\\Schema\\Builder.php(285): Illuminate\\Database\\Schema\\Builder->build(Object(Illuminate\\Database\\Schema\\Blueprint))
#5 C:\\xampp\\htdocs\\LARAVEL\\API-CRUD-APP\\vendor\\laravel\\framework\\src\\Illuminate\\Support\\Facades\\Facade.php(338): Illuminate\\Database\\Schema\\Builder->create('users', Object(Closure))
#6 C:\\xampp\\htdocs\\LARAVEL\\API-CRUD-APP\\database\\migrations\\2024_10_04_062845_create_users_table.php(23): Illuminate\\Support\\Facades\\Facade::__callStatic('create', Array)
#7 C:\\xampp\\htdocs\\LARAVEL\\API-CRUD-APP\\vendor\\laravel\\framework\\src\\Illuminate\\Database\\Migrations\\Migrator.php(488): Illuminate\\Database\\Migrations\\Migration@anonymous->up()
#8 C:\\xampp\\htdocs\\LARAVEL\\API-CRUD-APP\\vendor\\laravel\\framework\\src\\Illuminate\\Database\\Migrations\\Migrator.php(406): Illuminate\\Database\\Migrations\\Migrator->runMethod(Object(Illuminate\\Database\\MySqlConnection), Object(Illuminate\\Database\\Migrations\\Migration@anonymous), 'up')
#9 C:\\xampp\\htdocs\\LARAVEL\\API-CRUD-APP\\vendor\\laravel\\framework\\src\\Illuminate\\Database\\Migrations\\Migrator.php(415): Illuminate\\Database\\Migrations\\Migrator->Illuminate\\Database\\Migrations\\{closure}()
#10 C:\\xampp\\htdocs\\LARAVEL\\API-CRUD-APP\\vendor\\laravel\\framework\\src\\Illuminate\\Database\\Migrations\\Migrator.php(216): Illuminate\\Database\\Migrations\\Migrator->runMigration(Object(Illuminate\\Database\\Migrations\\Migration@anonymous), 'up')
#11 C:\\xampp\\htdocs\\LARAVEL\\API-CRUD-APP\\vendor\\laravel\\framework\\src\\Illuminate\\Console\\View\\Components\\Task.php(37): Illuminate\\Database\\Migrations\\Migrator->Illuminate\\Database\\Migrations\\{closure}()
#12 C:\\xampp\\htdocs\\LARAVEL\\API-CRUD-APP\\vendor\\laravel\\framework\\src\\Illuminate\\Database\\Migrations\\Migrator.php(751): Illuminate\\Console\\View\\Components\\Task->render('2024_10_04_0628...', Object(Closure))
#13 C:\\xampp\\htdocs\\LARAVEL\\API-CRUD-APP\\vendor\\laravel\\framework\\src\\Illuminate\\Database\\Migrations\\Migrator.php(216): Illuminate\\Database\\Migrations\\Migrator->write('Illuminate\\\\Cons...', '2024_10_04_0628...', Object(Closure))
#14 C:\\xampp\\htdocs\\LARAVEL\\API-CRUD-APP\\vendor\\laravel\\framework\\src\\Illuminate\\Database\\Migrations\\Migrator.php(181): Illuminate\\Database\\Migrations\\Migrator->runUp('C:\\\\xampp\\\\htdocs...', 2, false)
#15 C:\\xampp\\htdocs\\LARAVEL\\API-CRUD-APP\\vendor\\laravel\\framework\\src\\Illuminate\\Database\\Migrations\\Migrator.php(124): Illuminate\\Database\\Migrations\\Migrator->runPending(Array, Array)
#16 C:\\xampp\\htdocs\\LARAVEL\\API-CRUD-APP\\vendor\\laravel\\framework\\src\\Illuminate\\Database\\Console\\Migrations\\MigrateCommand.php(90): Illuminate\\Database\\Migrations\\Migrator->run(Array, Array)
#17 C:\\xampp\\htdocs\\LARAVEL\\API-CRUD-APP\\vendor\\laravel\\framework\\src\\Illuminate\\Database\\Migrations\\Migrator.php(628): Illuminate\\Database\\Console\\Migrations\\MigrateCommand->Illuminate\\Database\\Console\\Migrations\\{closure}()
#18 C:\\xampp\\htdocs\\LARAVEL\\API-CRUD-APP\\vendor\\laravel\\framework\\src\\Illuminate\\Database\\Console\\Migrations\\MigrateCommand.php(102): Illuminate\\Database\\Migrations\\Migrator->usingConnection(NULL, Object(Closure))
#19 C:\\xampp\\htdocs\\LARAVEL\\API-CRUD-APP\\vendor\\laravel\\framework\\src\\Illuminate\\Container\\BoundMethod.php(36): Illuminate\\Database\\Console\\Migrations\\MigrateCommand->handle()
#20 C:\\xampp\\htdocs\\LARAVEL\\API-CRUD-APP\\vendor\\laravel\\framework\\src\\Illuminate\\Container\\Util.php(41): Illuminate\\Container\\BoundMethod::Illuminate\\Container\\{closure}()
#21 C:\\xampp\\htdocs\\LARAVEL\\API-CRUD-APP\\vendor\\laravel\\framework\\src\\Illuminate\\Container\\BoundMethod.php(93): Illuminate\\Container\\Util::unwrapIfClosure(Object(Closure))
#22 C:\\xampp\\htdocs\\LARAVEL\\API-CRUD-APP\\vendor\\laravel\\framework\\src\\Illuminate\\Container\\BoundMethod.php(37): Illuminate\\Container\\BoundMethod::callBoundMethod(Object(Illuminate\\Foundation\\Application), Array, Object(Closure))
#23 C:\\xampp\\htdocs\\LARAVEL\\API-CRUD-APP\\vendor\\laravel\\framework\\src\\Illuminate\\Container\\Container.php(661): Illuminate\\Container\\BoundMethod::call(Object(Illuminate\\Foundation\\Application), Array, Array, NULL)
#24 C:\\xampp\\htdocs\\LARAVEL\\API-CRUD-APP\\vendor\\laravel\\framework\\src\\Illuminate\\Console\\Command.php(183): Illuminate\\Container\\Container->call(Array)
#25 C:\\xampp\\htdocs\\LARAVEL\\API-CRUD-APP\\vendor\\symfony\\console\\Command\\Command.php(291): Illuminate\\Console\\Command->execute(Object(Symfony\\Component\\Console\\Input\\ArgvInput), Object(Illuminate\\Console\\OutputStyle))
#26 C:\\xampp\\htdocs\\LARAVEL\\API-CRUD-APP\\vendor\\laravel\\framework\\src\\Illuminate\\Console\\Command.php(153): Symfony\\Component\\Console\\Command\\Command->run(Object(Symfony\\Component\\Console\\Input\\ArgvInput), Object(Illuminate\\Console\\OutputStyle))
#27 C:\\xampp\\htdocs\\LARAVEL\\API-CRUD-APP\\vendor\\symfony\\console\\Application.php(1014): Illuminate\\Console\\Command->run(Object(Symfony\\Component\\Console\\Input\\ArgvInput), Object(Symfony\\Component\\Console\\Output\\ConsoleOutput))
#28 C:\\xampp\\htdocs\\LARAVEL\\API-CRUD-APP\\vendor\\symfony\\console\\Application.php(301): Symfony\\Component\\Console\\Application->doRunCommand(Object(Illuminate\\Database\\Console\\Migrations\\MigrateCommand), Object(Symfony\\Component\\Console\\Input\\ArgvInput), Object(Symfony\\Component\\Console\\Output\\ConsoleOutput))
#29 C:\\xampp\\htdocs\\LARAVEL\\API-CRUD-APP\\vendor\\symfony\\console\\Application.php(171): Symfony\\Component\\Console\\Application->doRun(Object(Symfony\\Component\\Console\\Input\\ArgvInput), Object(Symfony\\Component\\Console\\Output\\ConsoleOutput))
#30 C:\\xampp\\htdocs\\LARAVEL\\API-CRUD-APP\\vendor\\laravel\\framework\\src\\Illuminate\\Console\\Application.php(102): Symfony\\Component\\Console\\Application->run(Object(Symfony\\Component\\Console\\Input\\ArgvInput), Object(Symfony\\Component\\Console\\Output\\ConsoleOutput))
#31 C:\\xampp\\htdocs\\LARAVEL\\API-CRUD-APP\\vendor\\laravel\\framework\\src\\Illuminate\\Foundation\\Console\\Kernel.php(155): Illuminate\\Console\\Application->run(Object(Symfony\\Component\\Console\\Input\\ArgvInput), Object(Symfony\\Component\\Console\\Output\\ConsoleOutput))
#32 C:\\xampp\\htdocs\\LARAVEL\\API-CRUD-APP\\artisan(37): Illuminate\\Foundation\\Console\\Kernel->handle(Object(Symfony\\Component\\Console\\Input\\ArgvInput), Object(Symfony\\Component\\Console\\Output\\ConsoleOutput))
#33 {main}

[previous exception] [object] (PDOException(code: 42S01): SQLSTATE[42S01]: Base table or view already exists: 1050 Table 'users' already exists at C:\\xampp\\htdocs\\LARAVEL\\API-CRUD-APP\\vendor\\laravel\\framework\\src\\Illuminate\\Database\\Connection.php:545)
[stacktrace]
#0 C:\\xampp\\htdocs\\LARAVEL\\API-CRUD-APP\\vendor\\laravel\\framework\\src\\Illuminate\\Database\\Connection.php(545): PDOStatement->execute()
#1 C:\\xampp\\htdocs\\LARAVEL\\API-CRUD-APP\\vendor\\laravel\\framework\\src\\Illuminate\\Database\\Connection.php(753): Illuminate\\Database\\Connection->Illuminate\\Database\\{closure}('create table `u...', Array)
#2 C:\\xampp\\htdocs\\LARAVEL\\API-CRUD-APP\\vendor\\laravel\\framework\\src\\Illuminate\\Database\\Connection.php(720): Illuminate\\Database\\Connection->runQueryCallback('create table `u...', Array, Object(Closure))
#3 C:\\xampp\\htdocs\\LARAVEL\\API-CRUD-APP\\vendor\\laravel\\framework\\src\\Illuminate\\Database\\Connection.php(546): Illuminate\\Database\\Connection->run('create table `u...', Array, Object(Closure))
#4 C:\\xampp\\htdocs\\LARAVEL\\API-CRUD-APP\\vendor\\laravel\\framework\\src\\Illuminate\\Database\\Schema\\Blueprint.php(109): Illuminate\\Database\\Connection->statement('create table `u...')
#5 C:\\xampp\\htdocs\\LARAVEL\\API-CRUD-APP\\vendor\\laravel\\framework\\src\\Illuminate\\Database\\Schema\\Builder.php(439): Illuminate\\Database\\Schema\\Blueprint->build(Object(Illuminate\\Database\\MySqlConnection), Object(Illuminate\\Database\\Schema\\Grammars\\MySqlGrammar))
#6 C:\\xampp\\htdocs\\LARAVEL\\API-CRUD-APP\\vendor\\laravel\\framework\\src\\Illuminate\\Database\\Schema\\Builder.php(285): Illuminate\\Database\\Schema\\Builder->build(Object(Illuminate\\Database\\Schema\\Blueprint))
#7 C:\\xampp\\htdocs\\LARAVEL\\API-CRUD-APP\\vendor\\laravel\\framework\\src\\Illuminate\\Support\\Facades\\Facade.php(338): Illuminate\\Database\\Schema\\Builder->create('users', Object(Closure))
#8 C:\\xampp\\htdocs\\LARAVEL\\API-CRUD-APP\\database\\migrations\\2024_10_04_062845_create_users_table.php(23): Illuminate\\Support\\Facades\\Facade::__callStatic('create', Array)
#9 C:\\xampp\\htdocs\\LARAVEL\\API-CRUD-APP\\vendor\\laravel\\framework\\src\\Illuminate\\Database\\Migrations\\Migrator.php(488): Illuminate\\Database\\Migrations\\Migration@anonymous->up()
#10 C:\\xampp\\htdocs\\LARAVEL\\API-CRUD-APP\\vendor\\laravel\\framework\\src\\Illuminate\\Database\\Migrations\\Migrator.php(406): Illuminate\\Database\\Migrations\\Migrator->runMethod(Object(Illuminate\\Database\\MySqlConnection), Object(Illuminate\\Database\\Migrations\\Migration@anonymous), 'up')
#11 C:\\xampp\\htdocs\\LARAVEL\\API-CRUD-APP\\vendor\\laravel\\framework\\src\\Illuminate\\Database\\Migrations\\Migrator.php(415): Illuminate\\Database\\Migrations\\Migrator->Illuminate\\Database\\Migrations\\{closure}()
#12 C:\\xampp\\htdocs\\LARAVEL\\API-CRUD-APP\\vendor\\laravel\\framework\\src\\Illuminate\\Database\\Migrations\\Migrator.php(216): Illuminate\\Database\\Migrations\\Migrator->runMigration(Object(Illuminate\\Database\\Migrations\\Migration@anonymous), 'up')
#13 C:\\xampp\\htdocs\\LARAVEL\\API-CRUD-APP\\vendor\\laravel\\framework\\src\\Illuminate\\Console\\View\\Components\\Task.php(37): Illuminate\\Database\\Migrations\\Migrator->Illuminate\\Database\\Migrations\\{closure}()
#14 C:\\xampp\\htdocs\\LARAVEL\\API-CRUD-APP\\vendor\\laravel\\framework\\src\\Illuminate\\Database\\Migrations\\Migrator.php(751): Illuminate\\Console\\View\\Components\\Task->render('2024_10_04_0628...', Object(Closure))
#15 C:\\xampp\\htdocs\\LARAVEL\\API-CRUD-APP\\vendor\\laravel\\framework\\src\\Illuminate\\Database\\Migrations\\Migrator.php(216): Illuminate\\Database\\Migrations\\Migrator->write('Illuminate\\\\Cons...', '2024_10_04_0628...', Object(Closure))
#16 C:\\xampp\\htdocs\\LARAVEL\\API-CRUD-APP\\vendor\\laravel\\framework\\src\\Illuminate\\Database\\Migrations\\Migrator.php(181): Illuminate\\Database\\Migrations\\Migrator->runUp('C:\\\\xampp\\\\htdocs...', 2, false)
#17 C:\\xampp\\htdocs\\LARAVEL\\API-CRUD-APP\\vendor\\laravel\\framework\\src\\Illuminate\\Database\\Migrations\\Migrator.php(124): Illuminate\\Database\\Migrations\\Migrator->runPending(Array, Array)
#18 C:\\xampp\\htdocs\\LARAVEL\\API-CRUD-APP\\vendor\\laravel\\framework\\src\\Illuminate\\Database\\Console\\Migrations\\MigrateCommand.php(90): Illuminate\\Database\\Migrations\\Migrator->run(Array, Array)
#19 C:\\xampp\\htdocs\\LARAVEL\\API-CRUD-APP\\vendor\\laravel\\framework\\src\\Illuminate\\Database\\Migrations\\Migrator.php(628): Illuminate\\Database\\Console\\Migrations\\MigrateCommand->Illuminate\\Database\\Console\\Migrations\\{closure}()
#20 C:\\xampp\\htdocs\\LARAVEL\\API-CRUD-APP\\vendor\\laravel\\framework\\src\\Illuminate\\Database\\Console\\Migrations\\MigrateCommand.php(102): Illuminate\\Database\\Migrations\\Migrator->usingConnection(NULL, Object(Closure))
#21 C:\\xampp\\htdocs\\LARAVEL\\API-CRUD-APP\\vendor\\laravel\\framework\\src\\Illuminate\\Container\\BoundMethod.php(36): Illuminate\\Database\\Console\\Migrations\\MigrateCommand->handle()
#22 C:\\xampp\\htdocs\\LARAVEL\\API-CRUD-APP\\vendor\\laravel\\framework\\src\\Illuminate\\Container\\Util.php(41): Illuminate\\Container\\BoundMethod::Illuminate\\Container\\{closure}()
#23 C:\\xampp\\htdocs\\LARAVEL\\API-CRUD-APP\\vendor\\laravel\\framework\\src\\Illuminate\\Container\\BoundMethod.php(93): Illuminate\\Container\\Util::unwrapIfClosure(Object(Closure))
#24 C:\\xampp\\htdocs\\LARAVEL\\API-CRUD-APP\\vendor\\laravel\\framework\\src\\Illuminate\\Container\\BoundMethod.php(37): Illuminate\\Container\\BoundMethod::callBoundMethod(Object(Illuminate\\Foundation\\Application), Array, Object(Closure))
#25 C:\\xampp\\htdocs\\LARAVEL\\API-CRUD-APP\\vendor\\laravel\\framework\\src\\Illuminate\\Container\\Container.php(661): Illuminate\\Container\\BoundMethod::call(Object(Illuminate\\Foundation\\Application), Array, Array, NULL)
#26 C:\\xampp\\htdocs\\LARAVEL\\API-CRUD-APP\\vendor\\laravel\\framework\\src\\Illuminate\\Console\\Command.php(183): Illuminate\\Container\\Container->call(Array)
#27 C:\\xampp\\htdocs\\LARAVEL\\API-CRUD-APP\\vendor\\symfony\\console\\Command\\Command.php(291): Illuminate\\Console\\Command->execute(Object(Symfony\\Component\\Console\\Input\\ArgvInput), Object(Illuminate\\Console\\OutputStyle))
#28 C:\\xampp\\htdocs\\LARAVEL\\API-CRUD-APP\\vendor\\laravel\\framework\\src\\Illuminate\\Console\\Command.php(153): Symfony\\Component\\Console\\Command\\Command->run(Object(Symfony\\Component\\Console\\Input\\ArgvInput), Object(Illuminate\\Console\\OutputStyle))
#29 C:\\xampp\\htdocs\\LARAVEL\\API-CRUD-APP\\vendor\\symfony\\console\\Application.php(1014): Illuminate\\Console\\Command->run(Object(Symfony\\Component\\Console\\Input\\ArgvInput), Object(Symfony\\Component\\Console\\Output\\ConsoleOutput))
#30 C:\\xampp\\htdocs\\LARAVEL\\API-CRUD-APP\\vendor\\symfony\\console\\Application.php(301): Symfony\\Component\\Console\\Application->doRunCommand(Object(Illuminate\\Database\\Console\\Migrations\\MigrateCommand), Object(Symfony\\Component\\Console\\Input\\ArgvInput), Object(Symfony\\Component\\Console\\Output\\ConsoleOutput))
#31 C:\\xampp\\htdocs\\LARAVEL\\API-CRUD-APP\\vendor\\symfony\\console\\Application.php(171): Symfony\\Component\\Console\\Application->doRun(Object(Symfony\\Component\\Console\\Input\\ArgvInput), Object(Symfony\\Component\\Console\\Output\\ConsoleOutput))
#32 C:\\xampp\\htdocs\\LARAVEL\\API-CRUD-APP\\vendor\\laravel\\framework\\src\\Illuminate\\Console\\Application.php(102): Symfony\\Component\\Console\\Application->run(Object(Symfony\\Component\\Console\\Input\\ArgvInput), Object(Symfony\\Component\\Console\\Output\\ConsoleOutput))
#33 C:\\xampp\\htdocs\\LARAVEL\\API-CRUD-APP\\vendor\\laravel\\framework\\src\\Illuminate\\Foundation\\Console\\Kernel.php(155): Illuminate\\Console\\Application->run(Object(Symfony\\Component\\Console\\Input\\ArgvInput), Object(Symfony\\Component\\Console\\Output\\ConsoleOutput))
#34 C:\\xampp\\htdocs\\LARAVEL\\API-CRUD-APP\\artisan(37): Illuminate\\Foundation\\Console\\Kernel->handle(Object(Symfony\\Component\\Console\\Input\\ArgvInput), Object(Symfony\\Component\\Console\\Output\\ConsoleOutput))
#35 {main}
"} 
[2024-10-04 06:31:37] local.ERROR: Route [login] not defined. {"exception":"[object] (Symfony\\Component\\Routing\\Exception\\RouteNotFoundException(code: 0): Route [login] not defined. at C:\\xampp\\htdocs\\LARAVEL\\API-CRUD-APP\\vendor\\laravel\\framework\\src\\Illuminate\\Routing\\UrlGenerator.php:467)
[stacktrace]
#0 C:\\xampp\\htdocs\\LARAVEL\\API-CRUD-APP\\vendor\\laravel\\framework\\src\\Illuminate\\Foundation\\helpers.php(826): Illuminate\\Routing\\UrlGenerator->route('login', Array, true)
#1 C:\\xampp\\htdocs\\LARAVEL\\API-CRUD-APP\\app\\Http\\Middleware\\Authenticate.php(18): route('login')
#2 C:\\xampp\\htdocs\\LARAVEL\\API-CRUD-APP\\vendor\\laravel\\framework\\src\\Illuminate\\Auth\\Middleware\\Authenticate.php(83): App\\Http\\Middleware\\Authenticate->redirectTo(Object(Illuminate\\Http\\Request))
#3 C:\\xampp\\htdocs\\LARAVEL\\API-CRUD-APP\\vendor\\laravel\\framework\\src\\Illuminate\\Auth\\Middleware\\Authenticate.php(68): Illuminate\\Auth\\Middleware\\Authenticate->unauthenticated(Object(Illuminate\\Http\\Request), Array)
#4 C:\\xampp\\htdocs\\LARAVEL\\API-CRUD-APP\\vendor\\laravel\\framework\\src\\Illuminate\\Auth\\Middleware\\Authenticate.php(42): Illuminate\\Auth\\Middleware\\Authenticate->authenticate(Object(Illuminate\\Http\\Request), Array)
#5 C:\\xampp\\htdocs\\LARAVEL\\API-CRUD-APP\\vendor\\laravel\\framework\\src\\Illuminate\\Pipeline\\Pipeline.php(180): Illuminate\\Auth\\Middleware\\Authenticate->handle(Object(Illuminate\\Http\\Request), Object(Closure), 'sanctum')
#6 C:\\xampp\\htdocs\\LARAVEL\\API-CRUD-APP\\vendor\\laravel\\framework\\src\\Illuminate\\Pipeline\\Pipeline.php(116): Illuminate\\Pipeline\\Pipeline->Illuminate\\Pipeline\\{closure}(Object(Illuminate\\Http\\Request))
#7 C:\\xampp\\htdocs\\LARAVEL\\API-CRUD-APP\\vendor\\laravel\\framework\\src\\Illuminate\\Routing\\Router.php(799): Illuminate\\Pipeline\\Pipeline->then(Object(Closure))
#8 C:\\xampp\\htdocs\\LARAVEL\\API-CRUD-APP\\vendor\\laravel\\framework\\src\\Illuminate\\Routing\\Router.php(776): Illuminate\\Routing\\Router->runRouteWithinStack(Object(Illuminate\\Routing\\Route), Object(Illuminate\\Http\\Request))
#9 C:\\xampp\\htdocs\\LARAVEL\\API-CRUD-APP\\vendor\\laravel\\framework\\src\\Illuminate\\Routing\\Router.php(740): Illuminate\\Routing\\Router->runRoute(Object(Illuminate\\Http\\Request), Object(Illuminate\\Routing\\Route))
#10 C:\\xampp\\htdocs\\LARAVEL\\API-CRUD-APP\\vendor\\laravel\\framework\\src\\Illuminate\\Routing\\Router.php(729): Illuminate\\Routing\\Router->dispatchToRoute(Object(Illuminate\\Http\\Request))
#11 C:\\xampp\\htdocs\\LARAVEL\\API-CRUD-APP\\vendor\\laravel\\framework\\src\\Illuminate\\Foundation\\Http\\Kernel.php(190): Illuminate\\Routing\\Router->dispatch(Object(Illuminate\\Http\\Request))
#12 C:\\xampp\\htdocs\\LARAVEL\\API-CRUD-APP\\vendor\\laravel\\framework\\src\\Illuminate\\Pipeline\\Pipeline.php(141): Illuminate\\Foundation\\Http\\Kernel->Illuminate\\Foundation\\Http\\{closure}(Object(Illuminate\\Http\\Request))
#13 C:\\xampp\\htdocs\\LARAVEL\\API-CRUD-APP\\vendor\\laravel\\framework\\src\\Illuminate\\Foundation\\Http\\Middleware\\TransformsRequest.php(21): Illuminate\\Pipeline\\Pipeline->Illuminate\\Pipeline\\{closure}(Object(Illuminate\\Http\\Request))
#14 C:\\xampp\\htdocs\\LARAVEL\\API-CRUD-APP\\vendor\\laravel\\framework\\src\\Illuminate\\Foundation\\Http\\Middleware\\ConvertEmptyStringsToNull.php(31): Illuminate\\Foundation\\Http\\Middleware\\TransformsRequest->handle(Object(Illuminate\\Http\\Request), Object(Closure))
#15 C:\\xampp\\htdocs\\LARAVEL\\API-CRUD-APP\\vendor\\laravel\\framework\\src\\Illuminate\\Pipeline\\Pipeline.php(180): Illuminate\\Foundation\\Http\\Middleware\\ConvertEmptyStringsToNull->handle(Object(Illuminate\\Http\\Request), Object(Closure))
#16 C:\\xampp\\htdocs\\LARAVEL\\API-CRUD-APP\\vendor\\laravel\\framework\\src\\Illuminate\\Foundation\\Http\\Middleware\\TransformsRequest.php(21): Illuminate\\Pipeline\\Pipeline->Illuminate\\Pipeline\\{closure}(Object(Illuminate\\Http\\Request))
#17 C:\\xampp\\htdocs\\LARAVEL\\API-CRUD-APP\\vendor\\laravel\\framework\\src\\Illuminate\\Foundation\\Http\\Middleware\\TrimStrings.php(40): Illuminate\\Foundation\\Http\\Middleware\\TransformsRequest->handle(Object(Illuminate\\Http\\Request), Object(Closure))
#18 C:\\xampp\\htdocs\\LARAVEL\\API-CRUD-APP\\vendor\\laravel\\framework\\src\\Illuminate\\Pipeline\\Pipeline.php(180): Illuminate\\Foundation\\Http\\Middleware\\TrimStrings->handle(Object(Illuminate\\Http\\Request), Object(Closure))
#19 C:\\xampp\\htdocs\\LARAVEL\\API-CRUD-APP\\vendor\\laravel\\framework\\src\\Illuminate\\Foundation\\Http\\Middleware\\ValidatePostSize.php(27): Illuminate\\Pipeline\\Pipeline->Illuminate\\Pipeline\\{closure}(Object(Illuminate\\Http\\Request))
#20 C:\\xampp\\htdocs\\LARAVEL\\API-CRUD-APP\\vendor\\laravel\\framework\\src\\Illuminate\\Pipeline\\Pipeline.php(180): Illuminate\\Foundation\\Http\\Middleware\\ValidatePostSize->handle(Object(Illuminate\\Http\\Request), Object(Closure))
#21 C:\\xampp\\htdocs\\LARAVEL\\API-CRUD-APP\\vendor\\laravel\\framework\\src\\Illuminate\\Foundation\\Http\\Middleware\\PreventRequestsDuringMaintenance.php(86): Illuminate\\Pipeline\\Pipeline->Illuminate\\Pipeline\\{closure}(Object(Illuminate\\Http\\Request))
#22 C:\\xampp\\htdocs\\LARAVEL\\API-CRUD-APP\\vendor\\laravel\\framework\\src\\Illuminate\\Pipeline\\Pipeline.php(180): Illuminate\\Foundation\\Http\\Middleware\\PreventRequestsDuringMaintenance->handle(Object(Illuminate\\Http\\Request), Object(Closure))
#23 C:\\xampp\\htdocs\\LARAVEL\\API-CRUD-APP\\vendor\\laravel\\framework\\src\\Illuminate\\Http\\Middleware\\HandleCors.php(62): Illuminate\\Pipeline\\Pipeline->Illuminate\\Pipeline\\{closure}(Object(Illuminate\\Http\\Request))
#24 C:\\xampp\\htdocs\\LARAVEL\\API-CRUD-APP\\vendor\\laravel\\framework\\src\\Illuminate\\Pipeline\\Pipeline.php(180): Illuminate\\Http\\Middleware\\HandleCors->handle(Object(Illuminate\\Http\\Request), Object(Closure))
#25 C:\\xampp\\htdocs\\LARAVEL\\API-CRUD-APP\\vendor\\laravel\\framework\\src\\Illuminate\\Http\\Middleware\\TrustProxies.php(39): Illuminate\\Pipeline\\Pipeline->Illuminate\\Pipeline\\{closure}(Object(Illuminate\\Http\\Request))
#26 C:\\xampp\\htdocs\\LARAVEL\\API-CRUD-APP\\vendor\\laravel\\framework\\src\\Illuminate\\Pipeline\\Pipeline.php(180): Illuminate\\Http\\Middleware\\TrustProxies->handle(Object(Illuminate\\Http\\Request), Object(Closure))
#27 C:\\xampp\\htdocs\\LARAVEL\\API-CRUD-APP\\vendor\\laravel\\framework\\src\\Illuminate\\Pipeline\\Pipeline.php(116): Illuminate\\Pipeline\\Pipeline->Illuminate\\Pipeline\\{closure}(Object(Illuminate\\Http\\Request))
#28 C:\\xampp\\htdocs\\LARAVEL\\API-CRUD-APP\\vendor\\laravel\\framework\\src\\Illuminate\\Foundation\\Http\\Kernel.php(165): Illuminate\\Pipeline\\Pipeline->then(Object(Closure))
#29 C:\\xampp\\htdocs\\LARAVEL\\API-CRUD-APP\\vendor\\laravel\\framework\\src\\Illuminate\\Foundation\\Http\\Kernel.php(134): Illuminate\\Foundation\\Http\\Kernel->sendRequestThroughRouter(Object(Illuminate\\Http\\Request))
#30 C:\\xampp\\htdocs\\LARAVEL\\API-CRUD-APP\\public\\index.php(52): Illuminate\\Foundation\\Http\\Kernel->handle(Object(Illuminate\\Http\\Request))
#31 C:\\xampp\\htdocs\\LARAVEL\\API-CRUD-APP\\vendor\\laravel\\framework\\src\\Illuminate\\Foundation\\resources\\server.php(16): require_once('C:\\\\xampp\\\\htdocs...')
#32 {main}
"} 
